Temperature,Humidity,Light,CO2,HumidityRatio,Temperature_lag30,Humidity_lag30,Light_lag30,CO2_lag30,HumidityRatio_lag30,hour_of_day,dow_0,dow_1,dow_2,dow_3,dow_4,dow_5,dow_6,Occupancy
20.29,31.5,0.0,709.0,0.0046384855414709,20.29,31.79,0.0,697.0,0.004681510469066,21,False,False,False,False,False,False,True,0
20.29,31.5,0.0,706.5,0.0046384855414709,20.39,31.79,0.0,698.5,0.0047107429526361,21,False,False,False,False,False,False,True,0
20.29,31.5,0.0,706.333333333333,0.0046384855414709,20.39,31.79,0.0,699.0,0.0047107429526361,21,False,False,False,False,False,False,True,0
20.29,31.39,0.0,713.0,0.0046221672867411,20.39,31.79,0.0,700.0,0.0047107429526361,21,False,False,False,False,False,False,True,0
20.29,31.445,0.0,707.5,0.0046303263078689,20.39,31.79,0.0,695.0,0.0047107429526361,21,False,False,False,False,False,False,True,0
20.3233333333333,31.39,0.0,710.666666666667,0.0046317693866342,20.34,31.79,0.0,701.0,0.0046961066144825,21,False,False,False,False,False,False,True,0
20.3233333333333,31.39,0.0,711.666666666667,0.0046317693866342,20.34,31.79,0.0,698.5,0.0046961066144825,21,False,False,False,False,False,False,True,0
20.39,31.34,0.0,717.0,0.004643562706463,20.39,31.79,0.0,699.0,0.0047107429526361,21,False,False,False,False,False,False,True,0
20.34,31.29,0.0,713.5,0.0046216964151813,20.39,31.79,0.0,699.0,0.0047107429526361,21,False,False,False,False,False,False,True,0
20.34,31.29,0.0,713.0,0.0046216964151813,20.3566666666667,31.79,0.0,702.0,0.0047009809232749,21,False,False,False,False,False,False,True,0
20.29,31.2,0.0,713.5,0.0045939832120956,20.39,31.7,0.0,703.0,0.004697305751081,21,False,False,False,False,False,False,True,0
20.29,31.29,0.0,715.5,0.0046073332472003,20.29,31.745,0.0,700.0,0.0046748337999391,21,False,False,False,False,False,False,True,0
20.29,31.29,0.0,713.0,0.0046073332472003,20.3233333333333,31.7,0.0,701.0,0.0046778556258855,21,False,False,False,False,False,False,True,0
20.29,31.2225,0.0,714.0,0.0045973206675416,20.39,31.7,0.0,708.5,0.004697305751081,22,False,False,False,False,False,False,True,0
20.39,31.29,0.0,714.0,0.0046360991237153,20.39,31.7,0.0,706.0,0.004697305751081,22,False,False,False,False,False,False,True,0
20.29,31.29,0.0,718.5,0.0046073332472003,20.34,31.7,0.0,708.5,0.0046827114744311,22,False,False,False,False,False,False,True,0
20.29,31.245,0.0,719.5,0.0046006581585407,20.39,31.7,0.0,707.0,0.004697305751081,22,False,False,False,False,False,False,True,0
20.29,31.29,0.0,720.0,0.0046073332472003,20.34,31.65,0.0,706.5,0.0046752699773842,22,False,False,False,False,False,False,True,0
20.29,31.2,0.0,715.5,0.0045939832120956,20.29,31.6,0.0,700.5,0.0046533210560385,22,False,False,False,False,False,False,True,0
20.29,31.2,0.0,715.0,0.0045939832120956,20.39,31.6,0.0,712.0,0.0046823762029163,22,False,False,False,False,False,False,True,0
20.29,31.2,0.0,717.0,0.0045939832120956,20.3566666666667,31.6,0.0,710.0,0.004672673395997,22,False,False,False,False,False,False,True,0
20.29,31.1,0.0,720.0,0.0045791505069134,20.39,31.6,0.0,705.0,0.0046823762029163,22,False,False,False,False,False,False,True,0
20.29,31.2,0.0,721.0,0.0045939832120956,20.39,31.6,0.0,709.5,0.0046823762029163,22,False,False,False,False,False,False,True,0
20.29,31.2,0.0,722.0,0.0045939832120956,20.3566666666667,31.5666666666667,0.0,704.0,0.0046677074268139,22,False,False,False,False,False,False,True,0
20.29,31.2,0.0,721.0,0.0045939832120956,20.29,31.6,0.0,708.5,0.0046533210560385,22,False,False,False,False,False,False,True,0
20.29,31.2,0.0,715.5,0.0045939832120956,20.29,31.55,0.0,710.5,0.004645903210949,22,False,False,False,False,False,False,True,0
20.29,31.1333333333333,0.0,718.0,0.004584094663947,20.29,31.5,0.0,708.5,0.0046384855414709,22,False,False,False,False,False,False,True,0
20.29,31.1,0.0,717.666666666667,0.0045791505069134,20.34,31.5,0.0,707.5,0.0046529465465676,22,False,False,False,False,False,False,True,0
20.29,31.0,0.0,722.0,0.0045643185039529,20.34,31.5,0.0,707.5,0.0046529465465676,22,False,False,False,False,False,False,True,0
20.29,31.1,0.0,722.5,0.0045791505069134,20.29,31.5,0.0,706.0,0.0046384855414709,22,False,False,False,False,False,False,True,0
20.245,31.1,0.0,723.0,0.0045663368261933,20.29,31.5,0.0,709.0,0.0046384855414709,22,False,False,False,False,False,False,True,0
20.29,31.05,0.0,720.5,0.0045717344176585,20.29,31.5,0.0,706.5,0.0046384855414709,22,False,False,False,False,False,False,True,0
20.245,31.05,0.0,721.0,0.0045589416401195,20.29,31.5,0.0,706.333333333333,0.0046384855414709,22,False,False,False,False,False,False,True,0
20.29,31.0,0.0,722.0,0.0045643185039529,20.29,31.39,0.0,713.0,0.0046221672867411,22,False,False,False,False,False,False,True,0
20.29,31.0666666666667,0.0,720.666666666667,0.0045742064279044,20.29,31.445,0.0,707.5,0.0046303263078689,22,False,False,False,False,False,False,True,0
20.29,31.0333333333333,0.0,723.666666666667,0.0045692624269182,20.3233333333333,31.39,0.0,710.666666666667,0.0046317693866342,22,False,False,False,False,False,False,True,0
20.29,31.0,0.0,715.333333333333,0.0045643185039529,20.3233333333333,31.39,0.0,711.666666666667,0.0046317693866342,22,False,False,False,False,False,False,True,0
20.29,31.0,0.0,718.0,0.0045643185039529,20.39,31.34,0.0,717.0,0.004643562706463,22,False,False,False,False,False,False,True,0
20.29,31.0,0.0,715.0,0.0045643185039529,20.34,31.29,0.0,713.5,0.0046216964151813,22,False,False,False,False,False,False,True,0
20.29,31.0,0.0,712.0,0.0045643185039529,20.34,31.29,0.0,713.0,0.0046216964151813,22,False,False,False,False,False,False,True,0
20.29,31.0,0.0,718.0,0.0045643185039529,20.29,31.2,0.0,713.5,0.0045939832120956,22,False,False,False,False,False,False,True,0
20.29,31.0,0.0,718.5,0.0045643185039529,20.29,31.29,0.0,715.5,0.0046073332472003,22,False,False,False,False,False,False,True,0
20.29,31.0,0.0,719.333333333333,0.0045643185039529,20.29,31.29,0.0,713.0,0.0046073332472003,22,False,False,False,False,False,False,True,0
20.29,31.0,0.0,716.0,0.0045643185039529,20.29,31.2225,0.0,714.0,0.0045973206675416,22,False,False,False,False,False,False,True,0
20.29,30.89,0.0,717.5,0.0045480041117028,20.39,31.29,0.0,714.0,0.0046360991237153,22,False,False,False,False,False,False,True,0
20.245,30.84,0.0,728.0,0.0045278837647821,20.29,31.29,0.0,718.5,0.0046073332472003,22,False,False,False,False,False,False,True,0
20.245,30.84,0.0,728.0,0.0045278837647821,20.29,31.245,0.0,719.5,0.0046006581585407,22,False,False,False,False,False,False,True,0
20.245,30.84,0.0,728.0,0.0045278837647821,20.29,31.29,0.0,720.0,0.0046073332472003,22,False,False,False,False,False,False,True,0
20.29,30.89,0.0,727.0,0.0045480041117028,20.29,31.2,0.0,715.5,0.0045939832120956,22,False,False,False,False,False,False,True,0
20.29,30.84,0.0,723.0,0.0045405887597126,20.29,31.2,0.0,715.0,0.0045939832120956,22,False,False,False,False,False,False,True,0
20.26,30.8566666666667,0.0,724.666666666667,0.0045345823881097,20.29,31.2,0.0,717.0,0.0045939832120956,22,False,False,False,False,False,False,True,0
20.29,30.89,0.0,717.0,0.0045480041117028,20.29,31.1,0.0,720.0,0.0045791505069134,22,False,False,False,False,False,False,True,0
20.29,30.89,0.0,713.0,0.0045480041117028,20.29,31.2,0.0,721.0,0.0045939832120956,22,False,False,False,False,False,False,True,0
20.29,30.79,0.0,709.5,0.0045331735832454,20.29,31.2,0.0,722.0,0.0045939832120956,22,False,False,False,False,False,False,True,0
20.23,30.6633333333333,0.0,715.333333333333,0.0044975546511976,20.29,31.2,0.0,721.0,0.0045939832120956,22,False,False,False,False,False,False,True,0
20.26,30.76,0.0,717.666666666667,0.0045202733719162,20.29,31.2,0.0,715.5,0.0045939832120956,22,False,False,False,False,False,False,True,0
20.29,30.695,0.0,720.5,0.0045190852315014,20.29,31.1333333333333,0.0,718.0,0.004584094663947,22,False,False,False,False,False,False,True,0
20.245,30.65,0.0,714.5,0.0044997864353329,20.29,31.1,0.0,717.666666666667,0.0045791505069134,22,False,False,False,False,False,False,True,0
20.2,30.65,0.0,715.5,0.0044871920587108,20.29,31.0,0.0,722.0,0.0045643185039529,22,False,False,False,False,False,False,True,0
20.245,30.65,0.0,715.0,0.0044997864353329,20.29,31.1,0.0,722.5,0.0045791505069134,22,False,False,False,False,False,False,True,0
20.29,30.7,0.0,713.0,0.0045198267079026,20.245,31.1,0.0,723.0,0.0045663368261933,22,False,False,False,False,False,False,True,0
20.29,30.7,0.0,713.0,0.0045198267079026,20.29,31.05,0.0,720.5,0.0045717344176585,22,False,False,False,False,False,False,True,0
20.245,30.65,0.0,714.5,0.0044997864353329,20.245,31.05,0.0,721.0,0.0045589416401195,22,False,False,False,False,False,False,True,0
20.2,30.6,0.0,715.5,0.0044798192853332,20.29,31.0,0.0,722.0,0.0045643185039529,22,False,False,False,False,False,False,True,0
20.26,30.6666666666667,0.0,724.333333333333,0.0045064583902316,20.29,31.0666666666667,0.0,720.666666666667,0.0045742064279044,22,False,False,False,False,False,False,True,0
20.29,30.6,0.0,723.0,0.0045049975133301,20.29,31.0333333333333,0.0,723.666666666667,0.0045692624269182,22,False,False,False,False,False,False,True,0
20.29,30.6,0.0,721.333333333333,0.0045049975133301,20.29,31.0,0.0,715.333333333333,0.0045643185039529,22,False,False,False,False,False,False,True,0
20.29,30.55,0.0,721.0,0.0044975831792866,20.29,31.0,0.0,718.0,0.0045643185039529,22,False,False,False,False,False,False,True,0
20.29,30.5,0.0,721.0,0.00449016902073,20.29,31.0,0.0,715.0,0.0045643185039529,22,False,False,False,False,False,False,True,0
20.29,30.55,0.0,717.5,0.0044975831792866,20.29,31.0,0.0,712.0,0.0045643185039529,22,False,False,False,False,False,False,True,0
20.29,30.5,0.0,717.0,0.00449016902073,20.29,31.0,0.0,718.0,0.0045643185039529,22,False,False,False,False,False,False,True,0
20.29,30.5333333333333,0.0,725.0,0.0044951117736029,20.29,31.0,0.0,718.5,0.0045643185039529,22,False,False,False,False,False,False,True,0
20.2,30.39,0.0,724.5,0.0044488555320232,20.29,31.0,0.0,719.333333333333,0.0045643185039529,22,False,False,False,False,False,False,True,0
20.2,30.39,0.0,727.5,0.0044488555320232,20.29,31.0,0.0,716.0,0.0045643185039529,22,False,False,False,False,False,False,True,0
20.2,30.34,0.0,728.0,0.0044414836609345,20.29,30.89,0.0,717.5,0.0045480041117028,23,False,False,False,False,False,False,True,0
20.29,30.5,0.0,734.5,0.00449016902073,20.245,30.84,0.0,728.0,0.0045278837647821,23,False,False,False,False,False,False,True,0
20.2,30.39,0.0,727.0,0.0044488555320232,20.245,30.84,0.0,728.0,0.0045278837647821,23,False,False,False,False,False,False,True,0
20.26,30.43,0.0,730.333333333333,0.0044714302747979,20.245,30.84,0.0,728.0,0.0045278837647821,23,False,False,False,False,False,False,True,0
20.245,30.445,0.0,730.5,0.0044694737219262,20.29,30.89,0.0,727.0,0.0045480041117028,23,False,False,False,False,False,False,True,0
20.29,30.4266666666667,0.0,727.333333333333,0.0044792952389369,20.29,30.84,0.0,723.0,0.0045405887597126,23,False,False,False,False,False,False,True,0
20.29,30.34,0.0,725.5,0.004466444892548,20.26,30.8566666666667,0.0,724.666666666667,0.0045345823881097,23,False,False,False,False,False,False,True,0
20.29,30.34,0.0,731.0,0.004466444892548,20.29,30.89,0.0,717.0,0.0045480041117028,23,False,False,False,False,False,False,True,0
20.245,30.245,0.0,727.5,0.0044399031697303,20.29,30.89,0.0,713.0,0.0045480041117028,23,False,False,False,False,False,False,True,0
20.29,30.245,0.0,728.0,0.0044523595415601,20.29,30.79,0.0,709.5,0.0045331735832454,23,False,False,False,False,False,False,True,0
20.2,30.29,0.0,730.0,0.0044341119633439,20.23,30.6633333333333,0.0,715.333333333333,0.0044975546511976,23,False,False,False,False,False,False,True,0
20.2675,30.34,0.0,731.0,0.0044601929984074,20.26,30.76,0.0,717.666666666667,0.0045202733719162,23,False,False,False,False,False,False,True,0
20.29,30.3566666666667,0.0,729.666666666667,0.0044689160720656,20.29,30.695,0.0,720.5,0.0045190852315014,23,False,False,False,False,False,False,True,0
20.245,30.245,0.0,730.5,0.0044399031697303,20.245,30.65,0.0,714.5,0.0044997864353329,23,False,False,False,False,False,False,True,0
20.2,30.1,0.0,731.0,0.0044061010946944,20.2,30.65,0.0,715.5,0.0044871920587108,23,False,False,False,False,False,False,True,0
20.245,30.1975,0.0,731.0,0.0044328805738096,20.245,30.65,0.0,715.0,0.0044997864353329,23,False,False,False,False,False,False,True,0
20.245,30.05,0.0,734.0,0.0044110745689768,20.29,30.7,0.0,713.0,0.0045198267079026,23,False,False,False,False,False,False,True,0
20.29,30.2,0.0,733.333333333333,0.0044456877542656,20.29,30.7,0.0,713.0,0.0045198267079026,23,False,False,False,False,False,False,True,0
20.245,30.15,0.0,733.5,0.0044258581353382,20.245,30.65,0.0,714.5,0.0044997864353329,23,False,False,False,False,False,False,True,0
20.29,30.2,0.0,732.0,0.0044456877542656,20.2,30.6,0.0,715.5,0.0044798192853332,23,False,False,False,False,False,False,True,0
20.29,30.15,0.0,731.0,0.0044382748239426,20.26,30.6666666666667,0.0,724.333333333333,0.0045064583902316,23,False,False,False,False,False,False,True,0
20.29,30.1,0.0,728.0,0.0044308620690566,20.29,30.6,0.0,723.0,0.0045049975133301,23,False,False,False,False,False,False,True,0
20.245,30.0,0.0,734.5,0.0044036830474607,20.29,30.6,0.0,721.333333333333,0.0045049975133301,23,False,False,False,False,False,False,True,0
20.2,30.0666666666667,0.0,731.5,0.0044011871654972,20.29,30.55,0.0,721.0,0.0044975831792866,23,False,False,False,False,False,False,True,0
20.29,30.1,0.0,730.5,0.0044308620690566,20.29,30.5,0.0,721.0,0.00449016902073,23,False,False,False,False,False,False,True,0
20.29,30.05,0.0,725.0,0.0044234494896014,20.29,30.55,0.0,717.5,0.0044975831792866,23,False,False,False,False,False,False,True,0
20.245,29.84,0.0,723.5,0.0043800313507805,20.29,30.5,0.0,717.0,0.00449016902073,23,False,False,False,False,False,False,True,0
20.245,30.0,0.0,732.5,0.0044036830474607,20.29,30.5333333333333,0.0,725.0,0.0044951117736029,23,False,False,False,False,False,False,True,0
20.29,30.05,0.0,732.0,0.0044234494896014,20.2,30.39,0.0,724.5,0.0044488555320232,23,False,False,False,False,False,False,True,0
20.2,30.0,0.0,721.0,0.0043913595383871,20.2,30.39,0.0,727.5,0.0044488555320232,23,False,False,False,False,False,False,True,0
20.23,30.0,0.0,723.5,0.0043995718222162,20.2,30.34,0.0,728.0,0.0044414836609345,23,False,False,False,False,False,False,True,0
20.245,30.0,0.0,730.0,0.0044036830474607,20.29,30.5,0.0,734.5,0.00449016902073,23,False,False,False,False,False,False,True,0
20.2,29.89,0.0,727.5,0.004375144627816,20.2,30.39,0.0,727.0,0.0044488555320232,23,False,False,False,False,False,False,True,0
20.2675,29.89,0.0,727.5,0.0043935725583594,20.26,30.43,0.0,730.333333333333,0.0044714302747979,23,False,False,False,False,False,False,True,0
20.29,29.89,0.0,733.0,0.0043997304141673,20.245,30.445,0.0,730.5,0.0044694737219262,23,False,False,False,False,False,False,True,0
20.29,29.89,0.0,729.5,0.0043997304141673,20.29,30.4266666666667,0.0,727.333333333333,0.0044792952389369,23,False,False,False,False,False,False,True,0
20.29,29.89,0.0,731.0,0.0043997304141673,20.29,30.34,0.0,725.5,0.004466444892548,23,False,False,False,False,False,False,True,0
20.29,29.89,0.0,733.0,0.0043997304141673,20.29,30.34,0.0,731.0,0.004466444892548,23,False,False,False,False,False,False,True,0
20.29,29.8233333333333,0.0,733.333333333333,0.0043898479961933,20.245,30.245,0.0,727.5,0.0044399031697303,23,False,False,False,False,False,False,True,0
20.29,29.745,0.0,731.0,0.0043782365535148,20.29,30.245,0.0,728.0,0.0044523595415601,23,False,False,False,False,False,False,True,0
20.29,29.745,0.0,733.0,0.0043782365535148,20.2,30.29,0.0,730.0,0.0044341119633439,23,False,False,False,False,False,False,True,0
20.2,29.7,0.0,730.5,0.0043471390322242,20.2675,30.34,0.0,731.0,0.0044601929984074,23,False,False,False,False,False,False,True,0
20.245,29.745,0.0,733.5,0.0043659890009305,20.29,30.3566666666667,0.0,729.666666666667,0.0044689160720656,23,False,False,False,False,False,False,True,0
20.26,29.6666666666667,0.0,733.0,0.0043584789538356,20.245,30.245,0.0,730.5,0.0044399031697303,23,False,False,False,False,False,False,True,0
20.29,29.7,0.0,733.0,0.0043715663449546,20.2,30.1,0.0,731.0,0.0044061010946944,23,False,False,False,False,False,False,True,0
20.245,29.695,0.0,729.0,0.0043585985433706,20.245,30.1975,0.0,731.0,0.0044328805738096,23,False,False,False,False,False,False,True,0
20.26,29.6333333333333,0.0,727.0,0.0043535475098628,20.245,30.05,0.0,734.0,0.0044110745689768,23,False,False,False,False,False,False,True,0
20.29,29.7,0.0,730.0,0.0043715663449546,20.29,30.2,0.0,733.333333333333,0.0044456877542656,23,False,False,False,False,False,False,True,0
20.26,29.6666666666667,0.0,723.333333333333,0.0043584789538356,20.245,30.15,0.0,733.5,0.0044258581353382,23,False,False,False,False,False,False,True,0
20.29,29.7,0.0,723.0,0.0043715663449546,20.29,30.2,0.0,732.0,0.0044456877542656,23,False,False,False,False,False,False,True,0
20.245,29.6,0.0,726.5,0.0043445571544658,20.29,30.15,0.0,731.0,0.0044382748239426,23,False,False,False,False,False,False,True,0
20.245,29.55,0.0,727.5,0.0043371672026407,20.29,30.1,0.0,728.0,0.0044308620690566,23,False,False,False,False,False,False,True,0
20.245,29.65,0.0,729.5,0.0043519472806764,20.245,30.0,0.0,734.5,0.0044036830474607,23,False,False,False,False,False,False,True,0
20.29,29.6,0.0,733.0,0.0043567441678636,20.2,30.0666666666667,0.0,731.5,0.0044011871654972,23,False,False,False,False,False,False,True,0
20.2,29.6,0.0,728.0,0.0043324002509263,20.29,30.1,0.0,730.5,0.0044308620690566,23,False,False,False,False,False,False,True,0
20.29,29.6,0.0,730.5,0.0043567441678636,20.29,30.05,0.0,725.0,0.0044234494896014,23,False,False,False,False,False,False,True,0
20.2,29.5,0.0,738.0,0.0043176621632584,20.245,29.84,0.0,723.5,0.0043800313507805,23,False,False,False,False,False,False,True,0
20.2,29.4633333333333,0.0,739.0,0.0043122583715633,20.245,30.0,0.0,732.5,0.0044036830474607,23,False,False,False,False,False,False,True,0
20.29,29.5,0.0,738.0,0.0043419226922467,20.29,30.05,0.0,732.0,0.0044234494896014,23,False,False,False,False,False,False,True,0
20.26,29.4633333333333,0.0,735.333333333333,0.0043283983534369,20.2,30.0,0.0,721.0,0.0043913595383871,0,True,False,False,False,False,False,False,0
20.2,29.39,0.0,732.0,0.0043014510679078,20.23,30.0,0.0,723.5,0.0043995718222162,0,True,False,False,False,False,False,False,0
20.29,29.5,0.0,726.5,0.0043419226922467,20.245,30.0,0.0,730.0,0.0044036830474607,0,True,False,False,False,False,False,False,0
20.245,29.445,0.0,734.0,0.0043216488714048,20.2,29.89,0.0,727.5,0.004375144627816,0,True,False,False,False,False,False,False,0
20.29,29.5,0.0,733.0,0.0043419226922467,20.2675,29.89,0.0,727.5,0.0043935725583594,0,True,False,False,False,False,False,False,0
20.29,29.5,0.0,733.0,0.0043419226922467,20.29,29.89,0.0,733.0,0.0043997304141673,0,True,False,False,False,False,False,False,0
20.29,29.5,0.0,731.0,0.0043419226922467,20.29,29.89,0.0,729.5,0.0043997304141673,0,True,False,False,False,False,False,False,0
20.29,29.5,0.0,739.0,0.0043419226922467,20.29,29.89,0.0,731.0,0.0043997304141673,0,True,False,False,False,False,False,False,0
20.26,29.4266666666667,0.0,732.333333333333,0.0043229742903496,20.29,29.89,0.0,733.0,0.0043997304141673,0,True,False,False,False,False,False,False,0
20.29,29.4633333333333,0.0,727.666666666667,0.0043364883269356,20.29,29.8233333333333,0.0,733.333333333333,0.0043898479961933,0,True,False,False,False,False,False,False,0
20.29,29.5,0.0,723.0,0.0043419226922467,20.29,29.745,0.0,731.0,0.0043782365535148,0,True,False,False,False,False,False,False,0
20.29,29.39,0.0,725.5,0.0043256198792113,20.29,29.745,0.0,733.0,0.0043782365535148,0,True,False,False,False,False,False,False,0
20.29,29.39,0.0,727.0,0.0043256198792113,20.2,29.7,0.0,730.5,0.0043471390322242,0,True,False,False,False,False,False,False,0
20.245,29.34,0.0,735.0,0.0043061313091243,20.245,29.745,0.0,733.5,0.0043659890009305,0,True,False,False,False,False,False,False,0
20.245,29.34,0.0,732.5,0.0043061313091243,20.26,29.6666666666667,0.0,733.0,0.0043584789538356,0,True,False,False,False,False,False,False,0
20.29,29.29,0.0,731.0,0.0043107998765281,20.29,29.7,0.0,733.0,0.0043715663449546,0,True,False,False,False,False,False,False,0
20.29,29.29,0.0,732.5,0.0043107998765281,20.245,29.695,0.0,729.0,0.0043585985433706,0,True,False,False,False,False,False,False,0
20.29,29.29,0.0,729.0,0.0043107998765281,20.26,29.6333333333333,0.0,727.0,0.0043535475098628,0,True,False,False,False,False,False,False,0
20.29,29.2,0.0,733.0,0.004297462473743,20.29,29.7,0.0,730.0,0.0043715663449546,0,True,False,False,False,False,False,False,0
20.29,29.2,0.0,729.5,0.004297462473743,20.26,29.6666666666667,0.0,723.333333333333,0.0043584789538356,0,True,False,False,False,False,False,False,0
20.29,29.2,0.0,733.0,0.004297462473743,20.29,29.7,0.0,723.0,0.0043715663449546,0,True,False,False,False,False,False,False,0
20.29,29.2,0.0,734.0,0.004297462473743,20.245,29.6,0.0,726.5,0.0043445571544658,0,True,False,False,False,False,False,False,0
20.29,29.2,0.0,732.0,0.004297462473743,20.245,29.55,0.0,727.5,0.0043371672026407,0,True,False,False,False,False,False,False,0
20.29,29.0,0.0,730.0,0.004267825834532,20.245,29.65,0.0,729.5,0.0043519472806764,0,True,False,False,False,False,False,False,0
20.29,29.2,0.0,734.0,0.004297462473743,20.29,29.6,0.0,733.0,0.0043567441678636,0,True,False,False,False,False,False,False,0
20.245,29.15,0.0,731.0,0.0042780538651733,20.2,29.6,0.0,728.0,0.0043324002509263,0,True,False,False,False,False,False,False,0
20.29,29.175,0.0,732.0,0.0042937577404459,20.29,29.6,0.0,730.5,0.0043567441678636,0,True,False,False,False,False,False,False,0
20.29,29.0,0.0,730.0,0.004267825834532,20.2,29.5,0.0,738.0,0.0043176621632584,0,True,False,False,False,False,False,False,0
20.26,29.1333333333333,0.0,737.666666666667,0.0042795851674656,20.2,29.4633333333333,0.0,739.0,0.0043122583715633,0,True,False,False,False,False,False,False,0
20.2,29.1,0.0,739.0,0.0042587167479069,20.29,29.5,0.0,738.0,0.0043419226922467,0,True,False,False,False,False,False,False,0
20.2675,29.175,0.0,730.0,0.0042877492190815,20.26,29.4633333333333,0.0,735.333333333333,0.0043283983534369,0,True,False,False,False,False,False,False,0
20.26,29.1666666666667,0.0,727.5,0.0042845154468532,20.2,29.39,0.0,732.0,0.0043014510679078,0,True,False,False,False,False,False,False,0
20.29,29.2,0.0,733.5,0.004297462473743,20.29,29.5,0.0,726.5,0.0043419226922467,0,True,False,False,False,False,False,False,0
20.29,29.0,0.0,729.0,0.004267825834532,20.245,29.445,0.0,734.0,0.0043216488714048,0,True,False,False,False,False,False,False,0
20.29,29.1,0.0,711.0,0.0042826438035249,20.29,29.5,0.0,733.0,0.0043419226922467,0,True,False,False,False,False,False,False,0
20.29,29.1,0.0,712.0,0.0042826438035249,20.29,29.5,0.0,733.0,0.0043419226922467,0,True,False,False,False,False,False,False,0
20.245,29.05,0.0,709.0,0.0042632772742286,20.29,29.5,0.0,731.0,0.0043419226922467,0,True,False,False,False,False,False,False,0
20.29,29.0,0.0,698.333333333333,0.004267825834532,20.29,29.5,0.0,739.0,0.0043419226922467,0,True,False,False,False,False,False,False,0
20.29,29.0,0.0,697.0,0.004267825834532,20.26,29.4266666666667,0.0,732.333333333333,0.0043229742903496,0,True,False,False,False,False,False,False,0
20.29,29.0,0.0,711.0,0.004267825834532,20.29,29.4633333333333,0.0,727.666666666667,0.0043364883269356,0,True,False,False,False,False,False,False,0
20.29,29.0,0.0,749.0,0.004267825834532,20.29,29.5,0.0,723.0,0.0043419226922467,0,True,False,False,False,False,False,False,0
20.29,29.0,0.0,758.0,0.004267825834532,20.29,29.39,0.0,725.5,0.0043256198792113,0,True,False,False,False,False,False,False,0
20.29,28.93,0.0,774.0,0.0042574536734393,20.29,29.39,0.0,727.0,0.0043256198792113,0,True,False,False,False,False,False,False,0
20.29,28.89,0.0,778.0,0.0042515268784955,20.245,29.34,0.0,735.0,0.0043061313091243,0,True,False,False,False,False,False,False,0
20.29,28.89,0.0,781.333333333333,0.0042515268784955,20.245,29.34,0.0,732.5,0.0043061313091243,0,True,False,False,False,False,False,False,0
20.29,28.84,0.0,775.0,0.0042441185425675,20.29,29.29,0.0,731.0,0.0043107998765281,0,True,False,False,False,False,False,False,0
20.29,28.79,0.0,775.666666666667,0.0042367103819135,20.29,29.29,0.0,732.5,0.0043107998765281,0,True,False,False,False,False,False,False,0
20.34,28.745,0.0,781.5,0.0042432222044109,20.29,29.29,0.0,729.0,0.0043107998765281,0,True,False,False,False,False,False,False,0
20.29,28.745,0.0,783.5,0.004230043187179,20.29,29.2,0.0,733.0,0.004297462473743,0,True,False,False,False,False,False,False,0
20.29,28.79,0.0,786.0,0.0042367103819135,20.29,29.2,0.0,729.5,0.004297462473743,0,True,False,False,False,False,False,False,0
20.29,28.79,0.0,790.0,0.0042367103819135,20.29,29.2,0.0,733.0,0.004297462473743,0,True,False,False,False,False,False,False,0
20.29,28.79,0.0,789.0,0.0042367103819135,20.29,29.2,0.0,734.0,0.004297462473743,0,True,False,False,False,False,False,False,0
20.29,28.73,0.0,801.0,0.0042278208204816,20.29,29.2,0.0,732.0,0.004297462473743,0,True,False,False,False,False,False,False,0
20.29,28.65,0.0,804.0,0.0042159684644869,20.29,29.0,0.0,730.0,0.004267825834532,0,True,False,False,False,False,False,False,0
20.29,28.6,0.0,798.0,0.0042085609698172,20.29,29.2,0.0,734.0,0.004297462473743,0,True,False,False,False,False,False,False,0
20.29,28.6,0.0,797.0,0.0042085609698172,20.245,29.15,0.0,731.0,0.0042780538651733,0,True,False,False,False,False,False,False,0
20.29,28.6,0.0,793.0,0.0042085609698172,20.29,29.175,0.0,732.0,0.0042937577404459,0,True,False,False,False,False,False,False,0
20.29,28.5333333333333,0.0,802.666666666667,0.0041986845828585,20.29,29.0,0.0,730.0,0.004267825834532,0,True,False,False,False,False,False,False,0
20.29,28.5,0.0,799.0,0.0041937465062039,20.26,29.1333333333333,0.0,737.666666666667,0.0042795851674656,0,True,False,False,False,False,False,False,0
20.29,28.6,0.0,803.333333333333,0.0042085609698172,20.2,29.1,0.0,739.0,0.0042587167479069,0,True,False,False,False,False,False,False,0
20.29,28.6,0.0,806.5,0.0042085609698172,20.2675,29.175,0.0,730.0,0.0042877492190815,1,True,False,False,False,False,False,False,0
20.29,28.6,0.0,805.0,0.0042085609698172,20.26,29.1666666666667,0.0,727.5,0.0042845154468532,1,True,False,False,False,False,False,False,0
20.29,28.5,0.0,801.0,0.0041937465062039,20.29,29.2,0.0,733.5,0.004297462473743,1,True,False,False,False,False,False,False,0
20.29,28.55,0.0,805.0,0.0042011536503916,20.29,29.0,0.0,729.0,0.004267825834532,1,True,False,False,False,False,False,False,0
20.29,28.6,0.0,807.0,0.0042085609698172,20.29,29.1,0.0,711.0,0.0042826438035249,1,True,False,False,False,False,False,False,0
20.29,28.5666666666667,0.0,808.666666666667,0.0042036227373956,20.29,29.1,0.0,712.0,0.0042826438035249,1,True,False,False,False,False,False,False,0
20.29,28.5,0.0,815.0,0.0041937465062039,20.245,29.05,0.0,709.0,0.0042632772742286,1,True,False,False,False,False,False,False,0
20.29,28.5,0.0,818.0,0.0041937465062039,20.29,29.0,0.0,698.333333333333,0.004267825834532,1,True,False,False,False,False,False,False,0
20.29,28.5,0.0,810.5,0.0041937465062039,20.29,29.0,0.0,697.0,0.004267825834532,1,True,False,False,False,False,False,False,0
20.29,28.5,0.0,809.5,0.0041937465062039,20.29,29.0,0.0,711.0,0.004267825834532,1,True,False,False,False,False,False,False,0
20.29,28.5,0.0,810.0,0.0041937465062039,20.29,29.0,0.0,749.0,0.004267825834532,1,True,False,False,False,False,False,False,0
20.29,28.5,0.0,816.5,0.0041937465062039,20.29,29.0,0.0,758.0,0.004267825834532,1,True,False,False,False,False,False,False,0
20.2,28.39,0.0,811.0,0.0041541159565079,20.29,28.93,0.0,774.0,0.0042574536734393,1,True,False,False,False,False,False,False,0
20.245,28.4175,0.0,813.5,0.0041698314869545,20.29,28.89,0.0,778.0,0.0042515268784955,1,True,False,False,False,False,False,False,0
20.26,28.29,0.0,820.0,0.0041548749192525,20.29,28.89,0.0,781.333333333333,0.0042515268784955,1,True,False,False,False,False,False,False,0
20.29,28.5,0.0,815.333333333333,0.0041937465062039,20.29,28.84,0.0,775.0,0.0042441185425675,1,True,False,False,False,False,False,False,0
20.29,28.39,0.0,817.0,0.0041774514057978,20.29,28.79,0.0,775.666666666667,0.0042367103819135,1,True,False,False,False,False,False,False,0
20.29,28.39,0.0,815.5,0.0041774514057978,20.34,28.745,0.0,781.5,0.0042432222044109,1,True,False,False,False,False,False,False,0
20.29,28.39,0.0,822.0,0.0041774514057978,20.29,28.745,0.0,783.5,0.004230043187179,1,True,False,False,False,False,False,False,0
20.29,28.34,0.0,826.0,0.0041700448223295,20.29,28.79,0.0,786.0,0.0042367103819135,1,True,False,False,False,False,False,False,0
20.29,28.39,0.0,825.5,0.0041774514057978,20.29,28.79,0.0,790.0,0.0042367103819135,1,True,False,False,False,False,False,False,0
20.245,28.245,0.0,824.5,0.0041443511118355,20.29,28.79,0.0,789.0,0.0042367103819135,1,True,False,False,False,False,False,False,0
20.29,28.39,0.0,823.0,0.0041774514057978,20.29,28.73,0.0,801.0,0.0042278208204816,1,True,False,False,False,False,False,False,0
20.29,28.29,0.0,821.0,0.004162638414073,20.29,28.65,0.0,804.0,0.0042159684644869,1,True,False,False,False,False,False,False,0
20.29,28.29,0.0,814.5,0.004162638414073,20.29,28.6,0.0,798.0,0.0042085609698172,1,True,False,False,False,False,False,False,0
20.29,28.26,0.0,822.333333333333,0.0041581946532182,20.29,28.6,0.0,797.0,0.0042085609698172,1,True,False,False,False,False,False,False,0
20.29,28.2,0.0,828.0,0.0041493073207252,20.29,28.6,0.0,793.0,0.0042085609698172,1,True,False,False,False,False,False,False,0
20.29,28.245,0.0,831.5,0.0041559727964431,20.29,28.5333333333333,0.0,802.666666666667,0.0041986845828585,1,True,False,False,False,False,False,False,0
20.245,28.245,0.0,831.5,0.0041443511118355,20.29,28.5,0.0,799.0,0.0041937465062039,1,True,False,False,False,False,False,False,0
20.29,28.23,0.0,841.333333333333,0.0041537509554361,20.29,28.6,0.0,803.333333333333,0.0042085609698172,1,True,False,False,False,False,False,False,0
20.23,28.1,0.0,846.333333333333,0.0041190870314314,20.29,28.6,0.0,806.5,0.0042085609698172,1,True,False,False,False,False,False,False,0
20.29,28.2,0.0,852.0,0.0041493073207252,20.29,28.6,0.0,805.0,0.0042085609698172,1,True,False,False,False,False,False,False,0
20.29,28.1,0.0,866.0,0.0041344956605202,20.29,28.5,0.0,801.0,0.0041937465062039,1,True,False,False,False,False,False,False,0
20.29,28.1,0.0,865.5,0.0041344956605202,20.29,28.55,0.0,805.0,0.0042011536503916,1,True,False,False,False,False,False,False,0
20.29,28.1,0.0,1018.5,0.0041344956605202,20.29,28.6,0.0,807.0,0.0042085609698172,1,True,False,False,False,False,False,False,0
20.29,28.05,0.0,953.5,0.0041270900931937,20.29,28.5666666666667,0.0,808.666666666667,0.0042036227373956,1,True,False,False,False,False,False,False,0
20.29,28.05,0.0,926.0,0.0041270900931937,20.29,28.5,0.0,815.0,0.0041937465062039,1,True,False,False,False,False,False,False,0
20.29,28.1,0.0,921.333333333333,0.0041344956605202,20.29,28.5,0.0,818.0,0.0041937465062039,1,True,False,False,False,False,False,False,0
20.29,28.1,0.0,905.0,0.0041344956605202,20.29,28.5,0.0,810.5,0.0041937465062039,1,True,False,False,False,False,False,False,0
20.34,28.05,0.0,885.0,0.0041399462318286,20.29,28.5,0.0,809.5,0.0041937465062039,1,True,False,False,False,False,False,False,0
20.29,28.0,0.0,874.0,0.0041196847010429,20.29,28.5,0.0,810.0,0.0041937465062039,1,True,False,False,False,False,False,False,0
20.29,28.05,0.0,870.0,0.0041270900931937,20.29,28.5,0.0,816.5,0.0041937465062039,1,True,False,False,False,False,False,False,0
20.29,27.89,0.0,858.0,0.004103393454899,20.2,28.39,0.0,811.0,0.0041541159565079,1,True,False,False,False,False,False,False,0
20.29,28.025,0.0,863.5,0.0041233873752217,20.245,28.4175,0.0,813.5,0.0041698314869545,1,True,False,False,False,False,False,False,0
20.29,28.0,0.0,862.333333333333,0.0041196847010429,20.26,28.29,0.0,820.0,0.0041548749192525,1,True,False,False,False,False,False,False,0
20.34,27.89,0.0,858.5,0.0041161752917816,20.29,28.5,0.0,815.333333333333,0.0041937465062039,1,True,False,False,False,False,False,False,0
20.39,27.89,0.0,857.0,0.004128992251593,20.29,28.39,0.0,817.0,0.0041774514057978,1,True,False,False,False,False,False,False,0
20.39,27.89,0.0,858.0,0.004128992251593,20.29,28.39,0.0,815.5,0.0041774514057978,1,True,False,False,False,False,False,False,0
20.29,27.79,0.0,859.0,0.0040885839667881,20.29,28.39,0.0,822.0,0.0041774514057978,1,True,False,False,False,False,False,False,0
20.39,27.84,0.0,869.0,0.0041215409212316,20.29,28.34,0.0,826.0,0.0041700448223295,1,True,False,False,False,False,False,False,0
20.3566666666667,27.79,0.0,859.333333333333,0.0041055722776648,20.29,28.39,0.0,825.5,0.0041774514057978,1,True,False,False,False,False,False,False,0
20.39,27.79,0.0,853.0,0.0041140897682191,20.245,28.245,0.0,824.5,0.0041443511118355,1,True,False,False,False,False,False,False,0
20.39,27.79,0.0,853.0,0.0041140897682191,20.29,28.39,0.0,823.0,0.0041774514057978,1,True,False,False,False,False,False,False,0
20.39,27.79,0.0,851.5,0.0041140897682191,20.29,28.29,0.0,821.0,0.004162638414073,1,True,False,False,False,False,False,False,0
20.39,27.79,0.0,859.5,0.0041140897682191,20.29,28.29,0.0,814.5,0.004162638414073,1,True,False,False,False,False,False,False,0
20.39,27.7,0.0,859.0,0.0041006781396959,20.29,28.26,0.0,822.333333333333,0.0041581946532182,1,True,False,False,False,False,False,False,0
20.39,27.6,0.0,852.0,0.0040857770040827,20.29,28.2,0.0,828.0,0.0041493073207252,1,True,False,False,False,False,False,False,0
20.39,27.7,0.0,852.5,0.0041006781396959,20.29,28.245,0.0,831.5,0.0041559727964431,1,True,False,False,False,False,False,False,0
20.39,27.65,0.0,845.0,0.0040932274832269,20.245,28.245,0.0,831.5,0.0041443511118355,1,True,False,False,False,False,False,False,0
20.39,27.7,0.0,851.5,0.0041006781396959,20.29,28.23,0.0,841.333333333333,0.0041537509554361,1,True,False,False,False,False,False,False,0
20.39,27.6,0.0,863.0,0.0040857770040827,20.23,28.1,0.0,846.333333333333,0.0041190870314314,1,True,False,False,False,False,False,False,0
20.39,27.6,0.0,859.0,0.0040857770040827,20.29,28.2,0.0,852.0,0.0041493073207252,2,True,False,False,False,False,False,False,0
20.39,27.7,0.0,860.0,0.0041006781396959,20.29,28.1,0.0,866.0,0.0041344956605202,2,True,False,False,False,False,False,False,0
20.39,27.6,0.0,851.666666666667,0.0040857770040827,20.29,28.1,0.0,865.5,0.0041344956605202,2,True,False,False,False,False,False,False,0
20.39,27.53,0.0,853.5,0.0040753466311747,20.29,28.1,0.0,1018.5,0.0041344956605202,2,True,False,False,False,False,False,False,0
20.39,27.5,0.0,851.333333333333,0.0040708765777439,20.29,28.05,0.0,953.5,0.0041270900931937,2,True,False,False,False,False,False,False,0
20.39,27.55,0.0,854.25,0.0040783267022572,20.29,28.05,0.0,926.0,0.0041270900931937,2,True,False,False,False,False,False,False,0
20.39,27.55,0.0,852.0,0.0040783267022572,20.29,28.1,0.0,921.333333333333,0.0041344956605202,2,True,False,False,False,False,False,False,0
20.39,27.5,0.0,854.0,0.0040708765777439,20.29,28.1,0.0,905.0,0.0041344956605202,2,True,False,False,False,False,False,False,0
20.39,27.4633333333333,0.0,853.0,0.0040654132657889,20.34,28.05,0.0,885.0,0.0041399462318286,2,True,False,False,False,False,False,False,0
20.39,27.5,0.0,853.5,0.0040708765777439,20.29,28.0,0.0,874.0,0.0041196847010429,2,True,False,False,False,False,False,False,0
20.39,27.5,0.0,855.0,0.0040708765777439,20.29,28.05,0.0,870.0,0.0041270900931937,2,True,False,False,False,False,False,False,0
20.39,27.5,0.0,856.0,0.0040708765777439,20.29,27.89,0.0,858.0,0.004103393454899,2,True,False,False,False,False,False,False,0
20.39,27.5,0.0,855.5,0.0040708765777439,20.29,28.025,0.0,863.5,0.0041233873752217,2,True,False,False,False,False,False,False,0
20.39,27.39,0.0,853.666666666667,0.0040544869279225,20.29,28.0,0.0,862.333333333333,0.0041196847010429,2,True,False,False,False,False,False,False,0
20.39,27.39,0.0,855.5,0.0040544869279225,20.34,27.89,0.0,858.5,0.0041161752917816,2,True,False,False,False,False,False,False,0
20.39,27.39,0.0,853.0,0.0040544869279225,20.39,27.89,0.0,857.0,0.004128992251593,2,True,False,False,False,False,False,False,0
20.39,27.34,0.0,851.5,0.0040470373707658,20.39,27.89,0.0,858.0,0.004128992251593,2,True,False,False,False,False,False,False,0
20.39,27.34,0.0,853.0,0.0040470373707658,20.29,27.79,0.0,859.0,0.0040885839667881,2,True,False,False,False,False,False,False,0
20.39,27.39,0.0,855.0,0.0040544869279225,20.39,27.84,0.0,869.0,0.0041215409212316,2,True,False,False,False,False,False,False,0
20.39,27.39,0.0,853.666666666667,0.0040544869279225,20.3566666666667,27.79,0.0,859.333333333333,0.0041055722776648,2,True,False,False,False,False,False,False,0
20.39,27.29,0.0,863.0,0.0040395879908948,20.39,27.79,0.0,853.0,0.0041140897682191,2,True,False,False,False,False,False,False,0
20.39,27.29,0.0,856.5,0.0040395879908948,20.39,27.79,0.0,853.0,0.0041140897682191,2,True,False,False,False,False,False,False,0
20.39,27.2,0.0,857.0,0.0040261795538666,20.39,27.79,0.0,851.5,0.0041140897682191,2,True,False,False,False,False,False,False,0
20.39,27.2,0.0,861.5,0.0040261795538666,20.39,27.79,0.0,859.5,0.0041140897682191,2,True,False,False,False,False,False,False,0
20.39,27.245,0.0,860.0,0.0040328837005849,20.39,27.7,0.0,859.0,0.0041006781396959,2,True,False,False,False,False,False,False,0
20.39,27.29,0.0,865.0,0.0040395879908948,20.39,27.6,0.0,852.0,0.0040857770040827,2,True,False,False,False,False,False,False,0
20.39,27.245,0.0,864.5,0.0040328837005849,20.39,27.7,0.0,852.5,0.0041006781396959,2,True,False,False,False,False,False,False,0
20.39,27.2,0.0,868.0,0.0040261795538666,20.39,27.65,0.0,845.0,0.0040932274832269,2,True,False,False,False,False,False,False,0
20.39,27.2,0.0,858.0,0.0040261795538666,20.39,27.7,0.0,851.5,0.0041006781396959,2,True,False,False,False,False,False,False,0
20.39,27.2,0.0,853.0,0.0040261795538666,20.39,27.6,0.0,863.0,0.0040857770040827,2,True,False,False,False,False,False,False,0
20.39,27.2,0.0,854.5,0.0040261795538666,20.39,27.6,0.0,859.0,0.0040857770040827,2,True,False,False,False,False,False,False,0
20.39,27.1333333333333,0.0,859.333333333333,0.0040162477485853,20.39,27.7,0.0,860.0,0.0041006781396959,2,True,False,False,False,False,False,False,0
20.39,27.1,0.0,860.0,0.0040112819641186,20.39,27.6,0.0,851.666666666667,0.0040857770040827,2,True,False,False,False,False,False,False,0
20.39,27.1,0.0,864.0,0.0040112819641186,20.39,27.53,0.0,853.5,0.0040753466311747,2,True,False,False,False,False,False,False,0
20.39,27.1,0.0,865.0,0.0040112819641186,20.39,27.5,0.0,851.333333333333,0.0040708765777439,2,True,False,False,False,False,False,False,0
20.39,27.1,0.0,861.666666666667,0.0040112819641186,20.39,27.55,0.0,854.25,0.0040783267022572,2,True,False,False,False,False,False,False,0
20.39,27.1,0.0,865.5,0.0040112819641186,20.39,27.55,0.0,852.0,0.0040783267022572,2,True,False,False,False,False,False,False,0
20.39,27.05,0.0,852.5,0.0040038334351306,20.39,27.5,0.0,854.0,0.0040708765777439,2,True,False,False,False,False,False,False,0
20.39,27.1,0.0,859.5,0.0040112819641186,20.39,27.4633333333333,0.0,853.0,0.0040654132657889,2,True,False,False,False,False,False,False,0
20.39,27.1,0.0,852.0,0.0040112819641186,20.39,27.5,0.0,853.5,0.0040708765777439,2,True,False,False,False,False,False,False,0
20.39,27.1,0.0,861.666666666667,0.0040112819641186,20.39,27.5,0.0,855.0,0.0040708765777439,2,True,False,False,False,False,False,False,0
20.39,27.05,0.0,864.5,0.0040038334351306,20.39,27.5,0.0,856.0,0.0040708765777439,2,True,False,False,False,False,False,False,0
20.39,27.0,0.0,865.333333333333,0.0039963850833917,20.39,27.5,0.0,855.5,0.0040708765777439,2,True,False,False,False,False,False,False,0
20.34,27.1,0.0,867.0,0.0039988327268196,20.39,27.39,0.0,853.666666666667,0.0040544869279225,2,True,False,False,False,False,False,False,0
20.34,27.15,0.0,861.0,0.0040062581676436,20.39,27.39,0.0,855.5,0.0040544869279225,2,True,False,False,False,False,False,False,0
20.3566666666667,27.1,0.0,853.0,0.0040029786796212,20.39,27.39,0.0,853.0,0.0040544869279225,2,True,False,False,False,False,False,False,0
20.39,27.1,0.0,856.5,0.0040112819641186,20.39,27.34,0.0,851.5,0.0040470373707658,2,True,False,False,False,False,False,False,0
20.39,27.1,0.0,861.0,0.0040112819641186,20.39,27.34,0.0,853.0,0.0040470373707658,2,True,False,False,False,False,False,False,0
20.39,27.05,0.0,862.0,0.0040038334351306,20.39,27.39,0.0,855.0,0.0040544869279225,2,True,False,False,False,False,False,False,0
20.39,27.0,0.0,857.333333333333,0.0039963850833917,20.39,27.39,0.0,853.666666666667,0.0040544869279225,2,True,False,False,False,False,False,False,0
20.29,27.1,0.0,857.0,0.0039864175902915,20.39,27.29,0.0,863.0,0.0040395879908948,2,True,False,False,False,False,False,False,0
20.3566666666667,27.1,0.0,858.0,0.0040029786796212,20.39,27.29,0.0,856.5,0.0040395879908948,2,True,False,False,False,False,False,False,0
20.34,27.05,0.0,864.5,0.0039914074621488,20.39,27.2,0.0,857.0,0.0040261795538666,2,True,False,False,False,False,False,False,0
20.34,27.05,0.0,864.5,0.0039914074621488,20.39,27.2,0.0,861.5,0.0040261795538666,2,True,False,False,False,False,False,False,0
20.39,27.0,0.0,864.0,0.0039963850833917,20.39,27.245,0.0,860.0,0.0040328837005849,2,True,False,False,False,False,False,False,0
20.39,27.0,0.0,863.0,0.0039963850833917,20.39,27.29,0.0,865.0,0.0040395879908948,2,True,False,False,False,False,False,False,0
20.39,27.0,0.0,863.5,0.0039963850833917,20.39,27.245,0.0,864.5,0.0040328837005849,2,True,False,False,False,False,False,False,0
20.39,27.1,0.0,860.666666666667,0.0040112819641186,20.39,27.2,0.0,868.0,0.0040261795538666,2,True,False,False,False,False,False,False,0
20.39,27.0,0.0,865.0,0.0039963850833917,20.39,27.2,0.0,858.0,0.0040261795538666,2,True,False,False,False,False,False,False,0
20.39,26.89,0.0,865.0,0.0039799993334511,20.39,27.2,0.0,853.0,0.0040261795538666,3,True,False,False,False,False,False,False,0
20.39,26.89,0.0,860.5,0.0039799993334511,20.39,27.2,0.0,854.5,0.0040261795538666,3,True,False,False,False,False,False,False,0
20.39,26.89,0.0,863.0,0.0039799993334511,20.39,27.1333333333333,0.0,859.333333333333,0.0040162477485853,3,True,False,False,False,False,False,False,0
20.39,26.89,0.0,865.0,0.0039799993334511,20.39,27.1,0.0,860.0,0.0040112819641186,3,True,False,False,False,False,False,False,0
20.39,26.89,0.0,863.0,0.0039799993334511,20.39,27.1,0.0,864.0,0.0040112819641186,3,True,False,False,False,False,False,False,0
20.39,26.89,0.0,861.0,0.0039799993334511,20.39,27.1,0.0,865.0,0.0040112819641186,3,True,False,False,False,False,False,False,0
20.39,26.89,0.0,862.5,0.0039799993334511,20.39,27.1,0.0,861.666666666667,0.0040112819641186,3,True,False,False,False,False,False,False,0
20.39,26.89,0.0,866.0,0.0039799993334511,20.39,27.1,0.0,865.5,0.0040112819641186,3,True,False,False,False,False,False,False,0
20.39,26.89,0.0,867.0,0.0039799993334511,20.39,27.05,0.0,852.5,0.0040038334351306,3,True,False,False,False,False,False,False,0
20.39,26.89,0.0,873.0,0.0039799993334511,20.39,27.1,0.0,859.5,0.0040112819641186,3,True,False,False,False,False,False,False,0
20.39,26.89,0.0,872.0,0.0039799993334511,20.39,27.1,0.0,852.0,0.0040112819641186,3,True,False,False,False,False,False,False,0
20.39,26.89,0.0,866.0,0.0039799993334511,20.39,27.1,0.0,861.666666666667,0.0040112819641186,3,True,False,False,False,False,False,False,0
20.39,26.89,0.0,863.333333333333,0.0039799993334511,20.39,27.05,0.0,864.5,0.0040038334351306,3,True,False,False,False,False,False,False,0
20.39,26.79,0.0,868.5,0.0039651039415038,20.39,27.0,0.0,865.333333333333,0.0039963850833917,3,True,False,False,False,False,False,False,0
20.39,26.79,0.0,871.0,0.0039651039415038,20.34,27.1,0.0,867.0,0.0039988327268196,3,True,False,False,False,False,False,False,0
20.39,26.76,0.0,864.666666666667,0.0039606354621505,20.34,27.15,0.0,861.0,0.0040062581676436,3,True,False,False,False,False,False,False,0
20.39,26.7,0.0,869.0,0.0039516986948317,20.3566666666667,27.1,0.0,853.0,0.0040029786796212,3,True,False,False,False,False,False,False,0
20.39,26.7,0.0,862.0,0.0039516986948317,20.39,27.1,0.0,856.5,0.0040112819641186,3,True,False,False,False,False,False,False,0
20.5,26.7,0.0,868.0,0.0039787962404008,20.39,27.1,0.0,861.0,0.0040112819641186,3,True,False,False,False,False,False,False,0
20.39,26.7,0.0,867.5,0.0039516986948317,20.39,27.05,0.0,862.0,0.0040038334351306,3,True,False,False,False,False,False,False,0
20.39,26.7,0.0,864.25,0.0039516986948317,20.39,27.0,0.0,857.333333333333,0.0039963850833917,3,True,False,False,False,False,False,False,0
20.39,26.7,0.0,859.0,0.0039516986948317,20.29,27.1,0.0,857.0,0.0039864175902915,3,True,False,False,False,False,False,False,0
20.39,26.7,0.0,860.0,0.0039516986948317,20.3566666666667,27.1,0.0,858.0,0.0040029786796212,3,True,False,False,False,False,False,False,0
20.39,26.65,0.0,865.5,0.0039442515836583,20.34,27.05,0.0,864.5,0.0039914074621488,3,True,False,False,False,False,False,False,0
20.39,26.7,0.0,866.0,0.0039516986948317,20.34,27.05,0.0,864.5,0.0039914074621488,3,True,False,False,False,False,False,False,0
20.39,26.6,0.0,863.0,0.0039368046496833,20.39,27.0,0.0,864.0,0.0039963850833917,3,True,False,False,False,False,False,False,0
20.445,26.65,0.0,871.0,0.0039577542811337,20.39,27.0,0.0,863.0,0.0039963850833917,3,True,False,False,False,False,False,False,0
20.39,26.6,0.0,868.0,0.0039368046496833,20.39,27.0,0.0,863.5,0.0039963850833917,3,True,False,False,False,False,False,False,0
20.39,26.55,0.0,869.666666666667,0.0039293578929002,20.39,27.1,0.0,860.666666666667,0.0040112819641186,3,True,False,False,False,False,False,False,0
20.39,26.6,0.0,866.0,0.0039368046496833,20.39,27.0,0.0,865.0,0.0039963850833917,3,True,False,False,False,False,False,False,0
20.39,26.6,0.0,866.5,0.0039368046496833,20.39,26.89,0.0,865.0,0.0039799993334511,3,True,False,False,False,False,False,False,0
20.39,26.5,0.0,868.0,0.0039219113133029,20.39,26.89,0.0,860.5,0.0039799993334511,3,True,False,False,False,False,False,False,0
20.39,26.5,0.0,856.0,0.0039219113133029,20.39,26.89,0.0,863.0,0.0039799993334511,3,True,False,False,False,False,False,False,0
20.4266666666667,26.5333333333333,0.0,860.0,0.00393583306905,20.39,26.89,0.0,865.0,0.0039799993334511,3,True,False,False,False,False,False,False,0
20.39,26.5,0.0,855.0,0.0039219113133029,20.39,26.89,0.0,863.0,0.0039799993334511,3,True,False,False,False,False,False,False,0
20.39,26.5,0.0,859.0,0.0039219113133029,20.39,26.89,0.0,861.0,0.0039799993334511,3,True,False,False,False,False,False,False,0
20.39,26.5,0.0,854.5,0.0039219113133029,20.39,26.89,0.0,862.5,0.0039799993334511,3,True,False,False,False,False,False,False,0
20.39,26.445,0.0,852.5,0.0039137202803878,20.39,26.89,0.0,866.0,0.0039799993334511,3,True,False,False,False,False,False,False,0
20.39,26.5,0.0,863.5,0.0039219113133029,20.39,26.89,0.0,867.0,0.0039799993334511,3,True,False,False,False,False,False,False,0
20.5,26.5,0.0,869.0,0.0039488033126059,20.39,26.89,0.0,873.0,0.0039799993334511,3,True,False,False,False,False,False,False,0
20.39,26.5,0.0,863.0,0.0039219113133029,20.39,26.89,0.0,872.0,0.0039799993334511,3,True,False,False,False,False,False,False,0
20.39,26.5,0.0,857.0,0.0039219113133029,20.39,26.89,0.0,866.0,0.0039799993334511,3,True,False,False,False,False,False,False,0
20.39,26.5,0.0,860.0,0.0039219113133029,20.39,26.89,0.0,863.333333333333,0.0039799993334511,3,True,False,False,False,False,False,False,0
20.39,26.5,0.0,857.5,0.0039219113133029,20.39,26.79,0.0,868.5,0.0039651039415038,3,True,False,False,False,False,False,False,0
20.39,26.5,0.0,857.5,0.0039219113133029,20.39,26.79,0.0,871.0,0.0039651039415038,3,True,False,False,False,False,False,False,0
20.39,26.39,0.0,853.0,0.0039055294618514,20.39,26.76,0.0,864.666666666667,0.0039606354621505,3,True,False,False,False,False,False,False,0
20.39,26.5,0.0,859.5,0.0039219113133029,20.39,26.7,0.0,869.0,0.0039516986948317,3,True,False,False,False,False,False,False,0
20.39,26.445,0.0,862.0,0.0039137202803878,20.39,26.7,0.0,862.0,0.0039516986948317,3,True,False,False,False,False,False,False,0
20.39,26.39,0.0,858.5,0.0039055294618514,20.5,26.7,0.0,868.0,0.0039787962404008,3,True,False,False,False,False,False,False,0
20.39,26.39,0.0,861.333333333333,0.0039055294618514,20.39,26.7,0.0,867.5,0.0039516986948317,3,True,False,False,False,False,False,False,0
20.39,26.39,0.0,848.0,0.0039055294618514,20.39,26.7,0.0,864.25,0.0039516986948317,3,True,False,False,False,False,False,False,0
20.39,26.39,0.0,851.0,0.0039055294618514,20.39,26.7,0.0,859.0,0.0039516986948317,3,True,False,False,False,False,False,False,0
20.39,26.39,0.0,858.0,0.0039055294618514,20.39,26.7,0.0,860.0,0.0039516986948317,3,True,False,False,False,False,False,False,0
20.39,26.39,0.0,860.0,0.0039055294618514,20.39,26.65,0.0,865.5,0.0039442515836583,3,True,False,False,False,False,False,False,0
20.39,26.39,0.0,859.0,0.0039055294618514,20.39,26.7,0.0,866.0,0.0039516986948317,3,True,False,False,False,False,False,False,0
20.39,26.39,0.0,860.0,0.0039055294618514,20.39,26.6,0.0,863.0,0.0039368046496833,3,True,False,False,False,False,False,False,0
20.39,26.39,0.0,860.666666666667,0.0039055294618514,20.445,26.65,0.0,871.0,0.0039577542811337,3,True,False,False,False,False,False,False,0
20.39,26.39,0.0,868.0,0.0039055294618514,20.39,26.6,0.0,868.0,0.0039368046496833,3,True,False,False,False,False,False,False,0
20.39,26.34,0.0,860.0,0.0038980834492058,20.39,26.55,0.0,869.666666666667,0.0039293578929002,3,True,False,False,False,False,False,False,0
20.39,26.39,0.0,848.0,0.0039055294618514,20.39,26.6,0.0,866.0,0.0039368046496833,3,True,False,False,False,False,False,False,0
20.39,26.39,0.0,856.0,0.0039055294618514,20.39,26.6,0.0,866.5,0.0039368046496833,4,True,False,False,False,False,False,False,0
20.39,26.39,0.0,857.0,0.0039055294618514,20.39,26.5,0.0,868.0,0.0039219113133029,4,True,False,False,False,False,False,False,0
20.39,26.39,0.0,856.0,0.0039055294618514,20.39,26.5,0.0,856.0,0.0039219113133029,4,True,False,False,False,False,False,False,0
20.39,26.39,0.0,851.0,0.0039055294618514,20.4266666666667,26.5333333333333,0.0,860.0,0.00393583306905,4,True,False,False,False,False,False,False,0
20.39,26.29,0.0,848.0,0.0038906376137194,20.39,26.5,0.0,855.0,0.0039219113133029,4,True,False,False,False,False,False,False,0
20.39,26.365,0.0,846.5,0.0039018064333833,20.39,26.5,0.0,859.0,0.0039219113133029,4,True,False,False,False,False,False,False,0
20.39,26.29,0.0,846.0,0.0038906376137194,20.39,26.5,0.0,854.5,0.0039219113133029,4,True,False,False,False,False,False,False,0
20.39,26.29,0.0,847.5,0.0038906376137194,20.39,26.445,0.0,852.5,0.0039137202803878,4,True,False,False,False,False,False,False,0
20.39,26.2675,0.0,842.5,0.003887287045547,20.39,26.5,0.0,863.5,0.0039219113133029,4,True,False,False,False,False,False,False,0
20.39,26.29,0.0,844.0,0.0038906376137194,20.5,26.5,0.0,869.0,0.0039488033126059,4,True,False,False,False,False,False,False,0
20.39,26.245,0.0,846.5,0.0038839365132475,20.39,26.5,0.0,863.0,0.0039219113133029,4,True,False,False,False,False,False,False,0
20.39,26.23,0.0,845.0,0.0038817028449769,20.39,26.5,0.0,857.0,0.0039219113133029,4,True,False,False,False,False,False,False,0
20.39,26.2,0.0,844.0,0.0038772355562648,20.39,26.5,0.0,860.0,0.0039219113133029,4,True,False,False,False,False,False,False,0
20.39,26.2,0.0,845.0,0.0038772355562648,20.39,26.5,0.0,857.5,0.0039219113133029,4,True,False,False,False,False,False,False,0
20.39,26.2,0.0,845.0,0.0038772355562648,20.39,26.5,0.0,857.5,0.0039219113133029,4,True,False,False,False,False,False,False,0
20.34,26.2,0.0,847.0,0.0038652049081198,20.39,26.39,0.0,853.0,0.0039055294618514,4,True,False,False,False,False,False,False,0
20.39,26.2,0.0,848.0,0.0038772355562648,20.39,26.5,0.0,859.5,0.0039219113133029,4,True,False,False,False,False,False,False,0
20.39,26.2,0.0,844.0,0.0038772355562648,20.39,26.445,0.0,862.0,0.0039137202803878,4,True,False,False,False,False,False,False,0
20.39,26.2,0.0,845.0,0.0038772355562648,20.39,26.39,0.0,858.5,0.0039055294618514,4,True,False,False,False,False,False,False,0
20.39,26.1,0.0,845.0,0.003862345054451,20.39,26.39,0.0,861.333333333333,0.0039055294618514,4,True,False,False,False,False,False,False,0
20.39,26.0,0.0,842.0,0.0038474552611525,20.39,26.39,0.0,848.0,0.0039055294618514,4,True,False,False,False,False,False,False,0
20.29,26.2,0.0,841.5,0.0038532071982278,20.39,26.39,0.0,851.0,0.0039055294618514,4,True,False,False,False,False,False,False,0
20.29,26.2,0.0,833.0,0.0038532071982278,20.39,26.39,0.0,858.0,0.0039055294618514,4,True,False,False,False,False,False,False,0
20.39,26.1,0.0,834.0,0.003862345054451,20.39,26.39,0.0,860.0,0.0039055294618514,4,True,False,False,False,False,False,False,0
20.3233333333333,26.0,0.0,820.666666666667,0.0038315456248519,20.39,26.39,0.0,859.0,0.0039055294618514,4,True,False,False,False,False,False,False,0
20.29,26.1,0.0,816.0,0.0038384095431348,20.39,26.39,0.0,860.0,0.0039055294618514,4,True,False,False,False,False,False,False,0
20.29,26.2,0.0,814.5,0.0038532071982278,20.39,26.39,0.0,860.666666666667,0.0039055294618514,4,True,False,False,False,False,False,False,0
20.29,26.1333333333333,0.0,815.333333333333,0.0038433420170817,20.39,26.39,0.0,868.0,0.0039055294618514,4,True,False,False,False,False,False,False,0
20.29,26.1,0.0,806.5,0.0038384095431348,20.39,26.34,0.0,860.0,0.0038980834492058,4,True,False,False,False,False,False,False,0
20.39,26.1,0.0,803.0,0.003862345054451,20.39,26.39,0.0,848.0,0.0039055294618514,4,True,False,False,False,False,False,False,0
20.29,26.2,0.0,802.0,0.0038532071982278,20.39,26.39,0.0,856.0,0.0039055294618514,4,True,False,False,False,False,False,False,0
20.34,26.1,0.0,796.0,0.0038503608941862,20.39,26.39,0.0,857.0,0.0039055294618514,4,True,False,False,False,False,False,False,0
20.39,26.0666666666667,0.0,794.333333333333,0.0038573817112968,20.39,26.39,0.0,856.0,0.0039055294618514,4,True,False,False,False,False,False,False,0
20.39,26.0,0.0,798.0,0.0038474552611525,20.39,26.39,0.0,851.0,0.0039055294618514,4,True,False,False,False,False,False,False,0
20.29,26.0,0.0,798.0,0.0038236125877759,20.39,26.29,0.0,848.0,0.0038906376137194,4,True,False,False,False,False,False,False,0
20.39,26.0,0.0,800.5,0.0038474552611525,20.39,26.365,0.0,846.5,0.0039018064333833,4,True,False,False,False,False,False,False,0
20.39,26.0,0.0,801.0,0.0038474552611525,20.39,26.29,0.0,846.0,0.0038906376137194,4,True,False,False,False,False,False,False,0
20.39,25.9633333333333,0.0,804.0,0.0038419958477888,20.39,26.29,0.0,847.5,0.0038906376137194,4,True,False,False,False,False,False,False,0
20.39,25.945,0.0,810.5,0.0038392661768246,20.39,26.2675,0.0,842.5,0.003887287045547,4,True,False,False,False,False,False,False,0
20.39,25.89,0.0,807.0,0.0038310773067989,20.39,26.29,0.0,844.0,0.0038906376137194,4,True,False,False,False,False,False,False,0
20.39,25.89,0.0,795.5,0.0038310773067989,20.39,26.245,0.0,846.5,0.0038839365132475,4,True,False,False,False,False,False,False,0
20.39,25.89,0.0,799.0,0.0038310773067989,20.39,26.23,0.0,845.0,0.0038817028449769,4,True,False,False,False,False,False,False,0
20.39,25.89,0.0,793.0,0.0038310773067989,20.39,26.2,0.0,844.0,0.0038772355562648,4,True,False,False,False,False,False,False,0
20.39,25.89,0.0,796.5,0.0038310773067989,20.39,26.2,0.0,845.0,0.0038772355562648,4,True,False,False,False,False,False,False,0
20.39,25.84,0.0,809.0,0.0038236330654603,20.39,26.2,0.0,845.0,0.0038772355562648,4,True,False,False,False,False,False,False,0
20.39,25.89,0.0,802.0,0.0038310773067989,20.34,26.2,0.0,847.0,0.0038652049081198,4,True,False,False,False,False,False,False,0
20.34,25.89,0.0,798.0,0.0038191907567496,20.39,26.2,0.0,848.0,0.0038772355562648,4,True,False,False,False,False,False,False,0
20.39,25.84,0.0,799.5,0.0038236330654603,20.39,26.2,0.0,844.0,0.0038772355562648,4,True,False,False,False,False,False,False,0
20.34,25.89,0.0,802.0,0.0038191907567496,20.39,26.2,0.0,845.0,0.0038772355562648,4,True,False,False,False,False,False,False,0
20.39,25.79,0.0,808.0,0.0038161890012177,20.39,26.1,0.0,845.0,0.003862345054451,4,True,False,False,False,False,False,False,0
20.39,25.79,0.0,801.0,0.0038161890012177,20.39,26.0,0.0,842.0,0.0038474552611525,4,True,False,False,False,False,False,False,0
20.39,25.79,0.0,800.0,0.0038161890012177,20.29,26.2,0.0,841.5,0.0038532071982278,4,True,False,False,False,False,False,False,0
20.39,25.79,0.0,795.0,0.0038161890012177,20.29,26.2,0.0,833.0,0.0038532071982278,4,True,False,False,False,False,False,False,0
20.3566666666667,25.79,0.0,791.333333333333,0.0038082920125136,20.39,26.1,0.0,834.0,0.003862345054451,4,True,False,False,False,False,False,False,0
20.39,25.79,0.0,791.0,0.0038161890012177,20.3233333333333,26.0,0.0,820.666666666667,0.0038315456248519,4,True,False,False,False,False,False,False,0
20.39,25.79,0.0,789.5,0.0038161890012177,20.29,26.1,0.0,816.0,0.0038384095431348,4,True,False,False,False,False,False,False,0
20.39,25.79,0.0,789.5,0.0038161890012177,20.29,26.2,0.0,814.5,0.0038532071982278,4,True,False,False,False,False,False,False,0
20.39,25.76,0.0,784.333333333333,0.0038117226476755,20.29,26.1333333333333,0.0,815.333333333333,0.0038433420170817,4,True,False,False,False,False,False,False,0
20.39,25.79,0.0,780.0,0.0038161890012177,20.29,26.1,0.0,806.5,0.0038384095431348,4,True,False,False,False,False,False,False,0
20.39,25.745,0.0,781.5,0.0038094894948111,20.39,26.1,0.0,803.0,0.003862345054451,4,True,False,False,False,False,False,False,0
20.39,25.79,0.0,787.0,0.0038161890012177,20.29,26.2,0.0,802.0,0.0038532071982278,4,True,False,False,False,False,False,False,0
20.39,25.79,0.0,786.5,0.0038161890012177,20.34,26.1,0.0,796.0,0.0038503608941862,5,True,False,False,False,False,False,False,0
20.39,25.79,0.0,784.333333333333,0.0038161890012177,20.39,26.0666666666667,0.0,794.333333333333,0.0038573817112968,5,True,False,False,False,False,False,False,0
20.39,25.7,0.0,791.0,0.0038027901318425,20.39,26.0,0.0,798.0,0.0038474552611525,5,True,False,False,False,False,False,False,0
20.39,25.745,0.0,788.0,0.0038094894948111,20.29,26.0,0.0,798.0,0.0038236125877759,5,True,False,False,False,False,False,False,0
20.39,25.7,0.0,787.0,0.0038027901318425,20.39,26.0,0.0,800.5,0.0038474552611525,5,True,False,False,False,False,False,False,0
20.39,25.7,0.0,781.0,0.0038027901318425,20.39,26.0,0.0,801.0,0.0038474552611525,5,True,False,False,False,False,False,False,0
20.39,25.7,0.0,784.0,0.0038027901318425,20.39,25.9633333333333,0.0,804.0,0.0038419958477888,5,True,False,False,False,False,False,False,0
20.39,25.6666666666667,0.0,781.666666666667,0.0037978277332292,20.39,25.945,0.0,810.5,0.0038392661768246,5,True,False,False,False,False,False,False,0
20.445,25.7,0.0,781.5,0.0038158055999066,20.39,25.89,0.0,807.0,0.0038310773067989,5,True,False,False,False,False,False,False,0
20.39,25.6,0.0,782.5,0.0037879031720992,20.39,25.89,0.0,795.5,0.0038310773067989,5,True,False,False,False,False,False,False,0
20.39,25.6,0.0,781.0,0.0037879031720992,20.39,25.89,0.0,799.0,0.0038310773067989,5,True,False,False,False,False,False,False,0
20.4633333333333,25.6666666666667,0.0,778.0,0.0038151676168142,20.39,25.89,0.0,793.0,0.0038310773067989,5,True,False,False,False,False,False,False,0
20.5,25.7,0.0,786.5,0.0038288603373308,20.39,25.89,0.0,796.5,0.0038310773067989,5,True,False,False,False,False,False,False,0
20.5,25.65,0.0,784.5,0.0038213654275871,20.39,25.84,0.0,809.0,0.0038236330654603,5,True,False,False,False,False,False,False,0
20.4266666666667,25.6333333333333,0.0,786.333333333333,0.0038015152620535,20.39,25.89,0.0,802.0,0.0038310773067989,5,True,False,False,False,False,False,False,0
20.4266666666667,25.6333333333333,0.0,792.666666666667,0.0038015152620535,20.34,25.89,0.0,798.0,0.0038191907567496,5,True,False,False,False,False,False,False,0
20.39,25.55,0.0,791.0,0.0037804599578291,20.39,25.84,0.0,799.5,0.0038236330654603,5,True,False,False,False,False,False,False,0
20.445,25.6,0.0,793.0,0.003800867378441,20.34,25.89,0.0,802.0,0.0038191907567496,5,True,False,False,False,False,False,False,0
20.4266666666667,25.6,0.0,796.0,0.0037965416355039,20.39,25.79,0.0,808.0,0.0038161890012177,5,True,False,False,False,False,False,False,0
20.39,25.55,0.0,797.5,0.0037804599578291,20.39,25.79,0.0,801.0,0.0038161890012177,5,True,False,False,False,False,False,False,0
20.445,25.65,0.0,797.5,0.0038083364000289,20.39,25.79,0.0,800.0,0.0038161890012177,5,True,False,False,False,False,False,False,0
20.39,25.6,0.0,798.5,0.0037879031720992,20.39,25.79,0.0,795.0,0.0038161890012177,5,True,False,False,False,False,False,False,0
20.39,25.6,0.0,795.5,0.0037879031720992,20.3566666666667,25.79,0.0,791.333333333333,0.0038082920125136,5,True,False,False,False,False,False,False,0
20.39,25.6,0.0,799.0,0.0037879031720992,20.39,25.79,0.0,791.0,0.0038161890012177,5,True,False,False,False,False,False,False,0
20.39,25.6,0.0,795.0,0.0037879031720992,20.39,25.79,0.0,789.5,0.0038161890012177,5,True,False,False,False,False,False,False,0
20.39,25.5,0.0,794.0,0.0037730169206183,20.39,25.79,0.0,789.5,0.0038161890012177,5,True,False,False,False,False,False,False,0
20.39,25.5,0.0,788.666666666667,0.0037730169206183,20.39,25.76,0.0,784.333333333333,0.0038117226476755,5,True,False,False,False,False,False,False,0
20.39,25.5,0.0,791.5,0.0037730169206183,20.39,25.79,0.0,780.0,0.0038161890012177,5,True,False,False,False,False,False,False,0
20.39,25.5,0.0,793.0,0.0037730169206183,20.39,25.745,0.0,781.5,0.0038094894948111,5,True,False,False,False,False,False,False,0
20.39,25.5,0.0,798.0,0.0037730169206183,20.39,25.79,0.0,787.0,0.0038161890012177,5,True,False,False,False,False,False,False,0
20.445,25.445,0.0,798.0,0.003777714544481,20.39,25.79,0.0,786.5,0.0038161890012177,5,True,False,False,False,False,False,False,0
20.39,25.39,0.0,792.0,0.0037566428619721,20.39,25.79,0.0,784.333333333333,0.0038161890012177,5,True,False,False,False,False,False,False,0
20.39,25.39,0.0,790.5,0.0037566428619721,20.39,25.7,0.0,791.0,0.0038027901318425,5,True,False,False,False,False,False,False,0
20.5,25.39,0.0,792.0,0.0037823947905646,20.39,25.745,0.0,788.0,0.0038094894948111,5,True,False,False,False,False,False,False,0
20.5,25.39,0.0,793.0,0.0037823947905646,20.39,25.7,0.0,787.0,0.0038027901318425,5,True,False,False,False,False,False,False,0
20.5,25.39,0.0,789.0,0.0037823947905646,20.39,25.7,0.0,781.0,0.0038027901318425,5,True,False,False,False,False,False,False,0
20.39,25.29,0.0,796.0,0.0037417580976777,20.39,25.7,0.0,784.0,0.0038027901318425,5,True,False,False,False,False,False,False,0
20.445,25.29,0.0,794.5,0.0037545634236343,20.39,25.6666666666667,0.0,781.666666666667,0.0037978277332292,5,True,False,False,False,False,False,False,0
20.5,25.29,0.0,792.5,0.0037674073763374,20.445,25.7,0.0,781.5,0.0038158055999066,5,True,False,False,False,False,False,False,0
20.445,25.29,0.0,795.0,0.0037545634236343,20.39,25.6,0.0,782.5,0.0037879031720992,5,True,False,False,False,False,False,False,0
20.39,25.245,0.0,796.0,0.0037350601847678,20.39,25.6,0.0,781.0,0.0037879031720992,5,True,False,False,False,False,False,False,0
20.445,25.245,0.0,800.5,0.0037478424513325,20.4633333333333,25.6666666666667,0.0,778.0,0.0038151676168142,5,True,False,False,False,False,False,False,0
20.5,25.29,0.0,798.5,0.0037674073763374,20.5,25.7,0.0,786.5,0.0038288603373308,5,True,False,False,False,False,False,False,0
20.5,25.29,0.0,798.0,0.0037674073763374,20.5,25.65,0.0,784.5,0.0038213654275871,5,True,False,False,False,False,False,False,0
20.39,25.245,0.0,801.0,0.0037350601847678,20.4266666666667,25.6333333333333,0.0,786.333333333333,0.0038015152620535,5,True,False,False,False,False,False,False,0
20.4633333333333,25.29,0.0,796.0,0.0037588404443852,20.4266666666667,25.6333333333333,0.0,792.666666666667,0.0038015152620535,5,True,False,False,False,False,False,False,0
20.39,25.2,0.0,801.666666666667,0.0037283624152447,20.39,25.55,0.0,791.0,0.0037804599578291,5,True,False,False,False,False,False,False,0
20.5,25.29,0.0,800.0,0.0037674073763374,20.445,25.6,0.0,793.0,0.003800867378441,5,True,False,False,False,False,False,False,0
20.445,25.29,0.0,799.0,0.0037545634236343,20.4266666666667,25.6,0.0,796.0,0.0037965416355039,5,True,False,False,False,False,False,False,0
20.445,25.245,0.0,789.5,0.0037478424513325,20.39,25.55,0.0,797.5,0.0037804599578291,5,True,False,False,False,False,False,False,0
20.5,25.29,0.0,800.0,0.0037674073763374,20.445,25.65,0.0,797.5,0.0038083364000289,5,True,False,False,False,False,False,False,0
20.39,25.2,0.0,802.0,0.0037283624152447,20.39,25.6,0.0,798.5,0.0037879031720992,5,True,False,False,False,False,False,False,0
20.4266666666667,25.3233333333333,0.0,801.0,0.0037552635861414,20.39,25.6,0.0,795.5,0.0037879031720992,5,True,False,False,False,False,False,False,0
20.39,25.245,0.0,792.5,0.0037350601847678,20.39,25.6,0.0,799.0,0.0037879031720992,5,True,False,False,False,False,False,False,0
20.39,25.245,0.0,794.5,0.0037350601847678,20.39,25.6,0.0,795.0,0.0037879031720992,5,True,False,False,False,False,False,False,0
20.39,25.26,0.0,793.666666666667,0.0037372928064724,20.39,25.5,0.0,794.0,0.0037730169206183,5,True,False,False,False,False,False,False,0
20.39,25.29,0.0,792.5,0.0037417580976777,20.39,25.5,0.0,788.666666666667,0.0037730169206183,5,True,False,False,False,False,False,False,0
20.39,25.2,0.0,793.0,0.0037283624152447,20.39,25.5,0.0,791.5,0.0037730169206183,5,True,False,False,False,False,False,False,0
20.445,25.245,0.0,795.0,0.0037478424513325,20.39,25.5,0.0,793.0,0.0037730169206183,5,True,False,False,False,False,False,False,0
20.39,25.245,0.0,796.0,0.0037350601847678,20.39,25.5,0.0,798.0,0.0037730169206183,6,True,False,False,False,False,False,False,0
20.39,25.245,0.0,795.5,0.0037350601847678,20.445,25.445,0.0,798.0,0.003777714544481,6,True,False,False,False,False,False,False,0
20.39,25.2225,0.0,797.0,0.0037317112820832,20.39,25.39,0.0,792.0,0.0037566428619721,6,True,False,False,False,False,False,False,0
20.39,25.2,0.0,796.5,0.0037283624152447,20.39,25.39,0.0,790.5,0.0037566428619721,6,True,False,False,False,False,False,False,0
20.445,25.245,0.0,795.5,0.0037478424513325,20.5,25.39,0.0,792.0,0.0037823947905646,6,True,False,False,False,False,False,False,0
20.39,25.245,0.0,799.0,0.0037350601847678,20.5,25.39,0.0,793.0,0.0037823947905646,6,True,False,False,False,False,False,False,0
20.39,25.2,0.0,802.666666666667,0.0037283624152447,20.5,25.39,0.0,789.0,0.0037823947905646,6,True,False,False,False,False,False,False,0
20.39,25.2,0.0,804.0,0.0037283624152447,20.39,25.29,0.0,796.0,0.0037417580976777,6,True,False,False,False,False,False,False,0
20.5,25.29,0.0,805.0,0.0037674073763374,20.445,25.29,0.0,794.5,0.0037545634236343,6,True,False,False,False,False,False,False,0
20.39,25.1666666666667,0.0,806.333333333333,0.0037234011969283,20.5,25.29,0.0,792.5,0.0037674073763374,6,True,False,False,False,False,False,False,0
20.39,25.1666666666667,0.0,804.0,0.0037234011969283,20.445,25.29,0.0,795.0,0.0037545634236343,6,True,False,False,False,False,False,False,0
20.39,25.15,0.0,801.5,0.003720920617272,20.39,25.245,0.0,796.0,0.0037350601847678,6,True,False,False,False,False,False,False,0
20.445,25.15,0.0,806.0,0.0037336542061365,20.445,25.245,0.0,800.5,0.0037478424513325,6,True,False,False,False,False,False,False,0
20.445,25.15,0.0,795.0,0.0037336542061365,20.5,25.29,0.0,798.5,0.0037674073763374,6,True,False,False,False,False,False,False,0
20.39,25.1,0.0,798.0,0.0037134789963081,20.5,25.29,0.0,798.0,0.0037674073763374,6,True,False,False,False,False,False,False,0
20.39,25.1,0.0,797.0,0.0037134789963081,20.39,25.245,0.0,801.0,0.0037350601847678,6,True,False,False,False,False,False,False,0
20.5,25.2,0.0,800.0,0.0037539193173187,20.4633333333333,25.29,0.0,796.0,0.0037588404443852,6,True,False,False,False,False,False,False,0
20.39,25.1,0.0,801.0,0.0037134789963081,20.39,25.2,0.0,801.666666666667,0.0037283624152447,6,True,False,False,False,False,False,False,0
20.39,25.1,0.0,804.333333333333,0.0037134789963081,20.5,25.29,0.0,800.0,0.0037674073763374,6,True,False,False,False,False,False,False,0
20.39,25.1,0.0,805.0,0.0037134789963081,20.445,25.29,0.0,799.0,0.0037545634236343,6,True,False,False,False,False,False,False,0
20.39,25.1,0.0,805.0,0.0037134789963081,20.445,25.245,0.0,789.5,0.0037478424513325,6,True,False,False,False,False,False,False,0
20.39,25.1,0.0,801.0,0.0037134789963081,20.5,25.29,0.0,800.0,0.0037674073763374,6,True,False,False,False,False,False,False,0
20.39,25.1,0.0,799.0,0.0037134789963081,20.39,25.2,0.0,802.0,0.0037283624152447,6,True,False,False,False,False,False,False,0
20.39,25.1,0.0,797.0,0.0037134789963081,20.4266666666667,25.3233333333333,0.0,801.0,0.0037552635861414,6,True,False,False,False,False,False,False,0
20.39,25.1,0.0,801.0,0.0037134789963081,20.39,25.245,0.0,792.5,0.0037350601847678,6,True,False,False,False,False,False,False,0
20.39,25.0333333333333,0.0,799.333333333333,0.0037035571103588,20.39,25.245,0.0,794.5,0.0037350601847678,6,True,False,False,False,False,False,False,0
20.39,25.0,0.0,801.0,0.0036985962853812,20.39,25.26,0.0,793.666666666667,0.0037372928064724,6,True,False,False,False,False,False,False,0
20.39,25.0,0.0,803.5,0.0036985962853812,20.39,25.29,0.0,792.5,0.0037417580976777,6,True,False,False,False,False,False,False,0
20.39,25.0,0.0,809.0,0.0036985962853812,20.39,25.2,0.0,793.0,0.0037283624152447,6,True,False,False,False,False,False,False,0
20.39,25.0,0.0,808.0,0.0036985962853812,20.445,25.245,0.0,795.0,0.0037478424513325,6,True,False,False,False,False,False,False,0
20.39,25.0,0.0,800.0,0.0036985962853812,20.39,25.245,0.0,796.0,0.0037350601847678,6,True,False,False,False,False,False,False,0
20.39,25.0,0.0,804.0,0.0036985962853812,20.39,25.245,0.0,795.5,0.0037350601847678,6,True,False,False,False,False,False,False,0
20.39,25.0,0.0,801.0,0.0036985962853812,20.39,25.2225,0.0,797.0,0.0037317112820832,6,True,False,False,False,False,False,False,0
20.39,25.0,0.0,797.0,0.0036985962853812,20.39,25.2,0.0,796.5,0.0037283624152447,6,True,False,False,False,False,False,False,0
20.39,25.0,0.0,797.0,0.0036985962853812,20.445,25.245,0.0,795.5,0.0037478424513325,6,True,False,False,False,False,False,False,0
20.39,25.0,0.0,802.0,0.0036985962853812,20.39,25.245,0.0,799.0,0.0037350601847678,6,True,False,False,False,False,False,False,0
20.39,25.0,0.0,803.5,0.0036985962853812,20.39,25.2,0.0,802.666666666667,0.0037283624152447,6,True,False,False,False,False,False,False,0
20.39,25.0,0.0,805.0,0.0036985962853812,20.39,25.2,0.0,804.0,0.0037283624152447,6,True,False,False,False,False,False,False,0
20.39,25.0,0.0,803.0,0.0036985962853812,20.5,25.29,0.0,805.0,0.0037674073763374,6,True,False,False,False,False,False,False,0
20.39,25.0,0.0,807.5,0.0036985962853812,20.39,25.1666666666667,0.0,806.333333333333,0.0037234011969283,6,True,False,False,False,False,False,False,0
20.39,25.0,0.0,810.0,0.0036985962853812,20.39,25.1666666666667,0.0,804.0,0.0037234011969283,6,True,False,False,False,False,False,False,0
20.39,24.945,0.0,809.0,0.0036904110961423,20.39,25.15,0.0,801.5,0.003720920617272,6,True,False,False,False,False,False,False,0
20.39,25.0,0.0,810.5,0.0036985962853812,20.445,25.15,0.0,806.0,0.0037336542061365,6,True,False,False,False,False,False,False,0
20.39,24.945,0.0,807.0,0.0036904110961423,20.445,25.15,0.0,795.0,0.0037336542061365,6,True,False,False,False,False,False,False,0
20.39,25.0,0.0,801.0,0.0036985962853812,20.39,25.1,0.0,798.0,0.0037134789963081,6,True,False,False,False,False,False,False,0
20.39,25.0,0.0,801.5,0.0036985962853812,20.39,25.1,0.0,797.0,0.0037134789963081,6,True,False,False,False,False,False,False,0
20.39,24.945,0.0,804.0,0.0036904110961423,20.5,25.2,0.0,800.0,0.0037539193173187,6,True,False,False,False,False,False,False,0
20.39,24.89,0.0,810.0,0.0036822261210526,20.39,25.1,0.0,801.0,0.0037134789963081,6,True,False,False,False,False,False,False,0
20.39,24.89,0.0,808.5,0.0036822261210526,20.39,25.1,0.0,804.333333333333,0.0037134789963081,6,True,False,False,False,False,False,False,0
20.39,24.89,0.0,809.333333333333,0.0036822261210526,20.39,25.1,0.0,805.0,0.0037134789963081,6,True,False,False,False,False,False,False,0
20.39,24.89,0.0,804.5,0.0036822261210526,20.39,25.1,0.0,805.0,0.0037134789963081,6,True,False,False,False,False,False,False,0
20.39,24.79,0.0,807.0,0.0036673448967818,20.39,25.1,0.0,801.0,0.0037134789963081,6,True,False,False,False,False,False,False,0
20.39,24.89,0.0,809.0,0.0036822261210526,20.39,25.1,0.0,799.0,0.0037134789963081,6,True,False,False,False,False,False,False,0
20.39,24.79,0.0,808.5,0.0036673448967818,20.39,25.1,0.0,797.0,0.0037134789963081,6,True,False,False,False,False,False,False,0
20.39,24.84,0.0,814.5,0.0036747854204324,20.39,25.1,0.0,801.0,0.0037134789963081,6,True,False,False,False,False,False,False,0
20.39,24.79,0.0,815.0,0.0036673448967818,20.39,25.0333333333333,0.0,799.333333333333,0.0037035571103588,6,True,False,False,False,False,False,False,0
20.39,24.79,0.0,815.0,0.0036673448967818,20.39,25.0,0.0,801.0,0.0036985962853812,6,True,False,False,False,False,False,False,0
20.39,24.79,0.0,816.0,0.0036673448967818,20.39,25.0,0.0,803.5,0.0036985962853812,6,True,False,False,False,False,False,False,0
20.39,24.79,0.0,807.0,0.0036673448967818,20.39,25.0,0.0,809.0,0.0036985962853812,6,True,False,False,False,False,False,False,0
20.39,24.79,0.0,801.5,0.0036673448967818,20.39,25.0,0.0,808.0,0.0036985962853812,6,True,False,False,False,False,False,False,0
20.39,24.79,0.0,807.5,0.0036673448967818,20.39,25.0,0.0,800.0,0.0036985962853812,7,True,False,False,False,False,False,False,0
20.39,24.79,0.0,813.5,0.0036673448967818,20.39,25.0,0.0,804.0,0.0036985962853812,7,True,False,False,False,False,False,False,0
20.39,24.79,0.0,820.5,0.0036673448967818,20.39,25.0,0.0,801.0,0.0036985962853812,7,True,False,False,False,False,False,False,0
20.39,24.79,0.0,815.0,0.0036673448967818,20.39,25.0,0.0,797.0,0.0036985962853812,7,True,False,False,False,False,False,False,0
20.39,24.79,0.0,811.0,0.0036673448967818,20.39,25.0,0.0,797.0,0.0036985962853812,7,True,False,False,False,False,False,False,0
20.39,24.7,0.0,810.0,0.0036539524001539,20.39,25.0,0.0,802.0,0.0036985962853812,7,True,False,False,False,False,False,False,0
20.39,24.79,0.0,811.5,0.0036673448967818,20.39,25.0,0.0,803.5,0.0036985962853812,7,True,False,False,False,False,False,False,0
20.39,24.7,0.0,808.0,0.0036539524001539,20.39,25.0,0.0,805.0,0.0036985962853812,7,True,False,False,False,False,False,False,0
20.39,24.745,0.0,812.0,0.0036606485768,20.39,25.0,0.0,803.0,0.0036985962853812,7,True,False,False,False,False,False,False,0
20.39,24.7225,0.0,811.25,0.0036573004705603,20.39,25.0,0.0,807.5,0.0036985962853812,7,True,False,False,False,False,False,False,0
20.39,24.79,0.0,809.5,0.0036673448967818,20.39,25.0,0.0,810.0,0.0036985962853812,7,True,False,False,False,False,False,False,0
20.39,24.7,0.0,806.0,0.0036539524001539,20.39,24.945,0.0,809.0,0.0036904110961423,7,True,False,False,False,False,False,False,0
20.39,24.7,0.0,806.0,0.0036539524001539,20.39,25.0,0.0,810.5,0.0036985962853812,7,True,False,False,False,False,False,False,0
20.39,24.7,0.0,809.333333333333,0.0036539524001539,20.39,24.945,0.0,807.0,0.0036904110961423,7,True,False,False,False,False,False,False,0
20.39,24.7,0.0,813.5,0.0036539524001539,20.39,25.0,0.0,801.0,0.0036985962853812,7,True,False,False,False,False,False,False,0
20.39,24.7,0.0,816.5,0.0036539524001539,20.39,25.0,0.0,801.5,0.0036985962853812,7,True,False,False,False,False,False,False,0
20.39,24.7,0.0,817.333333333333,0.0036539524001539,20.39,24.945,0.0,804.0,0.0036904110961423,7,True,False,False,False,False,False,False,0
20.39,24.7,0.0,813.0,0.0036539524001539,20.39,24.89,0.0,810.0,0.0036822261210526,7,True,False,False,False,False,False,False,0
20.39,24.7,0.0,811.0,0.0036539524001539,20.39,24.89,0.0,808.5,0.0036822261210526,7,True,False,False,False,False,False,False,0
20.39,24.7,0.0,811.5,0.0036539524001539,20.39,24.89,0.0,809.333333333333,0.0036822261210526,7,True,False,False,False,False,False,False,0
20.39,24.65,0.0,809.5,0.0036465123719846,20.39,24.89,0.0,804.5,0.0036822261210526,7,True,False,False,False,False,False,False,0
20.39,24.6,0.0,806.0,0.0036390725207609,20.39,24.79,0.0,807.0,0.0036673448967818,7,True,False,False,False,False,False,False,0
20.39,24.6,0.0,802.5,0.0036390725207609,20.39,24.89,0.0,809.0,0.0036822261210526,7,True,False,False,False,False,False,False,0
20.39,24.65,0.0,802.5,0.0036465123719846,20.39,24.79,0.0,808.5,0.0036673448967818,7,True,False,False,False,False,False,False,0
20.39,24.65,0.0,805.0,0.0036465123719846,20.39,24.84,0.0,814.5,0.0036747854204324,7,True,False,False,False,False,False,False,0
20.39,24.6,0.0,806.0,0.0036390725207609,20.39,24.79,0.0,815.0,0.0036673448967818,7,True,False,False,False,False,False,False,0
20.39,24.6,0.0,809.0,0.0036390725207609,20.39,24.79,0.0,815.0,0.0036673448967818,7,True,False,False,False,False,False,False,0
20.39,24.6,0.0,809.0,0.0036390725207609,20.39,24.79,0.0,816.0,0.0036673448967818,7,True,False,False,False,False,False,False,0
20.39,24.6,0.0,803.5,0.0036390725207609,20.39,24.79,0.0,807.0,0.0036673448967818,7,True,False,False,False,False,False,False,0
20.39,24.6,0.0,805.333333333333,0.0036390725207609,20.39,24.79,0.0,801.5,0.0036673448967818,7,True,False,False,False,False,False,False,0
20.39,24.6,0.0,805.0,0.0036390725207609,20.39,24.79,0.0,807.5,0.0036673448967818,7,True,False,False,False,False,False,False,0
20.39,24.55,0.0,805.5,0.0036316328464765,20.39,24.79,0.0,813.5,0.0036673448967818,7,True,False,False,False,False,False,False,0
20.39,24.6,0.0,806.5,0.0036390725207609,20.39,24.79,0.0,820.5,0.0036673448967818,7,True,False,False,False,False,False,False,0
20.39,24.6,0.0,807.0,0.0036390725207609,20.39,24.79,0.0,815.0,0.0036673448967818,7,True,False,False,False,False,False,False,0
20.39,24.5,0.0,808.0,0.0036241933491251,20.39,24.79,0.0,811.0,0.0036673448967818,7,True,False,False,False,False,False,False,0
20.39,24.6,0.0,813.0,0.0036390725207609,20.39,24.7,0.0,810.0,0.0036539524001539,7,True,False,False,False,False,False,False,0
20.39,24.6,0.0,806.333333333333,0.0036390725207609,20.39,24.79,0.0,811.5,0.0036673448967818,7,True,False,False,False,False,False,False,0
20.39,24.55,0.0,803.666666666667,0.0036316328464765,20.39,24.7,0.0,808.0,0.0036539524001539,7,True,False,False,False,False,False,False,0
20.39,24.5,0.0,814.0,0.0036241933491251,20.39,24.745,0.0,812.0,0.0036606485768,7,True,False,False,False,False,False,False,0
20.39,24.5,0.0,816.5,0.0036241933491251,20.39,24.7225,0.0,811.25,0.0036573004705603,7,True,False,False,False,False,False,False,0
20.39,24.5,0.0,816.0,0.0036241933491251,20.39,24.79,0.0,809.5,0.0036673448967818,7,True,False,False,False,False,False,False,0
20.39,24.5,0.0,815.0,0.0036241933491251,20.39,24.7,0.0,806.0,0.0036539524001539,7,True,False,False,False,False,False,False,0
20.39,24.5,0.0,813.0,0.0036241933491251,20.39,24.7,0.0,806.0,0.0036539524001539,7,True,False,False,False,False,False,False,0
20.39,24.5,0.0,811.0,0.0036241933491251,20.39,24.7,0.0,809.333333333333,0.0036539524001539,7,True,False,False,False,False,False,False,0
20.39,24.5,0.0,806.0,0.0036241933491251,20.39,24.7,0.0,813.5,0.0036539524001539,7,True,False,False,False,False,False,False,0
20.39,24.39,0.0,813.5,0.003607827077725,20.39,24.7,0.0,816.5,0.0036539524001539,7,True,False,False,False,False,False,False,0
20.39,24.39,0.0,815.5,0.003607827077725,20.39,24.7,0.0,817.333333333333,0.0036539524001539,7,True,False,False,False,False,False,False,0
20.39,24.5,0.0,811.333333333333,0.0036241933491251,20.39,24.7,0.0,813.0,0.0036539524001539,7,True,False,False,False,False,False,False,0
20.39,24.39,0.0,818.0,0.003607827077725,20.39,24.7,0.0,811.0,0.0036539524001539,7,True,False,False,False,False,False,False,0
20.39,24.4633333333333,0.0,815.0,0.0036187378301811,20.39,24.7,0.0,811.5,0.0036539524001539,7,True,False,False,False,False,False,False,0
20.39,24.39,0.0,815.0,0.003607827077725,20.39,24.65,0.0,809.5,0.0036465123719846,7,True,False,False,False,False,False,False,0
20.39,24.4633333333333,0.0,820.666666666667,0.0036187378301811,20.39,24.6,0.0,806.0,0.0036390725207609,7,True,False,False,False,False,False,False,0
20.39,24.5,0.0,820.0,0.0036241933491251,20.39,24.6,0.0,802.5,0.0036390725207609,7,True,False,False,False,False,False,False,0
20.39,24.4725,0.0,813.75,0.0036201017009972,20.39,24.65,0.0,802.5,0.0036465123719846,7,True,False,False,False,False,False,False,0
20.39,24.445,0.0,814.5,0.0036160101063886,20.39,24.65,0.0,805.0,0.0036465123719846,7,True,False,False,False,False,False,False,0
20.39,24.39,0.0,823.0,0.003607827077725,20.39,24.6,0.0,806.0,0.0036390725207609,7,True,False,False,False,False,False,False,0
20.39,24.39,0.0,822.0,0.003607827077725,20.39,24.6,0.0,809.0,0.0036390725207609,7,True,False,False,False,False,False,False,0
20.39,24.39,0.0,821.0,0.003607827077725,20.39,24.6,0.0,809.0,0.0036390725207609,7,True,False,False,False,False,False,False,0
20.39,24.39,0.0,820.0,0.003607827077725,20.39,24.6,0.0,803.5,0.0036390725207609,7,True,False,False,False,False,False,False,0
20.39,24.39,0.0,817.666666666667,0.003607827077725,20.39,24.6,0.0,805.333333333333,0.0036390725207609,7,True,False,False,False,False,False,False,0
20.39,24.39,0.0,816.5,0.003607827077725,20.39,24.6,0.0,805.0,0.0036390725207609,7,True,False,False,False,False,False,False,0
20.39,24.39,0.0,814.0,0.003607827077725,20.39,24.55,0.0,805.5,0.0036316328464765,8,True,False,False,False,False,False,False,0
20.39,24.39,0.0,817.5,0.003607827077725,20.39,24.6,0.0,806.5,0.0036390725207609,8,True,False,False,False,False,False,False,0
20.39,24.29,0.0,817.5,0.0035929493922149,20.39,24.6,0.0,807.0,0.0036390725207609,8,True,False,False,False,False,False,False,0
20.39,24.29,0.0,825.0,0.0035929493922149,20.39,24.5,0.0,808.0,0.0036241933491251,8,True,False,False,False,False,False,False,0
20.39,24.29,0.0,823.666666666667,0.0035929493922149,20.39,24.6,0.0,813.0,0.0036390725207609,8,True,False,False,False,False,False,False,0
20.39,24.29,0.0,822.0,0.0035929493922149,20.39,24.6,0.0,806.333333333333,0.0036390725207609,8,True,False,False,False,False,False,False,0
20.39,24.29,0.0,816.5,0.0035929493922149,20.39,24.55,0.0,803.666666666667,0.0036316328464765,8,True,False,False,False,False,False,False,0
20.39,24.34,0.0,815.0,0.0036003881465167,20.39,24.5,0.0,814.0,0.0036241933491251,8,True,False,False,False,False,False,False,0
20.39,24.29,0.0,821.666666666667,0.0035929493922149,20.39,24.5,0.0,816.5,0.0036241933491251,8,True,False,False,False,False,False,False,0
20.39,24.29,0.0,821.5,0.0035929493922149,20.39,24.5,0.0,816.0,0.0036241933491251,8,True,False,False,False,False,False,False,0
20.39,24.29,0.0,826.5,0.0035929493922149,20.39,24.5,0.0,815.0,0.0036241933491251,8,True,False,False,False,False,False,False,0
20.39,24.29,0.0,826.333333333333,0.0035929493922149,20.39,24.5,0.0,813.0,0.0036241933491251,8,True,False,False,False,False,False,False,0
20.39,24.29,0.0,825.666666666667,0.0035929493922149,20.39,24.5,0.0,811.0,0.0036241933491251,8,True,False,False,False,False,False,False,0
20.39,24.29,0.0,813.5,0.0035929493922149,20.39,24.5,0.0,806.0,0.0036241933491251,8,True,False,False,False,False,False,False,0
20.39,24.29,0.0,809.0,0.0035929493922149,20.39,24.39,0.0,813.5,0.003607827077725,8,True,False,False,False,False,False,False,0
20.39,24.29,0.0,818.333333333333,0.0035929493922149,20.39,24.39,0.0,815.5,0.003607827077725,8,True,False,False,False,False,False,False,0
20.39,24.29,0.0,818.666666666667,0.0035929493922149,20.39,24.5,0.0,811.333333333333,0.0036241933491251,8,True,False,False,False,False,False,False,0
20.39,24.29,0.0,824.5,0.0035929493922149,20.39,24.39,0.0,818.0,0.003607827077725,8,True,False,False,False,False,False,False,0
20.39,24.29,0.0,830.0,0.0035929493922149,20.39,24.4633333333333,0.0,815.0,0.0036187378301811,8,True,False,False,False,False,False,False,0
20.39,24.29,7.0,826.0,0.0035929493922149,20.39,24.39,0.0,815.0,0.003607827077725,8,True,False,False,False,False,False,False,0
20.39,24.29,4.66666666666667,822.333333333333,0.0035929493922149,20.39,24.4633333333333,0.0,820.666666666667,0.0036187378301811,8,True,False,False,False,False,False,False,0
20.39,24.29,4.66666666666667,823.666666666667,0.0035929493922149,20.39,24.5,0.0,820.0,0.0036241933491251,8,True,False,False,False,False,False,False,0
20.39,24.29,7.0,826.25,0.0035929493922149,20.39,24.4725,0.0,813.75,0.0036201017009972,8,True,False,False,False,False,False,False,0
20.39,24.29,14.0,828.0,0.0035929493922149,20.39,24.445,0.0,814.5,0.0036160101063886,8,True,False,False,False,False,False,False,0
20.39,24.29,14.0,829.0,0.0035929493922149,20.39,24.39,0.0,823.0,0.003607827077725,8,True,False,False,False,False,False,False,0
20.39,24.29,14.0,828.333333333333,0.0035929493922149,20.39,24.39,0.0,822.0,0.003607827077725,8,True,False,False,False,False,False,False,0
20.39,24.29,14.0,826.5,0.0035929493922149,20.39,24.39,0.0,821.0,0.003607827077725,8,True,False,False,False,False,False,False,0
20.39,24.29,14.0,825.5,0.0035929493922149,20.39,24.39,0.0,820.0,0.003607827077725,8,True,False,False,False,False,False,False,0
20.39,24.29,14.0,819.0,0.0035929493922149,20.39,24.39,0.0,817.666666666667,0.003607827077725,8,True,False,False,False,False,False,False,0
20.39,24.29,14.0,819.0,0.0035929493922149,20.39,24.39,0.0,816.5,0.003607827077725,8,True,False,False,False,False,False,False,0
20.445,24.34,14.0,823.0,0.003612706872346,20.39,24.39,0.0,814.0,0.003607827077725,8,True,False,False,False,False,False,False,0
20.39,24.29,14.0,828.666666666667,0.0035929493922149,20.39,24.39,0.0,817.5,0.003607827077725,8,True,False,False,False,False,False,False,0
20.39,24.29,14.0,822.5,0.0035929493922149,20.39,24.29,0.0,817.5,0.0035929493922149,8,True,False,False,False,False,False,False,0
20.39,24.29,14.0,823.5,0.0035929493922149,20.39,24.29,0.0,825.0,0.0035929493922149,8,True,False,False,False,False,False,False,0
20.39,24.29,14.0,826.0,0.0035929493922149,20.39,24.29,0.0,823.666666666667,0.0035929493922149,8,True,False,False,False,False,False,False,0
20.39,24.29,7.0,833.5,0.0035929493922149,20.39,24.29,0.0,822.0,0.0035929493922149,8,True,False,False,False,False,False,False,0
20.39,24.29,14.0,829.0,0.0035929493922149,20.39,24.29,0.0,816.5,0.0035929493922149,8,True,False,False,False,False,False,False,0
20.39,24.29,14.0,828.0,0.0035929493922149,20.39,24.34,0.0,815.0,0.0036003881465167,8,True,False,False,False,False,False,False,0
20.39,24.29,7.0,830.0,0.0035929493922149,20.39,24.29,0.0,821.666666666667,0.0035929493922149,8,True,False,False,False,False,False,False,0
20.4266666666667,24.3233333333333,9.33333333333333,828.0,0.0036061112183685,20.39,24.29,0.0,821.5,0.0035929493922149,8,True,False,False,False,False,False,False,0
20.39,24.29,14.0,827.0,0.0035929493922149,20.39,24.29,0.0,826.5,0.0035929493922149,8,True,False,False,False,False,False,False,0
20.445,24.34,292.25,831.0,0.003612706872346,20.39,24.29,0.0,826.333333333333,0.0035929493922149,8,True,False,False,False,False,False,False,0
20.5,24.445,433.0,835.5,0.0036407923831168,20.39,24.29,0.0,825.666666666667,0.0035929493922149,8,True,False,False,False,False,False,False,1
20.4633333333333,24.6,414.333333333333,841.0,0.0036556833355373,20.39,24.29,0.0,813.5,0.0035929493922149,8,True,False,False,False,False,False,False,1
20.5,24.6,397.0,851.75,0.0036640137811265,20.39,24.29,0.0,809.0,0.0035929493922149,8,True,False,False,False,False,False,False,1
20.5,24.775,389.0,857.0,0.0036902335604075,20.39,24.29,0.0,818.333333333333,0.0035929493922149,8,True,False,False,False,False,False,False,1
20.5,25.05,389.0,856.5,0.0037314405110296,20.39,24.29,0.0,818.666666666667,0.0035929493922149,8,True,False,False,False,False,False,False,0
20.5,25.025,397.0,870.75,0.0037276942003278,20.39,24.29,0.0,824.5,0.0035929493922149,8,True,False,False,False,False,False,False,0
20.6,25.05,405.0,869.0,0.0037546672057036,20.39,24.29,0.0,830.0,0.0035929493922149,8,True,False,False,False,False,False,False,0
20.55,25.1,405.0,872.5,0.0037505541570583,20.39,24.29,7.0,826.0,0.0035929493922149,8,True,False,False,False,False,False,False,0
20.6,25.2,405.0,871.5,0.0037772867780388,20.39,24.29,4.66666666666667,822.333333333333,0.0035929493922149,8,True,False,False,False,False,False,False,0
20.6,25.2,405.0,875.75,0.0037772867780388,20.39,24.29,4.66666666666667,823.666666666667,0.0035929493922149,8,True,False,False,False,False,False,False,1
20.6,25.29,405.0,881.666666666667,0.0037908593063959,20.39,24.29,7.0,826.25,0.0035929493922149,8,True,False,False,False,False,False,False,1
20.6,25.29,405.0,883.5,0.0037908593063959,20.39,24.29,14.0,828.0,0.0035929493922149,8,True,False,False,False,False,False,False,1
20.6333333333333,25.36,399.666666666667,879.333333333333,0.0038092839710094,20.39,24.29,14.0,829.0,0.0035929493922149,8,True,False,False,False,False,False,False,1
20.65,25.445,389.0,874.25,0.0038260828088335,20.39,24.29,14.0,828.333333333333,0.0035929493922149,8,True,False,False,False,False,False,False,1
20.675,25.5475,393.0,882.333333333333,0.0038475505667833,20.39,24.29,14.0,826.5,0.0035929493922149,8,True,False,False,False,False,False,False,1
20.675,25.575,393.0,885.8,0.0038517178180399,20.39,24.29,14.0,825.5,0.0035929493922149,8,True,False,False,False,False,False,False,1
20.7,25.65,405.0,884.5,0.0038690756970336,20.39,24.29,14.0,819.0,0.0035929493922149,8,True,False,False,False,False,False,False,1
20.7,25.7,401.0,889.25,0.0038766647614018,20.39,24.29,14.0,819.0,0.0035929493922149,9,True,False,False,False,False,False,False,1
20.7,25.73,399.666666666667,891.666666666667,0.0038812182883647,20.445,24.34,14.0,823.0,0.003612706872346,9,True,False,False,False,False,False,False,1
20.7,25.79,405.0,899.0,0.0038903255410668,20.39,24.29,14.0,828.666666666667,0.0035929493922149,9,True,False,False,False,False,False,False,1
20.745,25.79,397.0,901.75,0.0039011921831294,20.39,24.29,14.0,822.5,0.0035929493922149,9,True,False,False,False,False,False,False,1
20.76,25.79,405.0,905.0,0.0039048203406907,20.39,24.29,14.0,823.5,0.0035929493922149,9,True,False,False,False,False,False,False,1
20.79,25.865,405.0,897.5,0.0039235340989341,20.39,24.29,14.0,826.0,0.0035929493922149,9,True,False,False,False,False,False,False,1
20.79,25.79,394.5,905.0,0.0039120855837458,20.39,24.29,7.0,833.5,0.0035929493922149,9,True,False,False,False,False,False,False,1
20.79,25.79,405.666666666667,899.0,0.0039120855837458,20.39,24.29,14.0,829.0,0.0035929493922149,9,True,False,False,False,False,False,False,1
20.79,26.065,399.0,901.75,0.0039540655203752,20.39,24.29,14.0,828.0,0.0035929493922149,9,True,False,False,False,False,False,False,1
20.79,26.46,399.0,933.333333333333,0.0040143738289429,20.39,24.29,7.0,830.0,0.0035929493922149,9,True,False,False,False,False,False,False,1
20.79,26.52,402.75,956.75,0.0040235356013603,20.4266666666667,24.3233333333333,9.33333333333333,828.0,0.0036061112183685,9,True,False,False,False,False,False,False,1
20.84,26.27,414.0,950.5,0.0039977273080121,20.39,24.29,14.0,827.0,0.0035929493922149,9,True,False,False,False,False,False,False,1
20.89,27.15,414.0,943.5,0.0041453527025924,20.445,24.34,292.25,831.0,0.003612706872346,9,True,False,False,False,False,False,False,1
20.89,26.65,421.5,957.5,0.0040685116801406,20.5,24.445,433.0,835.5,0.0036407923831168,9,True,False,False,False,False,False,False,1
20.89,26.7925,414.0,963.5,0.0040904094498765,20.4633333333333,24.6,414.333333333333,841.0,0.0036556833355373,9,True,False,False,False,False,False,False,1
20.89,26.9175,424.0,968.25,0.0041096192810532,20.5,24.6,397.0,851.75,0.0036640137811265,9,True,False,False,False,False,False,False,1
20.945,26.89,426.5,975.5,0.0041193968146969,20.5,24.775,389.0,857.0,0.0036902335604075,9,True,False,False,False,False,False,False,1
21.0,26.89,419.0,972.75,0.0041334427332755,20.5,25.05,389.0,856.5,0.0037314405110296,9,True,False,False,False,False,False,False,1
20.9633333333333,26.9633333333333,422.333333333333,983.333333333333,0.0041353958883958,20.5,25.025,397.0,870.75,0.0037276942003278,9,True,False,False,False,False,False,False,1
21.0,27.05,422.75,998.0,0.0041582018298854,20.6,25.05,405.0,869.0,0.0037546672057036,9,True,False,False,False,False,False,False,1
21.0,27.075,419.0,991.75,0.0041620706156101,20.55,25.1,405.0,872.5,0.0037505541570583,9,True,False,False,False,False,False,False,1
21.0,27.1,419.0,990.5,0.0041659394491425,20.6,25.2,405.0,871.5,0.0037772867780388,9,True,False,False,False,False,False,False,1
21.0,27.1,424.0,995.0,0.0041659394491425,20.6,25.2,405.0,875.75,0.0037772867780388,9,True,False,False,False,False,False,False,1
21.025,27.1975,424.0,999.5,0.0041875009729863,20.6,25.29,405.0,881.666666666667,0.0037908593063959,9,True,False,False,False,False,False,False,1
21.0,27.1966666666667,424.0,1001.0,0.0041808993886347,20.6,25.29,405.0,883.5,0.0037908593063959,9,True,False,False,False,False,False,False,1
21.05,27.3225,429.0,1008.5,0.004213388587127,20.6333333333333,25.36,399.666666666667,879.333333333333,0.0038092839710094,9,True,False,False,False,False,False,False,1
21.1,27.6,434.0,1014.33333333333,0.004269658894908,20.65,25.445,389.0,874.25,0.0038260828088335,9,True,False,False,False,False,False,False,1
21.1,27.4725,439.0,1020.0,0.004249800163648,20.675,25.5475,393.0,882.333333333333,0.0038475505667833,9,True,False,False,False,False,False,False,1
21.1,27.39,444.0,1014.5,0.0042369510674595,20.675,25.575,393.0,885.8,0.0038517178180399,9,True,False,False,False,False,False,False,1
21.1,27.3233333333333,447.333333333333,1014.0,0.0042265683446078,20.7,25.65,405.0,884.5,0.0038690756970336,9,True,False,False,False,False,False,False,1
21.1,27.1,444.0,1010.75,0.0041917887314371,20.7,25.7,401.0,889.25,0.0038766647614018,9,True,False,False,False,False,False,False,1
21.15,27.2675,442.75,1009.5,0.0042309320020105,20.7,25.73,399.666666666667,891.666666666667,0.0038812182883647,9,True,False,False,False,False,False,False,1
21.1,27.34,456.5,1017.5,0.0042291639930442,20.7,25.79,405.0,899.0,0.0038903255410668,9,True,False,False,False,False,False,False,1
21.14,27.274,456.25,1019.5,0.004229332163342,20.745,25.79,397.0,901.75,0.0039011921831294,9,True,False,False,False,False,False,False,1
21.1666666666667,27.1633333333333,470.25,1018.0,0.0042190035833803,20.76,25.79,405.0,905.0,0.0039048203406907,9,True,False,False,False,False,False,False,1
21.175,27.2,458.25,1018.75,0.0042269137835477,20.79,25.865,405.0,897.5,0.0039235340989341,9,True,False,False,False,False,False,False,1
21.2,27.1,464.25,1012.75,0.0042177794046749,20.79,25.79,394.5,905.0,0.0039120855837458,9,True,False,False,False,False,False,False,1
21.2,26.995,468.0,1009.25,0.0042013270725151,20.79,25.79,405.666666666667,899.0,0.0039120855837458,9,True,False,False,False,False,False,False,1
21.29,27.1,484.0,1008.5,0.0042412924516248,20.79,26.065,399.0,901.75,0.0039540655203752,9,True,False,False,False,False,False,False,1
21.23,27.1633333333333,489.0,1007.33333333333,0.0042355468602792,20.79,26.46,399.0,933.333333333333,0.0040143738289429,9,True,False,False,False,False,False,False,1
21.29,27.025,478.0,1010.5,0.0042294747420689,20.79,26.52,402.75,956.75,0.0040235356013603,9,True,False,False,False,False,False,False,1
21.29,27.05,488.0,1006.0,0.0042334139290294,20.84,26.27,414.0,950.5,0.0039977273080121,9,True,False,False,False,False,False,False,1
21.29,27.125,489.25,1000.25,0.0042452317872616,20.89,27.15,414.0,943.5,0.0041453527025924,9,True,False,False,False,False,False,False,1
21.29,27.1,502.0,995.0,0.0042412924516248,20.89,26.65,421.5,957.5,0.0040685116801406,9,True,False,False,False,False,False,False,1
21.29,27.22,498.25,992.25,0.0042602017146826,20.89,26.7925,414.0,963.5,0.0040904094498765,9,True,False,False,False,False,False,False,1
21.29,27.2933333333333,509.333333333333,1001.0,0.0042717579376017,20.89,26.9175,424.0,968.25,0.0041096192810532,9,True,False,False,False,False,False,False,1
21.315,27.1975,515.5,1004.5,0.004263231924701,20.945,26.89,426.5,975.5,0.0041193968146969,9,True,False,False,False,False,False,False,1
21.39,27.1333333333333,530.666666666667,997.333333333333,0.0042728388118242,21.0,26.89,419.0,972.75,0.0041334427332755,9,True,False,False,False,False,False,False,1
21.445,27.1,537.25,1004.25,0.0042820582992997,20.9633333333333,26.9633333333333,422.333333333333,983.333333333333,0.0041353958883958,9,True,False,False,False,False,False,False,1
21.4725,27.27,556.5,1006.75,0.004316420880705,21.0,27.05,422.75,998.0,0.0041582018298854,9,True,False,False,False,False,False,False,1
21.5,27.2,575.0,1010.5,0.0043125710230546,21.0,27.075,419.0,991.75,0.0041620706156101,9,True,False,False,False,False,False,False,1
21.5,27.26,571.333333333333,1015.33333333333,0.0043221501514208,21.0,27.1,419.0,990.5,0.0041659394491425,9,True,False,False,False,False,False,False,1
21.5,27.175,576.0,1018.0,0.0043085798060472,21.0,27.1,424.0,995.0,0.0041659394491425,9,True,False,False,False,False,False,False,1
21.6,27.2,554.0,1021.5,0.0043392333453417,21.025,27.1975,424.0,999.5,0.0041875009729863,9,True,False,False,False,False,False,False,1
21.62,27.18,544.5,1018.75,0.0043413663812813,21.0,27.1966666666667,424.0,1001.0,0.0041808993886347,9,True,False,False,False,False,False,False,1
21.6,26.8966666666667,534.25,1019.5,0.0042905085880863,21.05,27.3225,429.0,1008.5,0.004213388587127,9,True,False,False,False,False,False,False,1
21.6,26.8566666666667,536.333333333333,1009.0,0.0042840839111166,21.1,27.6,434.0,1014.33333333333,0.004269658894908,9,True,False,False,False,False,False,False,1
21.7,27.15,536.0,1002.0,0.0043579589315524,21.1,27.4725,439.0,1020.0,0.004249800163648,9,True,False,False,False,False,False,False,1
21.675,26.87,549.75,1006.0,0.0043060703858887,21.1,27.39,444.0,1014.5,0.0042369510674595,9,True,False,False,False,False,False,False,1
21.7,26.8933333333333,541.0,999.666666666667,0.004316474397126,21.1,27.3233333333333,447.333333333333,1014.0,0.0042265683446078,9,True,False,False,False,False,False,False,1
21.65,27.0,543.0,1003.0,0.0043203920999501,21.1,27.1,444.0,1010.75,0.0041917887314371,10,True,False,False,False,False,False,False,1
21.7,27.125,528.0,997.75,0.0043539179885787,21.15,27.2675,442.75,1009.5,0.0042309320020105,10,True,False,False,False,False,False,False,1
21.7,26.9966666666667,528.333333333333,995.333333333333,0.0043331753020892,21.1,27.34,456.5,1017.5,0.0042291639930442,10,True,False,False,False,False,False,False,1
21.7,26.9633333333333,529.333333333333,996.0,0.0043277878160767,21.14,27.274,456.25,1019.5,0.004229332163342,10,True,False,False,False,False,False,False,1
21.675,26.7,493.0,979.75,0.0042786395151189,21.1666666666667,27.1633333333333,470.25,1018.0,0.0042190035833803,10,True,False,False,False,False,False,False,1
21.7,26.6266666666667,489.0,946.0,0.0042733794022068,21.175,27.2,458.25,1018.75,0.0042269137835477,10,True,False,False,False,False,False,False,1
21.7,27.03,470.0,943.333333333333,0.0043385628807856,21.2,27.1,464.25,1012.75,0.0042177794046749,10,True,False,False,False,False,False,False,1
21.675,26.9425,461.5,978.75,0.0043177695764047,21.2,26.995,468.0,1009.25,0.0042013270725151,10,True,False,False,False,False,False,False,1
21.7,26.8225,454.0,985.5,0.0043050267106469,21.29,27.1,484.0,1008.5,0.0042412924516248,10,True,False,False,False,False,False,False,1
21.7,26.8566666666667,464.0,973.0,0.0043105484836449,21.23,27.1633333333333,489.0,1007.33333333333,0.0042355468602792,10,True,False,False,False,False,False,False,1
21.675,26.8925,465.25,956.5,0.0043097011223792,21.29,27.025,478.0,1010.5,0.0042294747420689,10,True,False,False,False,False,False,False,1
21.6,27.0333333333333,454.0,965.0,0.0043124605623217,21.29,27.05,488.0,1006.0,0.0042334139290294,10,True,False,False,False,False,False,False,1
21.6,26.8225,457.75,968.0,0.0042785962705843,21.29,27.125,489.25,1000.25,0.0042452317872616,10,True,False,False,False,False,False,False,1
21.6,27.125,460.25,963.5,0.0043271853097373,21.29,27.1,502.0,995.0,0.0042412924516248,10,True,False,False,False,False,False,False,1
21.6,26.945,461.5,980.0,0.0042982719152931,21.29,27.22,498.25,992.25,0.0042602017146826,10,True,False,False,False,False,False,False,1
21.5333333333333,27.1333333333333,462.333333333333,976.333333333333,0.0043107771839118,21.29,27.2933333333333,509.333333333333,1001.0,0.0042717579376017,10,True,False,False,False,False,False,False,1
21.5,27.025,449.0,976.666666666667,0.0042846335722016,21.315,27.1975,515.5,1004.5,0.004263231924701,10,True,False,False,False,False,False,False,1
21.525,26.9175,457.0,969.5,0.0042740551898508,21.39,27.1333333333333,530.666666666667,997.333333333333,0.0042728388118242,10,True,False,False,False,False,False,False,1
21.525,27.09,457.75,964.8,0.0043016347708623,21.445,27.1,537.25,1004.25,0.0042820582992997,10,True,False,False,False,False,False,False,1
21.5,27.1333333333333,454.0,978.666666666667,0.0043019278907415,21.4725,27.27,556.5,1006.75,0.004316420880705,10,True,False,False,False,False,False,False,1
21.5,27.1,454.0,968.5,0.0042966064602304,21.5,27.2,575.0,1010.5,0.0043125710230546,10,True,False,False,False,False,False,False,1
21.5,27.1725,450.25,964.5,0.0043081806871442,21.5,27.26,571.333333333333,1015.33333333333,0.0043221501514208,10,True,False,False,False,False,False,False,1
21.5,27.2225,439.0,972.0,0.0043161631618545,21.5,27.175,576.0,1018.0,0.0043085798060472,10,True,False,False,False,False,False,False,1
21.5,27.39,439.0,972.0,0.0043429059347874,21.6,27.2,554.0,1021.5,0.0043392333453417,10,True,False,False,False,False,False,False,1
21.4633333333333,27.26,446.0,974.666666666667,0.0043123884558059,21.62,27.18,544.5,1018.75,0.0043413663812813,10,True,False,False,False,False,False,False,1
21.4266666666667,27.1666666666667,453.0,960.666666666667,0.0042878131757977,21.6,26.8966666666667,534.25,1019.5,0.0042905085880863,10,True,False,False,False,False,False,False,1
21.445,27.27,439.0,969.75,0.0043091060121831,21.6,26.8566666666667,536.333333333333,1009.0,0.0042840839111166,10,True,False,False,False,False,False,False,1
21.4175,27.1725,439.0,968.75,0.0042863156113944,21.7,27.15,536.0,1002.0,0.0043579589315524,10,True,False,False,False,False,False,False,1
21.445,27.34,454.0,964.5,0.0043202439847867,21.675,26.87,549.75,1006.0,0.0043060703858887,10,True,False,False,False,False,False,False,1
21.4175,27.34,446.5,972.75,0.0043129210453306,21.7,26.8933333333333,541.0,999.666666666667,0.004316474397126,10,True,False,False,False,False,False,False,1
21.39,27.3566666666667,439.0,974.333333333333,0.0043082519697994,21.65,27.0,543.0,1003.0,0.0043203920999501,10,True,False,False,False,False,False,False,1
21.39,27.2675,449.5,975.0,0.0042941126540575,21.7,27.125,528.0,997.75,0.0043539179885787,10,True,False,False,False,False,False,False,1
21.39,27.05,439.0,965.0,0.0042596259728204,21.7,26.9966666666667,528.333333333333,995.333333333333,0.0043331753020892,10,True,False,False,False,False,False,False,1
21.365,27.2175,442.75,964.5,0.0042795767277302,21.7,26.9633333333333,529.333333333333,996.0,0.0043277878160767,10,True,False,False,False,False,False,False,1
21.3566666666667,27.3566666666667,449.0,965.666666666667,0.0042993981505074,21.675,26.7,493.0,979.75,0.0042786395151189,10,True,False,False,False,False,False,False,1
21.365,27.365,454.0,976.5,0.0043029295118344,21.7,26.6266666666667,489.0,946.0,0.0042733794022068,10,True,False,False,False,False,False,False,1
21.365,27.2675,454.0,979.25,0.0042874927306174,21.7,27.03,470.0,943.333333333333,0.0043385628807856,10,True,False,False,False,False,False,False,1
21.39,27.2933333333333,459.0,975.0,0.0042982090256416,21.675,26.9425,461.5,978.75,0.0043177695764047,10,True,False,False,False,False,False,False,1
21.39,27.2675,469.0,965.5,0.0042941126540575,21.7,26.8225,454.0,985.5,0.0043050267106469,10,True,False,False,False,False,False,False,1
21.39,27.29,459.0,972.0,0.0042976804585552,21.7,26.8566666666667,464.0,973.0,0.0043105484836449,10,True,False,False,False,False,False,False,1
21.39,27.29,462.333333333333,969.666666666667,0.0042976804585552,21.675,26.8925,465.25,956.5,0.0043097011223792,10,True,False,False,False,False,False,False,1
21.39,27.315,459.0,962.25,0.0043016447334502,21.6,27.0333333333333,454.0,965.0,0.0043124605623217,10,True,False,False,False,False,False,False,1
21.39,27.3933333333333,462.333333333333,963.333333333333,0.0043140664531057,21.6,26.8225,457.75,968.0,0.0042785962705843,10,True,False,False,False,False,False,False,1
21.39,27.39,459.0,972.75,0.0043135378592531,21.6,27.125,460.25,963.5,0.0043271853097373,10,True,False,False,False,False,False,False,1
21.39,27.39,454.0,965.0,0.0043135378592531,21.6,26.945,461.5,980.0,0.0042982719152931,10,True,False,False,False,False,False,False,1
21.39,27.39,449.0,962.0,0.0043135378592531,21.5333333333333,27.1333333333333,462.333333333333,976.333333333333,0.0043107771839118,10,True,False,False,False,False,False,False,1
21.39,27.4633333333333,454.0,966.333333333333,0.0043251671301227,21.5,27.025,449.0,976.666666666667,0.0042846335722016,10,True,False,False,False,False,False,False,1
21.445,27.55,459.0,975.0,0.0043536602795908,21.525,26.9175,457.0,969.5,0.0042740551898508,10,True,False,False,False,False,False,False,1
21.39,27.525,460.25,980.5,0.0043349466239906,21.525,27.09,457.75,964.8,0.0043016347708623,10,True,False,False,False,False,False,False,1
21.4725,27.575,454.0,982.5,0.0043650364761103,21.5,27.1333333333333,454.0,978.666666666667,0.0043019278907415,10,True,False,False,False,False,False,False,1
21.445,27.65,446.5,988.0,0.0043695740542239,21.5,27.1,454.0,968.5,0.0042966064602304,10,True,False,False,False,False,False,False,1
21.5,27.745,450.25,989.25,0.004399592197512,21.5,27.1725,450.25,964.5,0.0043081806871442,10,True,False,False,False,False,False,False,1
21.5,27.76,444.0,995.666666666667,0.0044019876176455,21.5,27.2225,439.0,972.0,0.0043161631618545,10,True,False,False,False,False,False,False,1
21.5,27.79,446.5,1005.75,0.0044067785128751,21.5,27.39,439.0,972.0,0.0043429059347874,10,True,False,False,False,False,False,False,1
21.5,27.79,454.0,1013.33333333333,0.0044067785128751,21.4633333333333,27.26,446.0,974.666666666667,0.0043123884558059,10,True,False,False,False,False,False,False,1
21.5,27.84,454.0,1019.5,0.0044147635011136,21.4266666666667,27.1666666666667,453.0,960.666666666667,0.0042878131757977,10,True,False,False,False,False,False,False,1
21.5,27.7675,454.0,1019.5,0.0044031853345826,21.445,27.27,439.0,969.75,0.0043091060121831,10,True,False,False,False,False,False,False,1
21.525,27.8725,450.25,1012.25,0.0044267726531357,21.4175,27.1725,439.0,968.75,0.0042863156113944,10,True,False,False,False,False,False,False,1
21.5,27.8233333333333,454.0,1010.0,0.0044121018157482,21.445,27.34,454.0,964.5,0.0043202439847867,10,True,False,False,False,False,False,False,1
21.5,27.8233333333333,439.0,1000.0,0.0044121018157482,21.4175,27.34,446.5,972.75,0.0043129210453306,10,True,False,False,False,False,False,False,1
21.5,28.0475,454.0,1014.5,0.0044479033778599,21.39,27.3566666666667,439.0,974.333333333333,0.0043082519697994,10,True,False,False,False,False,False,False,1
21.5,28.0333333333333,454.0,1017.0,0.0044456407044676,21.39,27.2675,449.5,975.0,0.0042941126540575,11,True,False,False,False,False,False,False,1
21.5,28.2675,457.75,1027.75,0.0044830434626174,21.39,27.05,439.0,965.0,0.0042596259728204,11,True,False,False,False,False,False,False,1
21.5,28.2266666666667,462.333333333333,1044.66666666667,0.0044765209519666,21.365,27.2175,442.75,964.5,0.0042795767277302,11,True,False,False,False,False,False,False,1
21.5,28.1,460.25,1039.5,0.0044562887217824,21.3566666666667,27.3566666666667,449.0,965.666666666667,0.0042993981505074,11,True,False,False,False,False,False,False,1
21.4633333333333,28.1666666666667,454.0,1048.66666666667,0.004456846073202,21.365,27.365,454.0,976.5,0.0043029295118344,11,True,False,False,False,False,False,False,1
21.4725,28.1975,464.0,1046.75,0.0044642835343676,21.365,27.2675,454.0,979.25,0.0042874927306174,11,True,False,False,False,False,False,False,1
21.5,28.29,469.0,1055.0,0.0044866375571365,21.39,27.2933333333333,459.0,975.0,0.0042982090256416,11,True,False,False,False,False,False,False,1
21.445,28.245,459.0,1061.0,0.0044642777355218,21.39,27.2675,469.0,965.5,0.0042941126540575,11,True,False,False,False,False,False,False,1
21.4725,28.245,459.0,1060.5,0.0044718578945947,21.39,27.29,459.0,972.0,0.0042976804585552,11,True,False,False,False,False,False,False,1
21.5,28.23,462.333333333333,1058.0,0.0044770533967247,21.39,27.29,462.333333333333,969.666666666667,0.0042976804585552,11,True,False,False,False,False,False,False,1
21.5,28.29,454.0,1059.5,0.0044866375571365,21.39,27.315,459.0,962.25,0.0043016447334502,11,True,False,False,False,False,False,False,1
21.4725,28.2925,454.0,1047.0,0.0044794324379819,21.39,27.3933333333333,462.333333333333,963.333333333333,0.0043140664531057,11,True,False,False,False,False,False,False,1
21.5,28.39,454.0,1030.0,0.0045026118094986,21.39,27.39,459.0,972.75,0.0043135378592531,11,True,False,False,False,False,False,False,1
21.4633333333333,28.3566666666667,454.0,1033.5,0.0044871268874124,21.39,27.39,454.0,965.0,0.0043135378592531,11,True,False,False,False,False,False,False,1
21.5,28.365,454.0,1034.2,0.0044986181700372,21.39,27.39,449.0,962.0,0.0043135378592531,11,True,False,False,False,False,False,False,1
21.5,28.3233333333333,454.0,1034.66666666667,0.0044919622174112,21.39,27.4633333333333,454.0,966.333333333333,0.0043251671301227,11,True,False,False,False,False,False,False,1
21.4725,28.315,454.0,1034.75,0.0044830204435167,21.445,27.55,459.0,975.0,0.0043536602795908,11,True,False,False,False,False,False,False,1
21.5,28.29,454.0,1031.0,0.0044866375571365,21.39,27.525,460.25,980.5,0.0043349466239906,11,True,False,False,False,False,False,False,1
21.5,28.34,454.0,1027.5,0.0044946245814904,21.4725,27.575,454.0,982.5,0.0043650364761103,11,True,False,False,False,False,False,False,1
21.5,28.365,454.0,1028.75,0.0044986181700372,21.445,27.65,446.5,988.0,0.0043695740542239,11,True,False,False,False,False,False,False,1
21.4725,28.3175,454.0,1021.0,0.0044834191133353,21.5,27.745,450.25,989.25,0.004399592197512,11,True,False,False,False,False,False,False,1
21.5,28.175,454.0,1012.25,0.0044682681739486,21.5,27.76,444.0,995.666666666667,0.0044019876176455,11,True,False,False,False,False,False,False,1
21.5,28.15,454.0,1008.5,0.0044642749723207,21.5,27.79,446.5,1005.75,0.0044067785128751,11,True,False,False,False,False,False,False,1
21.5,28.2425,454.0,1010.0,0.0044790500726281,21.5,27.79,454.0,1013.33333333333,0.0044067785128751,11,True,False,False,False,False,False,False,1
21.4725,28.2925,450.25,1006.25,0.0044794324379819,21.5,27.84,454.0,1019.5,0.0044147635011136,11,True,False,False,False,False,False,False,1
21.5,28.3566666666667,439.0,1009.0,0.0044972869681978,21.5,27.7675,454.0,1019.5,0.0044031853345826,11,True,False,False,False,False,False,False,1
21.4725,28.39,446.5,1012.0,0.0044949807587966,21.525,27.8725,450.25,1012.25,0.0044267726531357,11,True,False,False,False,False,False,False,1
21.5,28.4633333333333,454.0,1016.0,0.0045143267789817,21.5,27.8233333333333,454.0,1010.0,0.0044121018157482,11,True,False,False,False,False,False,False,1
21.445,28.3675,454.0,1016.25,0.0044837791072682,21.5,27.8233333333333,439.0,1000.0,0.0044121018157482,11,True,False,False,False,False,False,False,1
21.4266666666667,28.46,444.0,1011.0,0.0044934193254275,21.5,28.0475,454.0,1014.5,0.0044479033778599,11,True,False,False,False,False,False,False,1
21.4175,28.42,450.25,1011.75,0.0044845208200134,21.5,28.0333333333333,454.0,1017.0,0.0044456407044676,11,True,False,False,False,False,False,False,1
21.445,28.495,454.0,1007.0,0.0045040777428856,21.5,28.2675,457.75,1027.75,0.0044830434626174,11,True,False,False,False,False,False,False,1
21.4175,28.4975,454.0,1005.5,0.0044968383087117,21.5,28.2266666666667,462.333333333333,1044.66666666667,0.0044765209519666,11,True,False,False,False,False,False,False,1
21.39,28.39,439.0,1001.0,0.004472156042178,21.5,28.1,460.25,1039.5,0.0044562887217824,11,True,False,False,False,False,False,False,1
21.39,28.4725,442.75,1003.0,0.0044852456298781,21.4633333333333,28.1666666666667,454.0,1048.66666666667,0.004456846073202,11,True,False,False,False,False,False,False,1
21.39,28.4266666666667,454.0,1000.66666666667,0.0044779735691824,21.4725,28.1975,464.0,1046.75,0.0044642835343676,11,True,False,False,False,False,False,False,1
21.39,28.445,450.25,999.75,0.0044808823732017,21.5,28.29,469.0,1055.0,0.0044866375571365,11,True,False,False,False,False,False,False,1
21.39,28.4725,446.5,999.75,0.0044852456298781,21.445,28.245,459.0,1061.0,0.0044642777355218,11,True,False,False,False,False,False,False,1
21.39,28.4725,439.0,998.25,0.0044852456298781,21.4725,28.245,459.0,1060.5,0.0044718578945947,11,True,False,False,False,False,False,False,1
21.4266666666667,28.5,444.0,993.0,0.004499780430698,21.5,28.23,462.333333333333,1058.0,0.0044770533967247,11,True,False,False,False,False,False,False,1
21.4725,28.4725,446.5,994.5,0.0045081376330737,21.5,28.29,454.0,1059.5,0.0044866375571365,11,True,False,False,False,False,False,False,1
21.5,28.5,439.0,998.0,0.0045201844280184,21.4725,28.2925,454.0,1047.0,0.0044794324379819,11,True,False,False,False,False,False,False,1
21.5,28.34,439.0,989.75,0.0044946245814904,21.5,28.39,454.0,1030.0,0.0045026118094986,11,True,False,False,False,False,False,False,1
21.525,28.29,446.5,968.75,0.0044935599706281,21.4633333333333,28.3566666666667,454.0,1033.5,0.0044871268874124,11,True,False,False,False,False,False,False,1
21.5,28.3233333333333,454.0,972.0,0.0044919622174112,21.5,28.365,454.0,1034.2,0.0044986181700372,11,True,False,False,False,False,False,False,1
21.5,28.29,454.0,976.0,0.0044866375571365,21.5,28.3233333333333,454.0,1034.66666666667,0.0044919622174112,11,True,False,False,False,False,False,False,1
21.6,28.245,454.0,992.75,0.004507150876112,21.4725,28.315,454.0,1034.75,0.0044830204435167,11,True,False,False,False,False,False,False,1
21.6,28.2,454.0,985.666666666667,0.0044999181226003,21.5,28.29,454.0,1031.0,0.0044866375571365,11,True,False,False,False,False,False,False,1
21.6,28.2,454.0,976.25,0.0044999181226003,21.5,28.34,454.0,1027.5,0.0044946245814904,11,True,False,False,False,False,False,False,1
21.575,28.2,454.0,974.0,0.004492989837517,21.5,28.365,454.0,1028.75,0.0044986181700372,11,True,False,False,False,False,False,False,1
21.6,28.1,454.0,965.0,0.0044838459348974,21.4725,28.3175,454.0,1021.0,0.0044834191133353,11,True,False,False,False,False,False,False,1
21.6,28.1,454.0,963.666666666667,0.0044838459348974,21.5,28.175,454.0,1012.25,0.0044682681739486,11,True,False,False,False,False,False,False,1
21.575,28.1,454.0,966.25,0.0044769425721387,21.5,28.15,454.0,1008.5,0.0044642749723207,11,True,False,False,False,False,False,False,1
21.5333333333333,28.1,454.0,961.0,0.0044654578072848,21.5,28.2425,454.0,1010.0,0.0044790500726281,11,True,False,False,False,False,False,False,1
21.5,28.175,454.0,967.5,0.0044682681739486,21.4725,28.2925,450.25,1006.25,0.0044794324379819,11,True,False,False,False,False,False,False,0
21.525,28.175,454.0,967.0,0.0044751620429443,21.5,28.3566666666667,439.0,1009.0,0.0044972869681978,11,True,False,False,False,False,False,False,0
21.5,28.15,454.0,958.5,0.0044642749723207,21.4725,28.39,446.5,1012.0,0.0044949807587966,11,True,False,False,False,False,False,False,0
21.5,28.15,454.0,962.5,0.0044642749723207,21.5,28.4633333333333,454.0,1016.0,0.0045143267789817,11,True,False,False,False,False,False,False,1
21.5,28.245,454.0,964.5,0.0044794494093361,21.445,28.3675,454.0,1016.25,0.0044837791072682,11,True,False,False,False,False,False,False,1
21.5,28.2,454.0,958.666666666667,0.0044722614264837,21.4266666666667,28.46,444.0,1011.0,0.0044934193254275,12,True,False,False,False,False,False,False,1
21.5,28.2,454.0,963.0,0.0044722614264837,21.4175,28.42,450.25,1011.75,0.0044845208200134,12,True,False,False,False,False,False,False,1
21.5,28.1666666666667,454.0,956.666666666667,0.004466937101083,21.445,28.495,454.0,1007.0,0.0045040777428856,12,True,False,False,False,False,False,False,1
21.5,28.1,457.75,946.75,0.0044562887217824,21.4175,28.4975,454.0,1005.5,0.0044968383087117,12,True,False,False,False,False,False,False,1
21.5,28.1,454.0,949.333333333333,0.0044562887217824,21.39,28.39,439.0,1001.0,0.004472156042178,12,True,False,False,False,False,False,False,1
21.445,28.05,454.0,946.25,0.0044332372400074,21.39,28.4725,442.75,1003.0,0.0044852456298781,12,True,False,False,False,False,False,False,1
21.39,27.9175,461.5,931.5,0.0043971989395387,21.39,28.4266666666667,454.0,1000.66666666667,0.0044779735691824,12,True,False,False,False,False,False,False,1
21.39,28.0,469.0,914.0,0.0044102853950672,21.39,28.445,450.25,999.75,0.0044808823732017,12,True,False,False,False,False,False,False,1
21.39,28.0666666666667,459.0,914.333333333333,0.0044208607080865,21.39,28.4725,446.5,999.75,0.0044852456298781,12,True,False,False,False,False,False,False,1
21.365,27.9975,465.25,916.75,0.0044030891657573,21.39,28.4725,439.0,998.25,0.0044852456298781,12,True,False,False,False,False,False,False,1
21.29,28.025,469.0,918.25,0.0043870808848485,21.4266666666667,28.5,444.0,993.0,0.004499780430698,12,True,False,False,False,False,False,False,1
21.315,28.075,454.0,919.75,0.0044017542201784,21.4725,28.4725,446.5,994.5,0.0045081376330737,12,True,False,False,False,False,False,False,1
21.29,28.05,454.0,921.5,0.0043910220548525,21.5,28.5,439.0,998.0,0.0045201844280184,12,True,False,False,False,False,False,False,1
21.29,27.9633333333333,454.0,919.0,0.0043773595442135,21.5,28.34,439.0,989.75,0.0044946245814904,12,True,False,False,False,False,False,False,1
21.29,28.025,454.0,913.25,0.0043870808848485,21.525,28.29,446.5,968.75,0.0044935599706281,12,True,False,False,False,False,False,False,1
21.29,27.9725,454.0,909.5,0.0043788045892687,21.5,28.3233333333333,454.0,972.0,0.0044919622174112,12,True,False,False,False,False,False,False,1
21.29,27.8933333333333,454.0,909.0,0.0043663248745558,21.5,28.29,454.0,976.0,0.0044866375571365,12,True,False,False,False,False,False,False,1
21.29,27.92,454.0,910.0,0.0043705285123912,21.6,28.245,454.0,992.75,0.004507150876112,12,True,False,False,False,False,False,False,1
21.29,27.89,454.0,903.0,0.0043657994237936,21.6,28.2,454.0,985.666666666667,0.0044999181226003,12,True,False,False,False,False,False,False,1
21.29,28.156,454.0,896.2,0.0044077331666244,21.6,28.2,454.0,976.25,0.0044999181226003,12,True,False,False,False,False,False,False,1
21.29,28.0666666666667,454.0,905.666666666667,0.0043936495290747,21.575,28.2,454.0,974.0,0.004492989837517,12,True,False,False,False,False,False,False,1
21.34,28.15,454.0,905.5,0.0044204152028822,21.6,28.1,454.0,965.0,0.0044838459348974,12,True,False,False,False,False,False,False,1
21.445,28.075,454.0,907.5,0.0044372166188114,21.6,28.1,454.0,963.666666666667,0.0044838459348974,12,True,False,False,False,False,False,False,1
21.5,28.175,454.0,914.5,0.0044682681739486,21.575,28.1,454.0,966.25,0.0044769425721387,12,True,False,False,False,False,False,False,1
21.5,28.15,454.0,924.5,0.0044642749723207,21.5333333333333,28.1,454.0,961.0,0.0044654578072848,12,True,False,False,False,False,False,False,1
21.5,28.3633333333333,454.0,936.333333333333,0.0044983519292167,21.5,28.175,454.0,967.5,0.0044682681739486,12,True,False,False,False,False,False,False,1
21.5,28.2675,454.0,948.0,0.0044830434626174,21.525,28.175,454.0,967.0,0.0044751620429443,12,True,False,False,False,False,False,False,1
21.5333333333333,28.2266666666667,454.0,952.333333333333,0.0044857319645993,21.5,28.15,454.0,958.5,0.0044642749723207,12,True,False,False,False,False,False,False,1
21.5,28.15,454.0,941.25,0.0044642749723207,21.5,28.15,454.0,962.5,0.0044642749723207,12,True,False,False,False,False,False,False,1
21.5333333333333,27.96,454.0,932.0,0.0044430510547679,21.5,28.245,454.0,964.5,0.0044794494093361,12,True,False,False,False,False,False,False,1
21.5,27.89,469.0,905.75,0.0044227486929285,21.5,28.2,454.0,958.666666666667,0.0044722614264837,12,True,False,False,False,False,False,False,1
21.5666666666667,27.89,462.333333333333,908.666666666667,0.0044409643815329,21.5,28.2,454.0,963.0,0.0044722614264837,12,True,False,False,False,False,False,False,1
21.575,28.0475,469.0,909.0,0.0044685180869009,21.5,28.1666666666667,454.0,956.666666666667,0.004466937101083,12,True,False,False,False,False,False,False,1
21.6,28.05,469.0,915.0,0.0044758101502781,21.5,28.1,457.75,946.75,0.0044562887217824,12,True,False,False,False,False,False,False,1
21.6,28.0,469.0,915.666666666667,0.004467774571803,21.5,28.1,454.0,949.333333333333,0.0044562887217824,12,True,False,False,False,False,False,False,1
21.6,28.025,459.0,916.5,0.004471792335273,21.445,28.05,454.0,946.25,0.0044332372400074,12,True,False,False,False,False,False,False,1
21.6,27.85,449.0,913.5,0.0044436690731637,21.39,27.9175,461.5,931.5,0.0043971989395387,12,True,False,False,False,False,False,False,1
21.6,27.7925,459.0,906.0,0.0044344291238661,21.39,28.0,469.0,914.0,0.0044102853950672,12,True,False,False,False,False,False,False,1
21.5,27.945,459.0,902.0,0.0044315326390651,21.39,28.0666666666667,459.0,914.333333333333,0.0044208607080865,12,True,False,False,False,False,False,False,1
21.55,28.1,469.0,909.75,0.004470048589715,21.365,27.9975,465.25,916.75,0.0044030891657573,12,True,False,False,False,False,False,False,1
21.6,27.97,464.0,908.75,0.0044629533236639,21.29,28.025,469.0,918.25,0.0043870808848485,12,True,False,False,False,False,False,False,1
21.575,28.02,459.0,900.75,0.004464105351724,21.315,28.075,454.0,919.75,0.0044017542201784,12,True,False,False,False,False,False,False,1
21.6,28.1,459.0,901.0,0.0044838459348974,21.29,28.05,454.0,921.5,0.0043910220548525,12,True,False,False,False,False,False,False,1
21.6,27.96,462.333333333333,905.5,0.0044613462574414,21.29,27.9633333333333,454.0,919.0,0.0043773595442135,12,True,False,False,False,False,False,False,1
21.6,28.15,459.0,907.75,0.0044918819256688,21.29,28.025,454.0,913.25,0.0043870808848485,12,True,False,False,False,False,False,False,1
21.625,28.05,459.0,905.5,0.0044827104269773,21.29,27.9725,454.0,909.5,0.0043788045892687,12,True,False,False,False,False,False,False,1
21.6,28.0,459.0,907.0,0.004467774571803,21.29,27.8933333333333,454.0,909.0,0.0043663248745558,12,True,False,False,False,False,False,False,1
21.6,28.025,464.0,912.5,0.004471792335273,21.29,27.92,454.0,910.0,0.0043705285123912,12,True,False,False,False,False,False,False,1
21.6,28.1,464.0,910.0,0.0044838459348974,21.29,27.89,454.0,903.0,0.0043657994237936,12,True,False,False,False,False,False,False,1
21.625,28.125,464.0,905.75,0.0044947828975988,21.29,28.156,454.0,896.2,0.0044077331666244,12,True,False,False,False,False,False,False,1
21.65,28.1,479.0,906.5,0.004497680845577,21.29,28.0666666666667,454.0,905.666666666667,0.0043936495290747,12,True,False,False,False,False,False,False,1
21.625,28.05,479.0,912.75,0.0044827104269773,21.34,28.15,454.0,905.5,0.0044204152028822,12,True,False,False,False,False,False,False,1
21.55,28.0,464.0,894.0,0.004454027031774,21.445,28.075,454.0,907.5,0.0044372166188114,12,True,False,False,False,False,False,False,1
21.575,28.05,464.0,897.5,0.0044689192477269,21.5,28.175,454.0,914.5,0.0044682681739486,12,True,False,False,False,False,False,False,1
21.5,28.0666666666667,464.0,898.333333333333,0.004450964667878,21.5,28.15,454.0,924.5,0.0044642749723207,12,True,False,False,False,False,False,False,1
21.525,28.075,464.0,894.5,0.0044591647232786,21.5,28.3633333333333,454.0,936.333333333333,0.0044983519292167,12,True,False,False,False,False,False,False,0
21.5,28.1,456.5,892.0,0.0044562887217824,21.5,28.2675,454.0,948.0,0.0044830434626174,12,True,False,False,False,False,False,False,1
21.5,28.175,460.25,902.25,0.0044682681739486,21.5333333333333,28.2266666666667,454.0,952.333333333333,0.0044857319645993,12,True,False,False,False,False,False,False,1
21.5,28.1,456.5,901.0,0.0044562887217824,21.5,28.15,454.0,941.25,0.0044642749723207,12,True,False,False,False,False,False,False,1
21.5,28.125,467.75,895.25,0.004460281821599,21.5333333333333,27.96,454.0,932.0,0.0044430510547679,12,True,False,False,False,False,False,False,1
21.525,28.125,467.75,890.333333333333,0.0044671632809855,21.5,27.89,469.0,905.75,0.0044227486929285,13,True,False,False,False,False,False,False,1
21.5,28.2675,467.75,894.4,0.0044830434626174,21.5666666666667,27.89,462.333333333333,908.666666666667,0.0044409643815329,13,True,False,False,False,False,False,False,1
21.6,28.1333333333333,464.0,903.333333333333,0.004489203239172,21.575,28.0475,469.0,909.0,0.0044685180869009,13,True,False,False,False,False,False,False,1
21.575,28.1,464.0,904.75,0.0044769425721387,21.6,28.05,469.0,915.0,0.0044758101502781,13,True,False,False,False,False,False,False,1
21.6,28.1,464.0,904.0,0.0044838459348974,21.6,28.0,469.0,915.666666666667,0.004467774571803,13,True,False,False,False,False,False,False,1
21.6,28.1333333333333,464.0,898.0,0.004489203239172,21.6,28.025,459.0,916.5,0.004471792335273,13,True,False,False,False,False,False,False,1
21.6,28.1,464.0,893.5,0.0044838459348974,21.6,27.85,449.0,913.5,0.0044436690731637,13,True,False,False,False,False,False,False,1
21.5666666666667,28.1,464.0,892.333333333333,0.0044746435362827,21.6,27.7925,459.0,906.0,0.0044344291238661,13,True,False,False,False,False,False,False,1
21.525,28.1,457.75,888.0,0.0044631639766011,21.5,27.945,459.0,902.0,0.0044315326390651,13,True,False,False,False,False,False,False,1
21.525,28.1725,459.0,888.5,0.0044747620999952,21.55,28.1,469.0,909.75,0.004470048589715,13,True,False,False,False,False,False,False,1
21.55,28.2,459.0,895.0,0.0044860709671795,21.6,27.97,464.0,908.75,0.0044629533236639,13,True,False,False,False,False,False,False,1
21.5,28.29,459.0,897.5,0.0044866375571365,21.575,28.02,459.0,900.75,0.004464105351724,13,True,False,False,False,False,False,False,1
21.55,28.2,459.0,900.25,0.0044860709671795,21.6,28.1,459.0,901.0,0.0044838459348974,13,True,False,False,False,False,False,False,1
21.5,28.2675,459.0,906.75,0.0044830434626174,21.6,27.96,462.333333333333,905.5,0.0044613462574414,13,True,False,False,False,False,False,False,1
21.5,28.1,459.0,893.5,0.0044562887217824,21.6,28.15,459.0,907.75,0.0044918819256688,13,True,False,False,False,False,False,False,1
21.5,28.2225,457.75,886.0,0.0044758553972918,21.625,28.05,459.0,905.5,0.0044827104269773,13,True,False,False,False,False,False,False,1
21.5,28.29,469.0,886.5,0.0044866375571365,21.6,28.0,459.0,907.0,0.004467774571803,13,True,False,False,False,False,False,False,1
21.4633333333333,28.26,454.0,889.25,0.0044717204933334,21.6,28.025,464.0,912.5,0.004471792335273,13,True,False,False,False,False,False,False,1
21.445,28.245,454.0,880.25,0.0044642777355218,21.6,28.1,464.0,910.0,0.0044838459348974,13,True,False,False,False,False,False,False,0
21.5,28.29,464.0,875.666666666667,0.0044866375571365,21.625,28.125,464.0,905.75,0.0044947828975988,13,True,False,False,False,False,False,False,1
21.5,28.2675,457.75,873.75,0.0044830434626174,21.65,28.1,479.0,906.5,0.004497680845577,13,True,False,False,False,False,False,False,0
21.5,28.29,469.0,883.0,0.0044866375571365,21.625,28.05,479.0,912.75,0.0044827104269773,13,True,False,False,False,False,False,False,1
21.5,28.34,461.5,884.5,0.0044946245814904,21.55,28.0,464.0,894.0,0.004454027031774,13,True,False,False,False,False,False,False,1
21.5,28.2675,464.0,882.5,0.0044830434626174,21.575,28.05,464.0,897.5,0.0044689192477269,13,True,False,False,False,False,False,False,1
21.5,28.1,459.0,871.0,0.0044562887217824,21.5,28.0666666666667,464.0,898.333333333333,0.004450964667878,13,True,False,False,False,False,False,False,1
21.5,28.0475,464.0,870.75,0.0044479033778599,21.525,28.075,464.0,894.5,0.0044591647232786,13,True,False,False,False,False,False,False,1
21.5,27.9966666666667,464.0,858.0,0.0044397844492342,21.5,28.1,456.5,892.0,0.0044562887217824,13,True,False,False,False,False,False,False,1
21.5,28.2675,459.0,860.0,0.0044830434626174,21.5,28.175,460.25,902.25,0.0044682681739486,13,True,False,False,False,False,False,False,1
21.5333333333333,28.23,462.333333333333,872.333333333333,0.0044862655127758,21.5,28.1,456.5,901.0,0.0044562887217824,13,True,False,False,False,False,False,False,1
21.6,28.1,459.0,871.75,0.0044838459348974,21.5,28.125,467.75,895.25,0.004460281821599,13,True,False,False,False,False,False,False,1
21.6,27.9975,459.0,869.75,0.0044673727982904,21.525,28.125,467.75,890.333333333333,0.0044671632809855,13,True,False,False,False,False,False,False,1
21.6,27.995,459.0,868.0,0.0044669710252931,21.5,28.2675,467.75,894.4,0.0044830434626174,13,True,False,False,False,False,False,False,1
21.6,28.05,459.0,865.25,0.0044758101502781,21.6,28.1333333333333,464.0,903.333333333333,0.004489203239172,13,True,False,False,False,False,False,False,1
21.6,28.0,469.0,857.0,0.004467774571803,21.575,28.1,464.0,904.75,0.0044769425721387,13,True,False,False,False,False,False,False,1
21.6,28.025,459.0,856.25,0.004471792335273,21.6,28.1,464.0,904.0,0.0044838459348974,13,True,False,False,False,False,False,False,1
21.65,28.1,469.0,858.5,0.004497680845577,21.6,28.1333333333333,464.0,898.0,0.004489203239172,13,True,False,False,False,False,False,False,1
21.7,28.2,454.0,865.0,0.0045277256321305,21.6,28.1,464.0,893.5,0.0044838459348974,13,True,False,False,False,False,False,False,1
21.6,27.7933333333333,454.0,853.0,0.0044345630342282,21.5666666666667,28.1,464.0,892.333333333333,0.0044746435362827,13,True,False,False,False,False,False,False,1
21.6,28.0666666666667,454.0,853.0,0.0044784887222459,21.525,28.1,457.75,888.0,0.0044631639766011,13,True,False,False,False,False,False,False,1
21.6,28.15,454.0,869.25,0.0044918819256688,21.525,28.1725,459.0,888.5,0.0044747620999952,13,True,False,False,False,False,False,False,1
21.65,28.2225,454.0,873.0,0.0045174305762271,21.55,28.2,459.0,895.0,0.0044860709671795,13,True,False,False,False,False,False,False,1
21.6,28.0,446.5,863.0,0.004467774571803,21.5,28.29,459.0,897.5,0.0044866375571365,13,True,False,False,False,False,False,False,1
21.625,27.92,446.5,859.75,0.0044617859133689,21.55,28.2,459.0,900.25,0.0044860709671795,13,True,False,False,False,False,False,False,1
21.5666666666667,27.8566666666667,446.0,856.0,0.0044356188169633,21.5,28.2675,459.0,906.75,0.0044830434626174,13,True,False,False,False,False,False,False,1
21.5,28.075,449.5,852.0,0.0044522956728702,21.5,28.1,459.0,893.5,0.0044562887217824,13,True,False,False,False,False,False,False,1
21.5,28.0,454.0,857.25,0.0044403168315491,21.5,28.2225,457.75,886.0,0.0044758553972918,13,True,False,False,False,False,False,False,1
21.5,28.0666666666667,454.0,853.333333333333,0.004450964667878,21.5,28.29,469.0,886.5,0.0044866375571365,13,True,False,False,False,False,False,False,1
21.525,28.1,454.0,844.5,0.0044631639766011,21.4633333333333,28.26,454.0,889.25,0.0044717204933334,13,True,False,False,False,False,False,False,1
21.5,28.0,454.0,845.0,0.0044403168315491,21.445,28.245,454.0,880.25,0.0044642777355218,13,True,False,False,False,False,False,False,1
21.5333333333333,28.0666666666667,454.0,840.0,0.0044601227208229,21.5,28.29,464.0,875.666666666667,0.0044866375571365,13,True,False,False,False,False,False,False,1
21.5,27.9175,454.0,833.0,0.0044271406352041,21.5,28.2675,457.75,873.75,0.0044830434626174,13,True,False,False,False,False,False,False,1
21.5,28.125,454.0,830.0,0.004460281821599,21.5,28.29,469.0,883.0,0.0044866375571365,13,True,False,False,False,False,False,False,1
21.5,28.2,454.0,837.5,0.0044722614264837,21.5,28.34,461.5,884.5,0.0044946245814904,13,True,False,False,False,False,False,False,1
21.5,28.1,454.0,841.75,0.0044562887217824,21.5,28.2675,464.0,882.5,0.0044830434626174,13,True,False,False,False,False,False,False,1
21.5,28.1,454.0,843.5,0.0044562887217824,21.5,28.1,459.0,871.0,0.0044562887217824,13,True,False,False,False,False,False,False,1
21.4725,28.1,461.5,844.25,0.004448736737181,21.5,28.0475,464.0,870.75,0.0044479033778599,13,True,False,False,False,False,False,False,1
21.5,28.125,469.0,834.5,0.004460281821599,21.5,27.9966666666667,464.0,858.0,0.0044397844492342,13,True,False,False,False,False,False,False,1
21.4725,28.075,469.0,831.0,0.0044447505032218,21.5,28.2675,459.0,860.0,0.0044830434626174,13,True,False,False,False,False,False,False,1
21.445,28.1,459.0,832.0,0.0044411960481732,21.5333333333333,28.23,462.333333333333,872.333333333333,0.0044862655127758,13,True,False,False,False,False,False,False,1
21.5,28.175,459.0,835.25,0.0044682681739486,21.6,28.1,459.0,871.75,0.0044838459348974,13,True,False,False,False,False,False,False,1
21.5,28.2,469.0,844.333333333333,0.0044722614264837,21.6,27.9975,459.0,869.75,0.0044673727982904,13,True,False,False,False,False,False,False,1
21.5,28.2,461.5,846.0,0.0044722614264837,21.6,27.995,459.0,868.0,0.0044669710252931,14,True,False,False,False,False,False,False,1
21.5,28.2,454.0,840.5,0.0044722614264837,21.6,28.05,459.0,865.25,0.0044758101502781,14,True,False,False,False,False,False,False,1
21.5,28.2,454.0,837.333333333333,0.0044722614264837,21.6,28.0,469.0,857.0,0.004467774571803,14,True,False,False,False,False,False,False,1
21.5,28.2225,450.25,840.75,0.0044758553972918,21.6,28.025,459.0,856.25,0.004471792335273,14,True,False,False,False,False,False,False,1
21.5,28.2,446.5,838.0,0.0044722614264837,21.65,28.1,469.0,858.5,0.004497680845577,14,True,False,False,False,False,False,False,1
21.5,28.23,449.0,841.0,0.0044770533967247,21.7,28.2,454.0,865.0,0.0045277256321305,14,True,False,False,False,False,False,False,1
21.5333333333333,28.3266666666667,454.0,847.0,0.004501738805232,21.6,27.7933333333333,454.0,853.0,0.0044345630342282,14,True,False,False,False,False,False,False,1
21.575,28.7925,454.0,856.75,0.0045880867531723,21.6,28.0666666666667,454.0,853.0,0.0044784887222459,14,True,False,False,False,False,False,False,1
21.6,28.5225,454.0,868.5,0.0045517565465986,21.6,28.15,454.0,869.25,0.0044918819256688,14,True,False,False,False,False,False,False,1
21.6,28.5,446.5,864.0,0.0045481396339949,21.65,28.2225,454.0,873.0,0.0045174305762271,14,True,False,False,False,False,False,False,1
21.6,28.4175,439.0,866.5,0.0045348779783777,21.6,28.0,446.5,863.0,0.004467774571803,14,True,False,False,False,False,False,False,1
21.6666666666667,28.5,446.0,864.666666666667,0.0045668610980327,21.625,27.92,446.5,859.75,0.0044617859133689,14,True,False,False,False,False,False,False,1
21.675,28.5225,450.25,867.5,0.0045728398442189,21.5666666666667,27.8566666666667,446.0,856.0,0.0044356188169633,14,True,False,False,False,False,False,False,1
21.7,28.5666666666667,454.0,880.666666666667,0.0045870309230919,21.5,28.075,449.5,852.0,0.0044522956728702,14,True,False,False,False,False,False,False,1
21.65,28.575,454.0,884.0,0.0045742683812205,21.5,28.0,454.0,857.25,0.0044403168315491,14,True,False,False,False,False,False,False,1
21.7,28.6,454.0,890.666666666667,0.0045924228699113,21.5,28.0666666666667,454.0,853.333333333333,0.004450964667878,14,True,False,False,False,False,False,False,1
21.6666666666667,28.5666666666667,454.0,893.0,0.0045776224337308,21.525,28.1,454.0,844.5,0.0044631639766011,14,True,False,False,False,False,False,False,1
21.7,28.675,465.25,901.5,0.0046045550895552,21.5,28.0,454.0,845.0,0.0044403168315491,14,True,False,False,False,False,False,False,1
21.7,28.7,469.0,906.333333333333,0.0046085992671735,21.5333333333333,28.0666666666667,454.0,840.0,0.0044601227208229,14,True,False,False,False,False,False,False,1
21.7,28.7675,469.0,908.75,0.0046195188075022,21.5,27.9175,454.0,833.0,0.0044271406352041,14,True,False,False,False,False,False,False,1
21.7,28.745,469.0,908.5,0.0046158789184399,21.5,28.125,454.0,830.0,0.004460281821599,14,True,False,False,False,False,False,False,1
21.7,28.79,469.0,901.5,0.0046231587388516,21.5,28.2,454.0,837.5,0.0044722614264837,14,True,False,False,False,False,False,False,1
21.7,28.79,459.0,901.5,0.0046231587388516,21.5,28.1,454.0,841.75,0.0044562887217824,14,True,False,False,False,False,False,False,1
21.675,28.815,459.0,910.25,0.0046200829236007,21.5,28.1,454.0,843.5,0.0044562887217824,14,True,False,False,False,False,False,False,1
21.6333333333333,28.79,469.0,907.0,0.0046042096373368,21.4725,28.1,461.5,844.25,0.004448736737181,14,True,False,False,False,False,False,False,1
21.675,28.84,465.25,910.25,0.0046241211241091,21.5,28.125,469.0,834.5,0.004460281821599,14,True,False,False,False,False,False,False,1
21.6,28.8566666666667,469.0,909.0,0.0046054793128353,21.4725,28.075,469.0,831.0,0.0044447505032218,14,True,False,False,False,False,False,False,1
21.625,28.9175,459.0,914.25,0.0046223771097334,21.445,28.1,459.0,832.0,0.0044411960481732,14,True,False,False,False,False,False,False,1
21.7,28.945,459.0,918.5,0.0046482349705992,21.5,28.175,459.0,835.25,0.0044682681739486,14,True,False,False,False,False,False,False,1
21.6333333333333,28.8233333333333,455.666666666667,918.0,0.0046095799406546,21.5,28.2,469.0,844.333333333333,0.0044722614264837,14,True,False,False,False,False,False,False,1
21.7,29.0,452.75,918.5,0.0046571334707555,21.5,28.2,461.5,846.0,0.0044722614264837,14,True,False,False,False,False,False,False,1
21.675,28.945,461.5,918.666666666667,0.0046410821346205,21.5,28.2,454.0,840.5,0.0044722614264837,14,True,False,False,False,False,False,False,1
21.7,28.9175,454.0,920.4,0.004643785815289,21.5,28.2,454.0,837.333333333333,0.0044722614264837,14,True,False,False,False,False,False,False,1
21.7,29.0,449.0,920.666666666667,0.0046571334707555,21.5,28.2225,450.25,840.75,0.0044758553972918,14,True,False,False,False,False,False,False,1
21.7,28.9633333333333,455.666666666667,925.0,0.0046512011092382,21.5,28.2,446.5,838.0,0.0044722614264837,14,True,False,False,False,False,False,False,1
21.7225,28.815,459.0,917.0,0.0046336196452566,21.5,28.23,449.0,841.0,0.0044770533967247,14,True,False,False,False,False,False,False,1
21.7,28.865,459.0,916.25,0.0046352921487654,21.5333333333333,28.3266666666667,454.0,847.0,0.004501738805232,14,True,False,False,False,False,False,False,1
21.7,28.79,469.0,911.5,0.0046231587388516,21.575,28.7925,454.0,856.75,0.0045880867531723,14,True,False,False,False,False,False,False,1
21.7,28.89,464.0,914.333333333333,0.0046393367231557,21.6,28.5225,454.0,868.5,0.0045517565465986,14,True,False,False,False,False,False,False,1
21.7,28.89,454.0,917.0,0.0046393367231557,21.6,28.5,446.5,864.0,0.0045481396339949,14,True,False,False,False,False,False,False,1
21.73,28.89,459.0,906.666666666667,0.0046479163907576,21.6,28.4175,439.0,866.5,0.0045348779783777,14,True,False,False,False,False,False,False,1
21.73,28.8566666666667,464.0,912.333333333333,0.0046425135896347,21.6666666666667,28.5,446.0,864.666666666667,0.0045668610980327,14,True,False,False,False,False,False,False,1
21.745,28.84,459.0,898.0,0.0046440997625639,21.675,28.5225,450.25,867.5,0.0045728398442189,14,True,False,False,False,False,False,False,1
21.745,28.865,461.5,909.75,0.0046481555919188,21.7,28.5666666666667,454.0,880.666666666667,0.0045870309230919,14,True,False,False,False,False,False,False,1
21.79,28.79,469.0,913.0,0.0046488491962189,21.65,28.575,454.0,884.0,0.0045742683812205,14,True,False,False,False,False,False,False,1
21.7675,28.79,469.0,911.0,0.0046424147980856,21.7,28.6,454.0,890.666666666667,0.0045924228699113,14,True,False,False,False,False,False,False,1
21.7,28.8233333333333,469.0,907.666666666667,0.0046285513074704,21.6666666666667,28.5666666666667,454.0,893.0,0.0045776224337308,14,True,False,False,False,False,False,False,1
21.7,28.89,465.25,908.25,0.0046393367231557,21.7,28.675,465.25,901.5,0.0046045550895552,14,True,False,False,False,False,False,False,1
21.7,28.89,469.0,906.0,0.0046393367231557,21.7,28.7,469.0,906.333333333333,0.0046085992671735,14,True,False,False,False,False,False,False,1
21.7,28.73,469.0,899.333333333333,0.0046134523492241,21.7,28.7675,469.0,908.75,0.0046195188075022,14,True,False,False,False,False,False,False,1
21.7,28.8925,469.0,901.75,0.0046397411834663,21.7,28.745,469.0,908.5,0.0046158789184399,14,True,False,False,False,False,False,False,1
21.7,29.0,459.0,903.666666666667,0.0046571334707555,21.7,28.79,469.0,901.5,0.0046231587388516,14,True,False,False,False,False,False,False,1
21.675,28.9725,465.25,909.0,0.0046455244557695,21.7,28.79,459.0,901.5,0.0046231587388516,14,True,False,False,False,False,False,False,1
21.7,29.0,454.0,910.0,0.0046571334707555,21.675,28.815,459.0,910.25,0.0046200829236007,14,True,False,False,False,False,False,False,1
21.7,29.075,454.0,910.75,0.0046692681964347,21.6333333333333,28.79,469.0,907.0,0.0046042096373368,14,True,False,False,False,False,False,False,1
21.675,29.0,454.0,914.5,0.004649966839903,21.675,28.84,465.25,910.25,0.0046241211241091,14,True,False,False,False,False,False,False,1
21.7,29.0,454.0,912.0,0.0046571334707555,21.6,28.8566666666667,469.0,909.0,0.0046054793128353,14,True,False,False,False,False,False,False,1
21.7,29.0,469.0,906.75,0.0046571334707555,21.625,28.9175,459.0,914.25,0.0046223771097334,14,True,False,False,False,False,False,False,1
21.7,29.0,459.0,905.666666666667,0.0046571334707555,21.7,28.945,459.0,918.5,0.0046482349705992,14,True,False,False,False,False,False,False,1
21.675,28.9725,454.0,912.0,0.0046455244557695,21.6333333333333,28.8233333333333,455.666666666667,918.0,0.0046095799406546,15,True,False,False,False,False,False,False,1
21.675,28.9725,454.0,910.25,0.0046455244557695,21.7,29.0,452.75,918.5,0.0046571334707555,15,True,False,False,False,False,False,False,1
21.7,28.9266666666667,464.0,904.0,0.0046452688600393,21.675,28.945,461.5,918.666666666667,0.0046410821346205,15,True,False,False,False,False,False,False,1
21.7,28.89,462.333333333333,901.333333333333,0.0046393367231557,21.7,28.9175,454.0,920.4,0.004643785815289,15,True,False,False,False,False,False,False,1
21.7,28.945,464.0,897.25,0.0046482349705992,21.7,29.0,449.0,920.666666666667,0.0046571334707555,15,True,False,False,False,False,False,False,1
21.73,28.8933333333333,454.0,896.0,0.0046484566759939,21.7,28.9633333333333,455.666666666667,925.0,0.0046512011092382,15,True,False,False,False,False,False,False,1
21.745,28.84,454.0,900.0,0.0046440997625639,21.7225,28.815,459.0,917.0,0.0046336196452566,15,True,False,False,False,False,False,False,1
21.7,28.79,454.0,895.5,0.0046231587388516,21.7,28.865,459.0,916.25,0.0046352921487654,15,True,False,False,False,False,False,False,1
21.79,28.79,454.0,890.0,0.0046488491962189,21.7,28.79,469.0,911.5,0.0046231587388516,15,True,False,False,False,False,False,False,1
21.772,28.754,454.0,886.0,0.0046378511096559,21.7,28.89,464.0,914.333333333333,0.0046393367231557,15,True,False,False,False,False,False,False,1
21.7,28.73,454.0,879.5,0.0046134523492241,21.7,28.89,454.0,917.0,0.0046393367231557,15,True,False,False,False,False,False,False,1
21.7225,28.79,454.0,879.75,0.004629569577712,21.73,28.89,459.0,906.666666666667,0.0046479163907576,15,True,False,False,False,False,False,False,1
21.76,28.6666666666667,454.0,877.666666666667,0.0046202456517914,21.73,28.8566666666667,464.0,912.333333333333,0.0046425135896347,15,True,False,False,False,False,False,False,1
21.7,28.6666666666667,454.0,871.666666666667,0.0046032070419497,21.745,28.84,459.0,898.0,0.0046440997625639,15,True,False,False,False,False,False,False,1
21.7,28.7675,454.0,870.5,0.0046195188075022,21.745,28.865,461.5,909.75,0.0046481555919188,15,True,False,False,False,False,False,False,1
21.745,28.7675,446.5,874.5,0.0046323381543212,21.79,28.79,469.0,913.0,0.0046488491962189,15,True,False,False,False,False,False,False,1
21.745,28.7,439.0,874.0,0.0046213880883558,21.7675,28.79,469.0,911.0,0.0046424147980856,15,True,False,False,False,False,False,False,1
21.7675,28.7,444.25,861.25,0.0046277942364492,21.7,28.8233333333333,469.0,907.666666666667,0.0046285513074704,15,True,False,False,False,False,False,False,1
21.79,28.7,439.0,858.0,0.0046342082205894,21.7,28.89,465.25,908.25,0.0046393367231557,15,True,False,False,False,False,False,False,1
21.7225,28.65,439.0,855.5,0.004606890166909,21.7,28.89,469.0,906.0,0.0046393367231557,15,True,False,False,False,False,False,False,1
21.7,28.6666666666667,439.0,859.0,0.0046032070419497,21.7,28.73,469.0,899.333333333333,0.0046134523492241,15,True,False,False,False,False,False,False,1
21.7,28.7675,454.0,854.75,0.0046195188075022,21.7,28.8925,469.0,901.75,0.0046397411834663,15,True,False,False,False,False,False,False,1
21.7,28.745,446.5,858.25,0.0046158789184399,21.7,29.0,459.0,903.666666666667,0.0046571334707555,15,True,False,False,False,False,False,False,1
21.7,28.745,439.0,854.5,0.0046158789184399,21.675,28.9725,465.25,909.0,0.0046455244557695,15,True,False,False,False,False,False,False,1
21.6666666666667,28.76,446.0,857.0,0.0046088323977503,21.7,29.0,454.0,910.0,0.0046571334707555,15,True,False,False,False,False,False,False,1
21.7,28.79,444.25,862.5,0.0046231587388516,21.7,29.075,454.0,910.75,0.0046692681964347,15,True,False,False,False,False,False,False,1
21.7,28.79,439.0,862.0,0.0046231587388516,21.675,29.0,454.0,914.5,0.004649966839903,15,True,False,False,False,False,False,False,1
21.7,28.865,442.75,865.5,0.0046352921487654,21.7,29.0,454.0,912.0,0.0046571334707555,15,True,False,False,False,False,False,False,1
21.7,28.865,454.0,870.5,0.0046352921487654,21.7,29.0,469.0,906.75,0.0046571334707555,15,True,False,False,False,False,False,False,1
21.675,28.8675,454.0,874.75,0.0046285632047838,21.7,29.0,459.0,905.666666666667,0.0046571334707555,15,True,False,False,False,False,False,False,1
21.7,29.0,461.5,874.0,0.0046571334707555,21.675,28.9725,454.0,912.0,0.0046455244557695,15,True,False,False,False,False,False,False,1
21.7,29.0,454.0,872.75,0.0046571334707555,21.675,28.9725,454.0,910.25,0.0046455244557695,15,True,False,False,False,False,False,False,1
21.65,29.025,457.75,876.0,0.004646842268776,21.7,28.9266666666667,464.0,904.0,0.0046452688600393,15,True,False,False,False,False,False,False,1
21.7,29.1,459.0,885.0,0.0046733132094304,21.7,28.89,462.333333333333,901.333333333333,0.0046393367231557,15,True,False,False,False,False,False,False,1
21.675,29.075,459.0,884.75,0.0046620827531332,21.7,28.945,464.0,897.25,0.0046482349705992,15,True,False,False,False,False,False,False,1
21.7,29.0,459.0,880.0,0.0046571334707555,21.73,28.8933333333333,454.0,896.0,0.0046484566759939,15,True,False,False,False,False,False,False,1
21.6666666666667,29.0333333333333,462.333333333333,882.0,0.0046529621351623,21.745,28.84,454.0,900.0,0.0046440997625639,15,True,False,False,False,False,False,False,1
21.7,29.0,459.0,887.0,0.0046571334707555,21.7,28.79,454.0,895.5,0.0046231587388516,15,True,False,False,False,False,False,False,1
21.7,29.0,462.333333333333,886.333333333333,0.0046571334707555,21.79,28.79,454.0,890.0,0.0046488491962189,15,True,False,False,False,False,False,False,1
21.7225,29.0,456.5,887.0,0.0046635917723036,21.772,28.754,454.0,886.0,0.0046378511096559,15,True,False,False,False,False,False,False,1
21.79,29.0,454.0,893.333333333333,0.0046830141334444,21.7,28.73,454.0,879.5,0.0046134523492241,15,True,False,False,False,False,False,False,1
21.7675,29.0,454.0,897.5,0.0046765320952728,21.7225,28.79,454.0,879.75,0.004629569577712,15,True,False,False,False,False,False,False,1
21.8233333333333,29.0,457.333333333333,893.333333333333,0.0046926317299484,21.76,28.6666666666667,454.0,877.666666666667,0.0046202456517914,15,True,False,False,False,False,False,False,1
21.865,28.9725,449.0,895.0,0.0047001831941435,21.7,28.6666666666667,454.0,871.666666666667,0.0046032070419497,15,True,False,False,False,False,False,False,1
21.89,29.0,459.0,893.5,0.0047119192394134,21.7,28.7675,454.0,870.5,0.0046195188075022,15,True,False,False,False,False,False,False,1
21.865,28.9725,459.0,892.5,0.0047001831941435,21.745,28.7675,446.5,874.5,0.0046323381543212,15,True,False,False,False,False,False,False,1
21.89,29.0,459.0,902.0,0.0047119192394134,21.745,28.7,439.0,874.0,0.0046213880883558,15,True,False,False,False,False,False,False,1
21.89,29.0,462.333333333333,892.0,0.0047119192394134,21.7675,28.7,444.25,861.25,0.0046277942364492,15,True,False,False,False,False,False,False,1
21.89,29.0,459.0,883.5,0.0047119192394134,21.79,28.7,439.0,858.0,0.0046342082205894,15,True,False,False,False,False,False,False,1
21.89,28.9266666666667,469.0,881.0,0.004699914008529,21.7225,28.65,439.0,855.5,0.004606890166909,15,True,False,False,False,False,False,False,1
21.865,29.025,454.0,892.75,0.0047087646999556,21.7,28.6666666666667,439.0,859.0,0.0046032070419497,15,True,False,False,False,False,False,False,1
21.89,29.1,454.0,897.0,0.0047282907500635,21.7,28.7675,454.0,854.75,0.0046195188075022,15,True,False,False,False,False,False,False,1
21.89,29.0,454.0,900.5,0.0047119192394134,21.7,28.745,446.5,858.25,0.0046158789184399,15,True,False,False,False,False,False,False,1
21.89,28.9175,442.75,896.0,0.0046984133870081,21.7,28.745,439.0,854.5,0.0046158789184399,15,True,False,False,False,False,False,False,1
21.89,28.9266666666667,444.0,886.0,0.004699914008529,21.6666666666667,28.76,446.0,857.0,0.0046088323977503,15,True,False,False,False,False,False,False,1
21.89,28.9175,446.5,884.25,0.0046984133870081,21.7,28.79,444.25,862.5,0.0046231587388516,15,True,False,False,False,False,False,False,1
21.89,28.89,454.0,885.0,0.0046939115655635,21.7,28.79,439.0,862.0,0.0046231587388516,15,True,False,False,False,False,False,False,1
21.89,29.0,454.0,891.5,0.0047119192394134,21.7,28.865,442.75,865.5,0.0046352921487654,15,True,False,False,False,False,False,False,1
21.89,29.1,454.0,892.0,0.0047282907500635,21.7,28.865,454.0,870.5,0.0046352921487654,15,True,False,False,False,False,False,False,1
21.89,29.15,454.0,896.5,0.0047364768261458,21.675,28.8675,454.0,874.75,0.0046285632047838,15,True,False,False,False,False,False,False,1
21.89,29.2,439.0,896.333333333333,0.0047446631160775,21.7,29.0,461.5,874.0,0.0046571334707555,16,True,False,False,False,False,False,False,1
21.865,29.2,454.0,900.5,0.0047373714167436,21.7,29.0,454.0,872.75,0.0046571334707555,16,True,False,False,False,False,False,False,1
21.89,29.245,454.0,905.5,0.0047520309598641,21.65,29.025,457.75,876.0,0.004646842268776,16,True,False,False,False,False,False,False,1
21.89,29.175,457.75,918.5,0.0047405699443799,21.7,29.1,459.0,885.0,0.0046733132094304,16,True,False,False,False,False,False,False,1
21.89,29.1666666666667,454.0,911.333333333333,0.0047392055656949,21.675,29.075,459.0,884.75,0.0046620827531332,16,True,False,False,False,False,False,False,1
21.89,29.2,454.0,909.0,0.0047446631160775,21.7,29.0,459.0,880.0,0.0046571334707555,16,True,False,False,False,False,False,False,1
21.89,29.2,446.0,906.666666666667,0.0047446631160775,21.6666666666667,29.0333333333333,462.333333333333,882.0,0.0046529621351623,16,True,False,False,False,False,False,False,1
21.89,29.2675,447.0,906.0,0.0047557149467186,21.7,29.0,459.0,887.0,0.0046571334707555,16,True,False,False,False,False,False,False,1
21.89,29.29,441.5,904.0,0.0047593989768816,21.7,29.0,462.333333333333,886.333333333333,0.0046571334707555,16,True,False,False,False,False,False,False,1
21.89,29.2675,456.0,906.25,0.0047557149467186,21.7225,29.0,456.5,887.0,0.0046635917723036,16,True,False,False,False,False,False,False,1
21.89,29.2,449.5,895.75,0.0047446631160775,21.79,29.0,454.0,893.333333333333,0.0046830141334444,16,True,False,False,False,False,False,False,1
21.89,29.23,439.0,892.0,0.0047495749926876,21.7675,29.0,454.0,897.5,0.0046765320952728,16,True,False,False,False,False,False,False,1
21.89,29.365,442.75,917.0,0.0047716793902181,21.8233333333333,29.0,457.333333333333,893.333333333333,0.0046926317299484,16,True,False,False,False,False,False,False,1
21.89,29.4266666666667,444.0,926.333333333333,0.0047817769794759,21.865,28.9725,449.0,895.0,0.0047001831941435,16,True,False,False,False,False,False,False,1
21.89,29.5,454.0,930.5,0.004793785346973,21.89,29.0,459.0,893.5,0.0047119192394134,16,True,False,False,False,False,False,False,1
21.8233333333333,29.3566666666667,439.0,930.666666666667,0.0047507865211583,21.865,28.9725,459.0,892.5,0.0047001831941435,16,True,False,False,False,False,False,False,1
21.84,29.445,444.25,933.75,0.0047700813667996,21.89,29.0,459.0,902.0,0.0047119192394134,16,True,False,False,False,False,False,False,1
21.79,29.39,449.5,933.5,0.0047464731871582,21.89,29.0,462.333333333333,892.0,0.0047119192394134,16,True,False,False,False,False,False,False,1
21.815,29.445,449.5,928.0,0.0047627474930321,21.89,29.0,459.0,883.5,0.0047119192394134,16,True,False,False,False,False,False,False,1
21.8233333333333,29.4633333333333,453.0,924.666666666667,0.0047681807048979,21.89,28.9266666666667,469.0,881.0,0.004699914008529,16,True,False,False,False,False,False,False,1
21.79,29.39,449.5,917.25,0.0047464731871582,21.865,29.025,454.0,892.75,0.0047087646999556,16,True,False,False,False,False,False,False,1
21.79,29.39,453.0,918.0,0.0047464731871582,21.89,29.1,454.0,897.0,0.0047282907500635,16,True,False,False,False,False,False,False,1
21.7675,29.525,448.0,923.5,0.0047618415936019,21.89,29.0,454.0,900.5,0.0047119192394134,16,True,False,False,False,False,False,False,1
21.7675,29.5,456.0,928.5,0.004757778709867,21.89,28.9175,442.75,896.0,0.0046984133870081,16,True,False,False,False,False,False,False,1
21.79,29.55,449.5,923.5,0.0047725113887448,21.89,28.9266666666667,444.0,886.0,0.004699914008529,16,True,False,False,False,False,False,False,1
21.76,29.5333333333333,453.0,925.0,0.0047609966687825,21.89,28.9175,446.5,884.25,0.0046984133870081,16,True,False,False,False,False,False,False,1
21.79,29.6,446.75,921.5,0.0047806487704362,21.89,28.89,454.0,885.0,0.0046939115655635,16,True,False,False,False,False,False,False,1
21.7675,29.55,444.0,920.5,0.0047659045300115,21.89,29.0,454.0,891.5,0.0047119192394134,16,True,False,False,False,False,False,False,1
21.79,29.55,436.5,914.0,0.0047725113887448,21.89,29.1,454.0,892.0,0.0047282907500635,16,True,False,False,False,False,False,False,1
21.79,29.55,429.0,920.5,0.0047725113887448,21.89,29.15,454.0,896.5,0.0047364768261458,16,True,False,False,False,False,False,False,1
21.79,29.625,429.0,920.0,0.004784717540518,21.89,29.2,439.0,896.333333333333,0.0047446631160775,16,True,False,False,False,False,False,False,1
21.745,29.7,429.0,930.0,0.0047836504597222,21.865,29.2,454.0,900.5,0.0047373714167436,16,True,False,False,False,False,False,False,1
21.7675,29.7,429.0,933.75,0.0047902832546947,21.89,29.245,454.0,905.5,0.0047520309598641,16,True,False,False,False,False,False,False,1
21.7675,29.7225,429.0,936.5,0.0047939402269689,21.89,29.175,457.75,918.5,0.0047405699443799,16,True,False,False,False,False,False,False,1
21.79,29.79,429.0,934.5,0.0048115727479697,21.89,29.1666666666667,454.0,911.333333333333,0.0047392055656949,16,True,False,False,False,False,False,False,1
21.745,29.745,429.0,926.0,0.0047909542423306,21.89,29.2,454.0,909.0,0.0047446631160775,16,True,False,False,False,False,False,False,1
21.7,29.745,433.5,925.25,0.0047776926009998,21.89,29.2,446.0,906.666666666667,0.0047446631160775,16,True,False,False,False,False,False,False,1
21.7,29.79,429.0,927.333333333333,0.0047849761817168,21.89,29.2675,447.0,906.0,0.0047557149467186,16,True,False,False,False,False,False,False,1
21.7,29.79,429.0,930.0,0.0047849761817168,21.89,29.29,441.5,904.0,0.0047593989768816,16,True,False,False,False,False,False,False,1
21.745,29.79,429.0,924.0,0.00479825819516,21.89,29.2675,456.0,906.25,0.0047557149467186,16,True,False,False,False,False,False,False,1
21.7,29.79,429.0,919.0,0.0047849761817168,21.89,29.2,449.5,895.75,0.0047446631160775,16,True,False,False,False,False,False,False,1
21.7,29.79,429.0,923.666666666667,0.0047849761817168,21.89,29.23,439.0,892.0,0.0047495749926876,16,True,False,False,False,False,False,False,1
21.7,29.79,433.5,929.25,0.0047849761817168,21.89,29.365,442.75,917.0,0.0047716793902181,16,True,False,False,False,False,False,False,1
21.7,29.8233333333333,441.0,933.333333333333,0.0047903715358314,21.89,29.4266666666667,444.0,926.333333333333,0.0047817769794759,16,True,False,False,False,False,False,False,1
21.675,29.7675,438.0,927.0,0.0047739751567316,21.89,29.5,454.0,930.5,0.004793785346973,16,True,False,False,False,False,False,False,1
21.7,29.865,438.0,912.5,0.0047971158590973,21.8233333333333,29.3566666666667,439.0,930.666666666667,0.0047507865211583,16,True,False,False,False,False,False,False,1
21.6333333333333,29.79,441.0,910.666666666667,0.004765358789546,21.84,29.445,444.25,933.75,0.0047700813667996,16,True,False,False,False,False,False,False,1
21.6,29.745,438.0,907.0,0.0047483382577002,21.79,29.39,449.5,933.5,0.0047464731871582,16,True,False,False,False,False,False,False,1
21.675,29.815,438.0,904.0,0.0047816515513395,21.815,29.445,449.5,928.0,0.0047627474930321,16,True,False,False,False,False,False,False,1
21.6333333333333,29.76,441.0,902.333333333333,0.0047605231089656,21.8233333333333,29.4633333333333,453.0,924.666666666667,0.0047681807048979,16,True,False,False,False,False,False,False,1
21.7,29.8566666666667,441.0,899.0,0.004795766982833,21.79,29.39,449.5,917.25,0.0047464731871582,16,True,False,False,False,False,False,False,1
21.7,29.79,438.0,894.75,0.0047849761817168,21.79,29.39,453.0,918.0,0.0047464731871582,16,True,False,False,False,False,False,False,1
21.675,29.7675,438.0,892.0,0.0047739751567316,21.7675,29.525,448.0,923.5,0.0047618415936019,16,True,False,False,False,False,False,False,1
21.675,29.7675,441.0,890.666666666667,0.0047739751567316,21.7675,29.5,456.0,928.5,0.004757778709867,16,True,False,False,False,False,False,False,1
21.7,29.79,442.5,888.5,0.0047849761817168,21.79,29.55,449.5,923.5,0.0047725113887448,16,True,False,False,False,False,False,False,1
21.7,29.79,429.0,889.333333333333,0.0047849761817168,21.76,29.5333333333333,453.0,925.0,0.0047609966687825,16,True,False,False,False,False,False,False,1
21.7,30.07,440.25,910.0,0.0048303000433674,21.79,29.6,446.75,921.5,0.0047806487704362,16,True,False,False,False,False,False,False,1
21.7,29.8425,432.75,928.75,0.0047934739065075,21.7675,29.55,444.0,920.5,0.0047659045300115,16,True,False,False,False,False,False,False,1
21.7,29.79,429.0,933.5,0.0047849761817168,21.79,29.55,436.5,914.0,0.0047725113887448,16,True,False,False,False,False,False,False,1
21.79,29.79,429.0,921.5,0.0048115727479697,21.79,29.55,429.0,920.5,0.0047725113887448,16,True,False,False,False,False,False,False,1
21.79,29.79,429.0,925.5,0.0048115727479697,21.79,29.625,429.0,920.0,0.004784717540518,16,True,False,False,False,False,False,False,1
21.79,29.79,429.0,919.0,0.0048115727479697,21.745,29.7,429.0,930.0,0.0047836504597222,17,True,False,False,False,False,False,False,1
21.79,29.7675,429.0,913.25,0.0048079105387181,21.7675,29.7,429.0,933.75,0.0047902832546947,17,True,False,False,False,False,False,False,1
21.79,29.815,429.0,914.0,0.0048156419195511,21.7675,29.7225,429.0,936.5,0.0047939402269689,17,True,False,False,False,False,False,False,1
21.79,29.84,429.0,921.0,0.0048197111439657,21.79,29.79,429.0,934.5,0.0048115727479697,17,True,False,False,False,False,False,False,1
21.79,29.84,434.5,925.25,0.0048197111439657,21.745,29.745,429.0,926.0,0.0047909542423306,17,True,False,False,False,False,False,False,1
21.79,29.84,438.0,931.5,0.0048197111439657,21.7,29.745,433.5,925.25,0.0047776926009998,17,True,False,False,False,False,False,False,1
21.7675,29.89,423.5,938.25,0.0048211656952528,21.7,29.79,429.0,927.333333333333,0.0047849761817168,17,True,False,False,False,False,False,False,1
21.79,30.0,431.333333333333,938.666666666667,0.0048457554313807,21.7,29.79,429.0,930.0,0.0047849761817168,17,True,False,False,False,False,False,False,1
21.79,30.0333333333333,430.0,948.666666666667,0.0048511815970075,21.745,29.79,429.0,924.0,0.00479825819516,17,True,False,False,False,False,False,False,1
21.84,30.245,427.25,971.0,0.0049007022413428,21.7,29.79,429.0,919.0,0.0047849761817168,17,True,False,False,False,False,False,False,1
21.8566666666667,30.2933333333333,436.333333333333,981.333333333333,0.0049136336988774,21.7,29.79,429.0,923.666666666667,0.0047849761817168,17,True,False,False,False,False,False,False,1
21.89,30.2225,427.25,985.5,0.004912119661712,21.7,29.79,433.5,929.25,0.0047849761817168,17,True,False,False,False,False,False,False,1
21.89,30.15,431.0,990.0,0.0049002432673023,21.7,29.8233333333333,441.0,933.333333333333,0.0047903715358314,17,True,False,False,False,False,False,False,1
21.945,30.025,427.0,980.25,0.0048963057619126,21.675,29.7675,438.0,927.0,0.0047739751567316,17,True,False,False,False,False,False,False,1
21.89,29.96,426.666666666667,975.0,0.0048691210580864,21.7,29.865,438.0,912.5,0.0047971158590973,17,True,False,False,False,False,False,False,1
21.9725,29.945,428.25,973.5,0.0048914225017234,21.6333333333333,29.79,441.0,910.666666666667,0.004765358789546,17,True,False,False,False,False,False,False,1
22.0,29.9266666666667,433.0,982.0,0.0048966765782666,21.6,29.745,438.0,907.0,0.0047483382577002,17,True,False,False,False,False,False,False,1
22.0,29.89,433.0,973.0,0.004890629913409,21.675,29.815,438.0,904.0,0.0047816515513395,17,True,False,False,False,False,False,False,1
21.945,29.9175,433.0,965.25,0.0048786377751726,21.6333333333333,29.76,441.0,902.333333333333,0.0047605231089656,17,True,False,False,False,False,False,False,1
21.9266666666667,30.0,433.0,967.333333333333,0.0048866833556552,21.7,29.8566666666667,441.0,899.0,0.004795766982833,17,True,False,False,False,False,False,False,1
21.945,30.05,433.0,969.5,0.0049004147387739,21.7,29.79,438.0,894.75,0.0047849761817168,17,True,False,False,False,False,False,False,1
21.9175,30.125,433.0,979.5,0.004904438831124,21.675,29.7675,438.0,892.0,0.0047739751567316,17,True,False,False,False,False,False,False,1
21.9633333333333,30.2,433.0,974.0,0.0049306260822856,21.675,29.7675,441.0,890.666666666667,0.0047739751567316,17,True,False,False,False,False,False,False,1
21.9175,30.2,433.0,980.0,0.0049167455708507,21.7,29.79,442.5,888.5,0.0047849761817168,17,True,False,False,False,False,False,False,1
21.9266666666667,30.2,433.0,976.666666666667,0.0049195189095501,21.7,29.79,429.0,889.333333333333,0.0047849761817168,17,True,False,False,False,False,False,False,1
22.0,30.175,433.0,978.0,0.0049376320607306,21.7,30.07,440.25,910.0,0.0048303000433674,17,True,False,False,False,False,False,False,1
22.0,30.05,433.0,977.5,0.0049170162161352,21.7,29.8425,432.75,928.75,0.0047934739065075,17,True,False,False,False,False,False,False,1
22.0,30.1,433.0,966.5,0.0049252623912706,21.7,29.79,429.0,933.5,0.0047849761817168,17,True,False,False,False,False,False,False,1
22.0,30.075,433.0,966.5,0.0049211392765865,21.79,29.79,429.0,921.5,0.0048115727479697,17,True,False,False,False,False,False,False,1
21.9633333333333,30.2,433.0,973.333333333333,0.0049306260822856,21.79,29.79,429.0,925.5,0.0048115727479697,17,True,False,False,False,False,False,False,1
22.0,30.175,422.5,979.0,0.0049376320607306,21.79,29.79,429.0,919.0,0.0048115727479697,17,True,False,False,False,False,False,False,1
22.0,30.1,419.0,979.666666666667,0.0049252623912706,21.79,29.7675,429.0,913.25,0.0048079105387181,17,True,False,False,False,False,False,False,1
22.0,30.05,419.0,977.5,0.0049170162161352,21.79,29.815,429.0,914.0,0.0048156419195511,17,True,False,False,False,False,False,False,1
22.0,30.1666666666667,419.0,972.0,0.004936257628908,21.79,29.84,429.0,921.0,0.0048197111439657,17,True,False,False,False,False,False,False,1
22.0,30.025,419.0,977.5,0.0049128932099156,21.79,29.84,434.5,925.25,0.0048197111439657,17,True,False,False,False,False,False,False,1
22.0,30.075,419.0,976.75,0.0049211392765865,21.79,29.84,438.0,931.5,0.0048197111439657,17,True,False,False,False,False,False,False,1
22.0,30.1333333333333,419.0,974.666666666667,0.0049307599618801,21.7675,29.89,423.5,938.25,0.0048211656952528,17,True,False,False,False,False,False,False,1
22.0,30.175,419.0,980.5,0.0049376320607306,21.79,30.0,431.333333333333,938.666666666667,0.0048457554313807,17,True,False,False,False,False,False,False,1
22.0,30.2,419.0,982.5,0.0049417553923567,21.79,30.0333333333333,430.0,948.666666666667,0.0048511815970075,17,True,False,False,False,False,False,False,1
22.0,30.2,419.0,986.25,0.0049417553923567,21.84,30.245,427.25,971.0,0.0049007022413428,17,True,False,False,False,False,False,False,1
22.0,30.2,419.0,982.5,0.0049417553923567,21.8566666666667,30.2933333333333,436.333333333333,981.333333333333,0.0049136336988774,17,True,False,False,False,False,False,False,1
22.0,30.2,419.0,987.0,0.0049417553923567,21.89,30.2225,427.25,985.5,0.004912119661712,17,True,False,False,False,False,False,False,1
21.9633333333333,30.26,419.0,989.666666666667,0.0049404998366153,21.89,30.15,431.0,990.0,0.0049002432673023,17,True,False,False,False,False,False,False,1
21.9725,30.29,419.0,997.0,0.0049482254983683,21.945,30.025,427.0,980.25,0.0048963057619126,17,True,False,False,False,False,False,False,1
21.9633333333333,30.29,419.0,994.0,0.0049454368304101,21.89,29.96,426.666666666667,975.0,0.0048691210580864,17,True,False,False,False,False,False,False,1
21.945,30.245,419.0,991.75,0.0049324666070115,21.9725,29.945,428.25,973.5,0.0048914225017234,17,True,False,False,False,False,False,False,1
21.9725,30.29,419.0,983.0,0.0049482254983683,22.0,29.9266666666667,433.0,982.0,0.0048966765782666,17,True,False,False,False,False,False,False,1
21.89,30.2,419.0,980.0,0.0049084338359812,22.0,29.89,433.0,973.0,0.004890629913409,17,True,False,False,False,False,False,False,1
21.945,30.245,419.0,977.75,0.0049324666070115,21.945,29.9175,433.0,965.25,0.0048786377751726,17,True,False,False,False,False,False,False,1
22.0,30.245,419.0,983.0,0.0049491775259647,21.9266666666667,30.0,433.0,967.333333333333,0.0048866833556552,17,True,False,False,False,False,False,False,1
21.9633333333333,30.29,419.0,986.0,0.0049454368304101,21.945,30.05,433.0,969.5,0.0049004147387739,17,True,False,False,False,False,False,False,1
22.0,30.2,419.0,990.0,0.0049417553923567,21.9175,30.125,433.0,979.5,0.004904438831124,17,True,False,False,False,False,False,False,1
21.9266666666667,30.1666666666667,419.0,981.666666666667,0.0049140460783633,21.9633333333333,30.2,433.0,974.0,0.0049306260822856,17,True,False,False,False,False,False,False,1
22.0,30.05,419.0,980.0,0.0049170162161352,21.9175,30.2,433.0,980.0,0.0049167455708507,17,True,False,False,False,False,False,False,1
21.9725,30.0725,419.0,975.25,0.0049124137144236,21.9266666666667,30.2,433.0,976.666666666667,0.0049195189095501,17,True,False,False,False,False,False,False,1
21.945,30.1975,419.0,976.25,0.004924658798707,22.0,30.175,433.0,978.0,0.0049376320607306,17,True,False,False,False,False,False,False,1
21.89,30.23,419.0,981.333333333333,0.0049133482799202,22.0,30.05,433.0,977.5,0.0049170162161352,17,True,False,False,False,False,False,False,1
21.9175,30.2,419.0,981.25,0.0049167455708507,22.0,30.1,433.0,966.5,0.0049252623912706,17,True,False,False,False,False,False,False,1
21.945,30.2,419.0,985.5,0.0049250697311377,22.0,30.075,433.0,966.5,0.0049211392765865,17,True,False,False,False,False,False,False,1
21.89,30.245,419.0,982.25,0.0049158055307837,21.9633333333333,30.2,433.0,973.333333333333,0.0049306260822856,18,True,False,False,False,False,False,False,1
21.89,30.29,419.0,976.0,0.0049231773989529,22.0,30.175,422.5,979.0,0.0049376320607306,18,True,False,False,False,False,False,False,1
21.89,30.34,419.0,973.75,0.0049313685669241,22.0,30.1,419.0,979.666666666667,0.0049252623912706,18,True,False,False,False,False,False,False,1
21.89,30.39,419.0,975.666666666667,0.0049395599489442,22.0,30.05,419.0,977.5,0.0049170162161352,18,True,False,False,False,False,False,False,1
21.89,30.39,411.5,978.0,0.0049395599489442,22.0,30.1666666666667,419.0,972.0,0.004936257628908,18,True,False,False,False,False,False,False,1
21.89,30.39,0.0,974.0,0.0049395599489442,22.0,30.025,419.0,977.5,0.0049128932099156,18,True,False,False,False,False,False,False,0
21.89,30.39,0.0,974.0,0.0049395599489442,22.0,30.075,419.0,976.75,0.0049211392765865,18,True,False,False,False,False,False,False,0
21.89,30.39,0.0,969.0,0.0049395599489442,22.0,30.1333333333333,419.0,974.666666666667,0.0049307599618801,18,True,False,False,False,False,False,False,0
21.84,30.34,0.0,965.5,0.0049162170867436,22.0,30.175,419.0,980.5,0.0049376320607306,18,True,False,False,False,False,False,False,0
21.79,30.29,0.0,964.0,0.0048929662190992,22.0,30.2,419.0,982.5,0.0049417553923567,18,True,False,False,False,False,False,False,0
21.79,30.29,0.0,952.0,0.0048929662190992,22.0,30.2,419.0,986.25,0.0049417553923567,18,True,False,False,False,False,False,False,0
21.79,30.29,0.0,949.0,0.0048929662190992,22.0,30.2,419.0,982.5,0.0049417553923567,18,True,False,False,False,False,False,False,0
21.84,30.34,0.0,950.5,0.0049162170867436,22.0,30.2,419.0,987.0,0.0049417553923567,18,True,False,False,False,False,False,False,0
21.84,30.295,0.0,941.5,0.0049088678537233,21.9633333333333,30.26,419.0,989.666666666667,0.0049404998366153,18,True,False,False,False,False,False,False,0
21.79,30.26,0.0,943.666666666667,0.0048880820147331,21.9725,30.29,419.0,997.0,0.0049482254983683,18,True,False,False,False,False,False,False,0
21.79,30.2,0.0,941.0,0.0048783138343183,21.9633333333333,30.29,419.0,994.0,0.0049454368304101,18,True,False,False,False,False,False,False,0
21.79,30.245,0.0,933.5,0.0048856399410901,21.945,30.245,419.0,991.75,0.0049324666070115,18,True,False,False,False,False,False,False,0
21.79,30.2,0.0,941.0,0.0048783138343183,21.9725,30.29,419.0,983.0,0.0049482254983683,18,True,False,False,False,False,False,False,0
21.79,30.29,0.0,943.0,0.0048929662190992,21.89,30.2,419.0,980.0,0.0049084338359812,18,True,False,False,False,False,False,False,0
21.79,30.29,0.0,945.0,0.0048929662190992,21.945,30.245,419.0,977.75,0.0049324666070115,18,True,False,False,False,False,False,False,0
21.79,30.29,0.0,944.333333333333,0.0048929662190992,22.0,30.245,419.0,983.0,0.0049491775259647,18,True,False,False,False,False,False,False,0
21.7,30.29,0.0,939.0,0.0048659162476654,21.9633333333333,30.29,419.0,986.0,0.0049454368304101,18,True,False,False,False,False,False,False,0
21.7,30.29,0.0,937.5,0.0048659162476654,22.0,30.2,419.0,990.0,0.0049417553923567,18,True,False,False,False,False,False,False,0
21.7,30.39,0.0,932.0,0.0048821067694527,21.9266666666667,30.1666666666667,419.0,981.666666666667,0.0049140460783633,18,True,False,False,False,False,False,False,0
21.7,30.39,0.0,925.5,0.0048821067694527,22.0,30.05,419.0,980.0,0.0049170162161352,18,True,False,False,False,False,False,False,0
21.7,30.39,0.0,922.5,0.0048821067694527,21.9725,30.0725,419.0,975.25,0.0049124137144236,18,True,False,False,False,False,False,False,0
21.7,30.3233333333333,0.0,923.0,0.0048713129953374,21.945,30.1975,419.0,976.25,0.004924658798707,18,True,False,False,False,False,False,False,0
21.7,30.29,0.0,926.0,0.0048659162476654,21.89,30.23,419.0,981.333333333333,0.0049133482799202,18,True,False,False,False,False,False,False,0
21.6,30.15,0.0,917.0,0.0048134906923935,21.9175,30.2,419.0,981.25,0.0049167455708507,18,True,False,False,False,False,False,False,0
21.7,30.29,0.0,904.5,0.0048659162476654,21.945,30.2,419.0,985.5,0.0049250697311377,18,True,False,False,False,False,False,False,0
21.6,30.2,0.0,908.5,0.0048215351422375,21.89,30.245,419.0,982.25,0.0049158055307837,18,True,False,False,False,False,False,False,0
21.6,30.2,0.0,905.5,0.0048215351422375,21.89,30.29,419.0,976.0,0.0049231773989529,18,True,False,False,False,False,False,False,0
21.6,30.2,0.0,897.0,0.0048215351422375,21.89,30.34,419.0,973.75,0.0049313685669241,18,True,False,False,False,False,False,False,0
21.5,30.1966666666667,0.0,891.666666666667,0.0047913536747225,21.89,30.39,419.0,975.666666666667,0.0049395599489442,18,True,False,False,False,False,False,False,0
21.5,30.2,0.0,886.0,0.0047918866547703,21.89,30.39,411.5,978.0,0.0049395599489442,18,True,False,False,False,False,False,False,0
21.5,30.245,0.0,884.0,0.0047990819741325,21.89,30.39,0.0,974.0,0.0049395599489442,18,True,False,False,False,False,False,False,0
21.5,30.2,0.0,883.0,0.0047918866547703,21.89,30.39,0.0,974.0,0.0049395599489442,18,True,False,False,False,False,False,False,0
21.5,30.2,0.0,883.0,0.0047918866547703,21.89,30.39,0.0,969.0,0.0049395599489442,18,True,False,False,False,False,False,False,0
21.5,30.2,0.0,884.0,0.0047918866547703,21.84,30.34,0.0,965.5,0.0049162170867436,18,True,False,False,False,False,False,False,0
21.5,30.2,0.0,878.0,0.0047918866547703,21.79,30.29,0.0,964.0,0.0048929662190992,18,True,False,False,False,False,False,False,0
21.5,30.245,0.0,876.5,0.0047990819741325,21.79,30.29,0.0,952.0,0.0048929662190992,18,True,False,False,False,False,False,False,0
21.5,30.2,0.0,879.0,0.0047918866547703,21.79,30.29,0.0,949.0,0.0048929662190992,18,True,False,False,False,False,False,False,0
21.39,30.1,0.0,862.5,0.0047435793727071,21.84,30.34,0.0,950.5,0.0049162170867436,18,True,False,False,False,False,False,False,0
21.34,30.15,0.0,853.0,0.0047368684227577,21.84,30.295,0.0,941.5,0.0049088678537233,18,True,False,False,False,False,False,False,0
21.34,30.2,0.0,855.0,0.0047447838498445,21.79,30.26,0.0,943.666666666667,0.0048880820147331,18,True,False,False,False,False,False,False,0
21.29,30.15,0.0,851.0,0.0047222574828168,21.79,30.2,0.0,941.0,0.0048783138343183,18,True,False,False,False,False,False,False,0
21.29,30.15,0.0,846.0,0.0047222574828168,21.79,30.245,0.0,933.5,0.0048856399410901,18,True,False,False,False,False,False,False,0
21.29,30.2,0.0,846.0,0.0047301483103846,21.79,30.2,0.0,941.0,0.0048783138343183,18,True,False,False,False,False,False,False,0
21.29,30.29,0.0,844.0,0.0047443523007446,21.79,30.29,0.0,943.0,0.0048929662190992,18,True,False,False,False,False,False,False,0
21.29,30.26,0.0,843.0,0.0047396175657553,21.79,30.29,0.0,945.0,0.0048929662190992,18,True,False,False,False,False,False,False,0
21.29,30.2,0.0,842.0,0.0047301483103846,21.79,30.29,0.0,944.333333333333,0.0048929662190992,18,True,False,False,False,False,False,False,0
21.29,30.2,0.0,841.0,0.0047301483103846,21.7,30.29,0.0,939.0,0.0048659162476654,18,True,False,False,False,False,False,False,0
21.29,30.245,0.0,839.0,0.0047372502250869,21.7,30.29,0.0,937.5,0.0048659162476654,18,True,False,False,False,False,False,False,0
21.29,30.2,0.0,844.5,0.0047301483103846,21.7,30.39,0.0,932.0,0.0048821067694527,18,True,False,False,False,False,False,False,0
21.2,30.2,0.0,844.0,0.0047039047680021,21.7,30.39,0.0,925.5,0.0048821067694527,18,True,False,False,False,False,False,False,0
21.2,30.2,0.0,835.0,0.0047039047680021,21.7,30.39,0.0,922.5,0.0048821067694527,18,True,False,False,False,False,False,False,0
21.2,30.2,0.0,831.5,0.0047039047680021,21.7,30.3233333333333,0.0,923.0,0.0048713129953374,18,True,False,False,False,False,False,False,0
21.1,30.245,0.0,829.5,0.004681914483335,21.7,30.29,0.0,926.0,0.0048659162476654,18,True,False,False,False,False,False,False,0
21.1,30.2,0.0,821.0,0.0046748961447684,21.6,30.15,0.0,917.0,0.0048134906923935,18,True,False,False,False,False,False,False,0
21.1,30.245,0.0,822.0,0.004681914483335,21.7,30.29,0.0,904.5,0.0048659162476654,18,True,False,False,False,False,False,False,0
21.1,30.29,0.0,822.666666666667,0.0046889329791048,21.6,30.2,0.0,908.5,0.0048215351422375,19,True,False,False,False,False,False,False,0
21.0333333333333,30.29,0.0,825.0,0.0046696235332089,21.6,30.2,0.0,905.5,0.0048215351422375,19,True,False,False,False,False,False,False,0
21.1,30.34,0.0,832.0,0.0046967314921183,21.6,30.2,0.0,897.0,0.0048215351422375,19,True,False,False,False,False,False,False,0
21.1,30.3233333333333,0.0,815.666666666667,0.0046941319662151,21.5,30.1966666666667,0.0,891.666666666667,0.0047913536747225,19,True,False,False,False,False,False,False,0
21.1,30.29,0.0,817.0,0.0046889329791048,21.5,30.2,0.0,886.0,0.0047918866547703,19,True,False,False,False,False,False,False,0
21.05,30.29,0.0,814.5,0.004674444299749,21.5,30.245,0.0,884.0,0.0047990819741325,19,True,False,False,False,False,False,False,0
21.0,30.29,0.0,813.5,0.0046599951691914,21.5,30.2,0.0,883.0,0.0047918866547703,19,True,False,False,False,False,False,False,0
21.0,30.29,0.0,811.0,0.0046599951691914,21.5,30.2,0.0,883.0,0.0047918866547703,19,True,False,False,False,False,False,False,0
21.0,30.29,0.0,809.75,0.0046599951691914,21.5,30.2,0.0,884.0,0.0047918866547703,19,True,False,False,False,False,False,False,0
21.0,30.29,0.0,803.0,0.0046599951691914,21.5,30.2,0.0,878.0,0.0047918866547703,19,True,False,False,False,False,False,False,0
20.89,30.29,0.0,803.0,0.0046283458330353,21.5,30.245,0.0,876.5,0.0047990819741325,19,True,False,False,False,False,False,False,0
20.945,30.29,0.0,803.5,0.0046441466928021,21.5,30.2,0.0,879.0,0.0047918866547703,19,True,False,False,False,False,False,False,0
20.89,30.39,0.0,800.0,0.0046437400232955,21.39,30.1,0.0,862.5,0.0047435793727071,19,True,False,False,False,False,False,False,0
20.89,30.39,0.0,796.5,0.0046437400232955,21.34,30.15,0.0,853.0,0.0047368684227577,19,True,False,False,False,False,False,False,0
20.84,30.39,0.0,796.0,0.0046293688293309,21.34,30.2,0.0,855.0,0.0047447838498445,19,True,False,False,False,False,False,False,0
20.79,30.39,0.0,800.333333333333,0.0046150369259356,21.29,30.15,0.0,851.0,0.0047222574828168,19,True,False,False,False,False,False,False,0
20.79,30.39,0.0,795.5,0.0046150369259356,21.29,30.15,0.0,846.0,0.0047222574828168,19,True,False,False,False,False,False,False,0
20.79,30.39,0.0,790.0,0.0046150369259356,21.29,30.2,0.0,846.0,0.0047301483103846,19,True,False,False,False,False,False,False,0
20.79,30.39,0.0,792.0,0.0046150369259356,21.29,30.29,0.0,844.0,0.0047443523007446,19,True,False,False,False,False,False,False,0
20.745,30.39,0.0,785.5,0.0046021717293841,21.29,30.26,0.0,843.0,0.0047396175657553,19,True,False,False,False,False,False,False,0
20.7,30.39,0.0,783.0,0.0045893382150764,21.29,30.2,0.0,842.0,0.0047301483103846,19,True,False,False,False,False,False,False,0
20.7,30.5,0.0,782.0,0.0046060728508538,21.29,30.2,0.0,841.0,0.0047301483103846,19,True,False,False,False,False,False,False,0
20.7,30.5,0.0,777.5,0.0046060728508538,21.29,30.245,0.0,839.0,0.0047372502250869,19,True,False,False,False,False,False,False,0
20.7,30.5,0.0,776.5,0.0046060728508538,21.29,30.2,0.0,844.5,0.0047301483103846,19,True,False,False,False,False,False,False,0
20.7,30.5,0.0,774.0,0.0046060728508538,21.2,30.2,0.0,844.0,0.0047039047680021,19,True,False,False,False,False,False,False,0
20.7,30.5,0.0,771.5,0.0046060728508538,21.2,30.2,0.0,835.0,0.0047039047680021,19,True,False,False,False,False,False,False,0
20.7,30.5,0.0,770.0,0.0046060728508538,21.2,30.2,0.0,831.5,0.0047039047680021,19,True,False,False,False,False,False,False,0
20.6666666666667,30.5666666666667,0.0,769.333333333333,0.0046066736064806,21.1,30.245,0.0,829.5,0.004681914483335,19,True,False,False,False,False,False,False,0
20.6666666666667,30.5666666666667,0.0,766.333333333333,0.0046066736064806,21.1,30.2,0.0,821.0,0.0046748961447684,19,True,False,False,False,False,False,False,0
20.6,30.5,0.0,763.0,0.0045775626838207,21.1,30.245,0.0,822.0,0.004681914483335,19,True,False,False,False,False,False,False,0
20.6,30.525,0.0,764.75,0.0045813424204865,21.1,30.29,0.0,822.666666666667,0.0046889329791048,19,True,False,False,False,False,False,False,0
20.6,30.5666666666667,0.0,765.333333333333,0.0045876420829336,21.0333333333333,30.29,0.0,825.0,0.0046696235332089,19,True,False,False,False,False,False,False,0
20.6,30.5333333333333,0.0,766.333333333333,0.0045826023428421,21.1,30.34,0.0,832.0,0.0046967314921183,19,True,False,False,False,False,False,False,0
20.65,30.55,0.0,766.0,0.0045993814261929,21.1,30.3233333333333,0.0,815.666666666667,0.0046941319662151,19,True,False,False,False,False,False,False,0
20.65,30.55,0.0,763.0,0.0045993814261929,21.1,30.29,0.0,817.0,0.0046889329791048,19,True,False,False,False,False,False,False,0
20.6,30.5,0.0,764.0,0.0045775626838207,21.05,30.29,0.0,814.5,0.004674444299749,19,True,False,False,False,False,False,False,0
20.7,30.6,0.0,765.0,0.0046212869318063,21.0,30.29,0.0,813.5,0.0046599951691914,19,True,False,False,False,False,False,False,0
20.7,30.55,0.0,762.5,0.0046136797989812,21.0,30.29,0.0,811.0,0.0046599951691914,19,True,False,False,False,False,False,False,0
20.65,30.55,0.0,768.0,0.0045993814261929,21.0,30.29,0.0,809.75,0.0046599951691914,19,True,False,False,False,False,False,False,0
20.65,30.5,0.0,769.5,0.0045917982257084,21.0,30.29,0.0,803.0,0.0046599951691914,19,True,False,False,False,False,False,False,0
20.7,30.5,0.0,767.0,0.0046060728508538,20.89,30.29,0.0,803.0,0.0046283458330353,19,True,False,False,False,False,False,False,0
20.65,30.5,0.0,765.0,0.0045917982257084,20.945,30.29,0.0,803.5,0.0046441466928021,19,True,False,False,False,False,False,False,0
20.7,30.5,0.0,767.5,0.0046060728508538,20.89,30.39,0.0,800.0,0.0046437400232955,19,True,False,False,False,False,False,False,0
20.7,30.5,0.0,765.0,0.0046060728508538,20.89,30.39,0.0,796.5,0.0046437400232955,19,True,False,False,False,False,False,False,0
20.6,30.4266666666667,0.0,759.333333333333,0.0045664757193311,20.84,30.39,0.0,796.0,0.0046293688293309,19,True,False,False,False,False,False,False,0
20.7,30.5,0.0,760.0,0.0046060728508538,20.79,30.39,0.0,800.333333333333,0.0046150369259356,19,True,False,False,False,False,False,False,0
20.6666666666667,30.4633333333333,0.0,759.0,0.0045909853905401,20.79,30.39,0.0,795.5,0.0046150369259356,19,True,False,False,False,False,False,False,0
20.7,30.445,0.0,760.666666666667,0.0045977054212315,20.79,30.39,0.0,790.0,0.0046150369259356,19,True,False,False,False,False,False,False,0
20.6666666666667,30.4266666666667,0.0,760.0,0.0045854187930669,20.79,30.39,0.0,792.0,0.0046150369259356,19,True,False,False,False,False,False,False,0
20.7,30.39,0.0,764.5,0.0045893382150764,20.745,30.39,0.0,785.5,0.0046021717293841,19,True,False,False,False,False,False,False,0
20.7,30.39,0.0,763.0,0.0045893382150764,20.7,30.39,0.0,783.0,0.0045893382150764,19,True,False,False,False,False,False,False,0
20.7,30.39,0.0,753.0,0.0045893382150764,20.7,30.5,0.0,782.0,0.0046060728508538,19,True,False,False,False,False,False,False,0
20.7,30.39,0.0,751.0,0.0045893382150764,20.7,30.5,0.0,777.5,0.0046060728508538,19,True,False,False,False,False,False,False,0
20.675,30.39,0.0,756.0,0.0045822221498769,20.7,30.5,0.0,776.5,0.0046060728508538,19,True,False,False,False,False,False,False,0
20.6,30.39,0.0,756.0,0.0045609323842185,20.7,30.5,0.0,774.0,0.0046060728508538,19,True,False,False,False,False,False,False,0
20.7,30.39,0.0,752.0,0.0045893382150764,20.7,30.5,0.0,771.5,0.0046060728508538,19,True,False,False,False,False,False,False,0
20.6666666666667,30.4266666666667,0.0,753.0,0.0045854187930669,20.7,30.5,0.0,770.0,0.0046060728508538,19,True,False,False,False,False,False,False,0
20.6,30.39,0.0,752.0,0.0045609323842185,20.6666666666667,30.5666666666667,0.0,769.333333333333,0.0046066736064806,19,True,False,False,False,False,False,False,0
20.65,30.39,0.0,754.5,0.0045751158307073,20.6666666666667,30.5666666666667,0.0,766.333333333333,0.0046066736064806,19,True,False,False,False,False,False,False,0
20.65,30.39,0.0,759.0,0.0045751158307073,20.6,30.5,0.0,763.0,0.0045775626838207,19,True,False,False,False,False,False,False,0
20.6,30.39,0.0,749.5,0.0045609323842185,20.6,30.525,0.0,764.75,0.0045813424204865,19,True,False,False,False,False,False,False,0
20.6,30.39,0.0,748.0,0.0045609323842185,20.6,30.5666666666667,0.0,765.333333333333,0.0045876420829336,20,True,False,False,False,False,False,False,0
20.6,30.39,0.0,752.0,0.0045609323842185,20.6,30.5333333333333,0.0,766.333333333333,0.0045826023428421,20,True,False,False,False,False,False,False,0
20.6,30.39,0.0,748.0,0.0045609323842185,20.65,30.55,0.0,766.0,0.0045993814261929,20,True,False,False,False,False,False,False,0
20.6,30.39,0.0,753.0,0.0045609323842185,20.65,30.55,0.0,763.0,0.0045993814261929,20,True,False,False,False,False,False,False,0
20.6,30.39,0.0,748.5,0.0045609323842185,20.6,30.5,0.0,764.0,0.0045775626838207,20,True,False,False,False,False,False,False,0
20.5666666666667,30.39,0.0,747.666666666667,0.0045514983397637,20.7,30.6,0.0,765.0,0.0046212869318063,20,True,False,False,False,False,False,False,0
20.5,30.39,0.0,746.5,0.0045326819356264,20.7,30.55,0.0,762.5,0.0046136797989812,20,True,False,False,False,False,False,False,0
20.55,30.445,0.0,744.5,0.0045550768481966,20.65,30.55,0.0,768.0,0.0045993814261929,20,True,False,False,False,False,False,False,0
20.5,30.5,0.0,743.0,0.0045492084791297,20.65,30.5,0.0,769.5,0.0045917982257084,20,True,False,False,False,False,False,False,0
20.5,30.445,0.0,747.0,0.0045409450983961,20.7,30.5,0.0,767.0,0.0046060728508538,20,True,False,False,False,False,False,False,0
20.5,30.4633333333333,0.0,744.666666666667,0.004543699534422,20.65,30.5,0.0,765.0,0.0045917982257084,20,True,False,False,False,False,False,False,0
20.5,30.5,0.0,741.0,0.0045492084791297,20.7,30.5,0.0,767.5,0.0046060728508538,20,True,False,False,False,False,False,False,0
20.5,30.5,0.0,744.0,0.0045492084791297,20.7,30.5,0.0,765.0,0.0046060728508538,20,True,False,False,False,False,False,False,0
20.5,30.5,0.0,750.0,0.0045492084791297,20.6,30.4266666666667,0.0,759.333333333333,0.0045664757193311,20,True,False,False,False,False,False,False,0
20.5,30.39,0.0,745.0,0.0045326819356264,20.7,30.5,0.0,760.0,0.0046060728508538,20,True,False,False,False,False,False,False,0
20.5,30.39,0.0,742.0,0.0045326819356264,20.6666666666667,30.4633333333333,0.0,759.0,0.0045909853905401,20,True,False,False,False,False,False,False,0
20.5,30.39,0.0,741.0,0.0045326819356264,20.7,30.445,0.0,760.666666666667,0.0045977054212315,20,True,False,False,False,False,False,False,0
20.5,30.39,0.0,743.0,0.0045326819356264,20.6666666666667,30.4266666666667,0.0,760.0,0.0045854187930669,20,True,False,False,False,False,False,False,0
20.5,30.39,0.0,738.5,0.0045326819356264,20.7,30.39,0.0,764.5,0.0045893382150764,20,True,False,False,False,False,False,False,0
20.5,30.39,0.0,735.5,0.0045326819356264,20.7,30.39,0.0,763.0,0.0045893382150764,20,True,False,False,False,False,False,False,0
20.55,30.39,0.0,739.5,0.0045467877832492,20.7,30.39,0.0,753.0,0.0045893382150764,20,True,False,False,False,False,False,False,0
20.55,30.39,0.0,745.5,0.0045467877832492,20.7,30.39,0.0,751.0,0.0045893382150764,20,True,False,False,False,False,False,False,0
20.55,30.39,0.0,739.0,0.0045467877832492,20.675,30.39,0.0,756.0,0.0045822221498769,20,True,False,False,False,False,False,False,0
20.5,30.39,0.0,737.0,0.0045326819356264,20.6,30.39,0.0,756.0,0.0045609323842185,20,True,False,False,False,False,False,False,0
20.6,30.39,0.0,741.0,0.0045609323842185,20.7,30.39,0.0,752.0,0.0045893382150764,20,True,False,False,False,False,False,False,0
20.5,30.39,0.0,749.0,0.0045326819356264,20.6666666666667,30.4266666666667,0.0,753.0,0.0045854187930669,20,True,False,False,False,False,False,False,0
20.6,30.29,0.0,738.5,0.0045458146960699,20.6,30.39,0.0,752.0,0.0045609323842185,20,True,False,False,False,False,False,False,0
20.6,30.29,0.0,738.5,0.0045458146960699,20.65,30.39,0.0,754.5,0.0045751158307073,20,True,False,False,False,False,False,False,0
20.6,30.29,0.0,731.0,0.0045458146960699,20.65,30.39,0.0,759.0,0.0045751158307073,20,True,False,False,False,False,False,False,0
20.5,30.29,0.0,731.5,0.0045176585617096,20.6,30.39,0.0,749.5,0.0045609323842185,20,True,False,False,False,False,False,False,0
20.5,30.29,0.0,728.5,0.0045176585617096,20.6,30.39,0.0,748.0,0.0045609323842185,20,True,False,False,False,False,False,False,0
20.5,30.34,0.0,731.5,0.0045251701586071,20.6,30.39,0.0,752.0,0.0045609323842185,20,True,False,False,False,False,False,False,0
20.5,30.34,0.0,734.0,0.0045251701586071,20.6,30.39,0.0,748.0,0.0045609323842185,20,True,False,False,False,False,False,False,0
20.5,30.29,0.0,733.0,0.0045176585617096,20.6,30.39,0.0,753.0,0.0045609323842185,20,True,False,False,False,False,False,False,0
20.5,30.39,0.0,733.0,0.0045326819356264,20.6,30.39,0.0,748.5,0.0045609323842185,20,True,False,False,False,False,False,False,0
20.5,30.365,0.0,734.666666666667,0.0045289260246011,20.5666666666667,30.39,0.0,747.666666666667,0.0045514983397637,20,True,False,False,False,False,False,False,0
20.5,30.39,0.0,727.5,0.0045326819356264,20.5,30.39,0.0,746.5,0.0045326819356264,20,True,False,False,False,False,False,False,0
20.39,30.29,0.0,725.0,0.0044868647954935,20.55,30.445,0.0,744.5,0.0045550768481966,20,True,False,False,False,False,False,False,0
20.445,30.34,0.0,731.5,0.0045097242016922,20.5,30.5,0.0,743.0,0.0045492084791297,20,True,False,False,False,False,False,False,0
20.39,30.29,0.0,730.0,0.0044868647954935,20.5,30.445,0.0,747.0,0.0045409450983961,20,True,False,False,False,False,False,False,0
20.39,30.29,0.0,732.0,0.0044868647954935,20.5,30.4633333333333,0.0,744.666666666667,0.004543699534422,20,True,False,False,False,False,False,False,0
20.39,30.29,0.0,726.0,0.0044868647954935,20.5,30.5,0.0,741.0,0.0045492084791297,20,True,False,False,False,False,False,False,0
20.39,30.3233333333333,0.0,728.666666666667,0.0044918381279018,20.5,30.5,0.0,744.0,0.0045492084791297,20,True,False,False,False,False,False,False,0
20.39,30.29,0.0,724.333333333333,0.0044868647954935,20.5,30.5,0.0,750.0,0.0045492084791297,20,True,False,False,False,False,False,False,0
20.39,30.29,0.0,719.0,0.0044868647954935,20.5,30.39,0.0,745.0,0.0045326819356264,20,True,False,False,False,False,False,False,0
20.39,30.29,0.0,721.5,0.0044868647954935,20.5,30.39,0.0,742.0,0.0045326819356264,20,True,False,False,False,False,False,False,0
20.39,30.29,0.0,722.5,0.0044868647954935,20.5,30.39,0.0,741.0,0.0045326819356264,20,True,False,False,False,False,False,False,0
20.39,30.29,0.0,726.666666666667,0.0044868647954935,20.5,30.39,0.0,743.0,0.0045326819356264,20,True,False,False,False,False,False,False,0
20.39,30.29,0.0,724.0,0.0044868647954935,20.5,30.39,0.0,738.5,0.0045326819356264,20,True,False,False,False,False,False,False,0
20.29,30.34,0.0,719.5,0.004466444892548,20.5,30.39,0.0,735.5,0.0045326819356264,20,True,False,False,False,False,False,False,0
20.3566666666667,30.3566666666667,0.0,725.0,0.0044874960124179,20.55,30.39,0.0,739.5,0.0045467877832492,20,True,False,False,False,False,False,False,0
20.39,30.29,0.0,729.0,0.0044868647954935,20.55,30.39,0.0,745.5,0.0045467877832492,20,True,False,False,False,False,False,False,0
20.39,30.29,0.0,728.666666666667,0.0044868647954935,20.55,30.39,0.0,739.0,0.0045467877832492,20,True,False,False,False,False,False,False,0
20.39,30.29,0.0,732.0,0.0044868647954935,20.5,30.39,0.0,737.0,0.0045326819356264,20,True,False,False,False,False,False,False,0
20.39,30.29,0.0,729.5,0.0044868647954935,20.6,30.39,0.0,741.0,0.0045609323842185,20,True,False,False,False,False,False,False,0
20.39,30.23,0.0,724.666666666667,0.004477912996136,20.5,30.39,0.0,749.0,0.0045326819356264,20,True,False,False,False,False,False,False,0
20.39,30.2,0.0,726.0,0.00447343719239,20.6,30.29,0.0,738.5,0.0045458146960699,20,True,False,False,False,False,False,False,0
20.39,30.2,0.0,725.5,0.00447343719239,20.6,30.29,0.0,738.5,0.0045458146960699,20,True,False,False,False,False,False,False,0
20.39,30.2,0.0,718.666666666667,0.00447343719239,20.6,30.29,0.0,731.0,0.0045458146960699,20,True,False,False,False,False,False,False,0
20.39,30.2,0.0,717.5,0.00447343719239,20.5,30.29,0.0,731.5,0.0045176585617096,21,True,False,False,False,False,False,False,0
20.39,30.2,0.0,721.0,0.00447343719239,20.5,30.29,0.0,728.5,0.0045176585617096,21,True,False,False,False,False,False,False,0
20.39,30.2,0.0,727.0,0.00447343719239,20.5,30.34,0.0,731.5,0.0045251701586071,21,True,False,False,False,False,False,False,0
20.39,30.2,0.0,727.0,0.00447343719239,20.5,30.34,0.0,734.0,0.0045251701586071,21,True,False,False,False,False,False,False,0
20.39,30.2,0.0,722.0,0.00447343719239,20.5,30.29,0.0,733.0,0.0045176585617096,21,True,False,False,False,False,False,False,0
20.39,30.2,0.0,727.0,0.00447343719239,20.5,30.39,0.0,733.0,0.0045326819356264,21,True,False,False,False,False,False,False,0
20.4266666666667,30.1666666666667,0.0,724.666666666667,0.0044786657695847,20.5,30.365,0.0,734.666666666667,0.0045289260246011,21,True,False,False,False,False,False,False,0
20.39,30.15,0.0,726.0,0.0044659776615978,20.5,30.39,0.0,727.5,0.0045326819356264,21,True,False,False,False,False,False,False,0
20.39,30.1666666666667,0.0,730.333333333333,0.0044684641521236,20.39,30.29,0.0,725.0,0.0044868647954935,21,True,False,False,False,False,False,False,0
20.39,30.2,0.0,717.0,0.00447343719239,20.445,30.34,0.0,731.5,0.0045097242016922,21,True,False,False,False,False,False,False,0
20.39,30.2,0.0,723.75,0.00447343719239,20.39,30.29,0.0,730.0,0.0044868647954935,21,True,False,False,False,False,False,False,0
20.39,30.2,0.0,723.5,0.00447343719239,20.39,30.29,0.0,732.0,0.0044868647954935,21,True,False,False,False,False,False,False,0
20.39,30.2,0.0,723.0,0.00447343719239,20.39,30.29,0.0,726.0,0.0044868647954935,21,True,False,False,False,False,False,False,0
20.39,30.2,0.0,726.0,0.00447343719239,20.39,30.3233333333333,0.0,728.666666666667,0.0044918381279018,21,True,False,False,False,False,False,False,0
20.39,30.2,0.0,726.0,0.00447343719239,20.39,30.29,0.0,724.333333333333,0.0044868647954935,21,True,False,False,False,False,False,False,0
20.39,30.2,0.0,724.0,0.00447343719239,20.39,30.29,0.0,719.0,0.0044868647954935,21,True,False,False,False,False,False,False,0
20.39,30.2,0.0,720.0,0.00447343719239,20.39,30.29,0.0,721.5,0.0044868647954935,21,True,False,False,False,False,False,False,0
20.34,30.2,0.0,720.0,0.0044595434128049,20.39,30.29,0.0,722.5,0.0044868647954935,21,True,False,False,False,False,False,False,0
20.39,30.2,0.0,726.5,0.00447343719239,20.39,30.29,0.0,726.666666666667,0.0044868647954935,21,True,False,False,False,False,False,False,0
20.39,30.2,0.0,733.0,0.00447343719239,20.39,30.29,0.0,724.0,0.0044868647954935,21,True,False,False,False,False,False,False,0
20.39,30.2,0.0,720.5,0.00447343719239,20.29,30.34,0.0,719.5,0.004466444892548,21,True,False,False,False,False,False,False,0
20.39,30.2,0.0,720.666666666667,0.00447343719239,20.3566666666667,30.3566666666667,0.0,725.0,0.0044874960124179,21,True,False,False,False,False,False,False,0
20.39,30.2,0.0,722.333333333333,0.00447343719239,20.39,30.29,0.0,729.0,0.0044868647954935,21,True,False,False,False,False,False,False,0
20.39,30.2,0.0,724.666666666667,0.00447343719239,20.39,30.29,0.0,728.666666666667,0.0044868647954935,21,True,False,False,False,False,False,False,0
20.39,30.2,0.0,719.0,0.00447343719239,20.39,30.29,0.0,732.0,0.0044868647954935,21,True,False,False,False,False,False,False,0
20.39,30.2,0.0,715.5,0.00447343719239,20.39,30.29,0.0,729.5,0.0044868647954935,21,True,False,False,False,False,False,False,0
20.39,30.15,0.0,721.0,0.0044659776615978,20.39,30.23,0.0,724.666666666667,0.004477912996136,21,True,False,False,False,False,False,False,0
20.39,30.1,0.0,725.5,0.0044585183084475,20.39,30.2,0.0,726.0,0.00447343719239,21,True,False,False,False,False,False,False,0
20.39,30.1,0.0,724.0,0.0044585183084475,20.39,30.2,0.0,725.5,0.00447343719239,21,True,False,False,False,False,False,False,0
20.39,30.1,0.0,721.0,0.0044585183084475,20.39,30.2,0.0,718.666666666667,0.00447343719239,21,True,False,False,False,False,False,False,0
20.39,30.1,0.0,724.0,0.0044585183084475,20.39,30.2,0.0,717.5,0.00447343719239,21,True,False,False,False,False,False,False,0
20.34,30.2,0.0,718.0,0.0044595434128049,20.39,30.2,0.0,721.0,0.00447343719239,21,True,False,False,False,False,False,False,0
20.39,30.2,0.0,723.0,0.00447343719239,20.39,30.2,0.0,727.0,0.00447343719239,21,True,False,False,False,False,False,False,0
20.39,30.15,0.0,721.5,0.0044659776615978,20.39,30.2,0.0,727.0,0.00447343719239,21,True,False,False,False,False,False,False,0
20.39,30.1,0.0,727.0,0.0044585183084475,20.39,30.2,0.0,722.0,0.00447343719239,21,True,False,False,False,False,False,False,0
20.39,30.1,0.0,727.0,0.0044585183084475,20.39,30.2,0.0,727.0,0.00447343719239,21,True,False,False,False,False,False,False,0
20.39,30.1333333333333,0.0,725.666666666667,0.0044634911908101,20.4266666666667,30.1666666666667,0.0,724.666666666667,0.0044786657695847,21,True,False,False,False,False,False,False,0
20.34,30.2,0.0,724.0,0.0044595434128049,20.39,30.15,0.0,726.0,0.0044659776615978,21,True,False,False,False,False,False,False,0
20.29,30.2,0.0,723.0,0.0044456877542656,20.39,30.1666666666667,0.0,730.333333333333,0.0044684641521236,21,True,False,False,False,False,False,False,0
20.34,30.2,0.0,720.0,0.0044595434128049,20.39,30.2,0.0,717.0,0.00447343719239,21,True,False,False,False,False,False,False,0
20.34,30.2,0.0,714.5,0.0044595434128049,20.39,30.2,0.0,723.75,0.00447343719239,21,True,False,False,False,False,False,False,0
20.29,30.2,0.0,719.666666666667,0.0044456877542656,20.39,30.2,0.0,723.5,0.00447343719239,21,True,False,False,False,False,False,False,0
20.29,30.2,0.0,728.0,0.0044456877542656,20.39,30.2,0.0,723.0,0.00447343719239,21,True,False,False,False,False,False,False,0
20.3233333333333,30.2,0.0,721.0,0.0044549206287641,20.39,30.2,0.0,726.0,0.00447343719239,21,True,False,False,False,False,False,False,0
20.34,30.2,0.0,719.333333333333,0.0044595434128049,20.39,30.2,0.0,726.0,0.00447343719239,21,True,False,False,False,False,False,False,0
20.29,30.2,0.0,720.0,0.0044456877542656,20.39,30.2,0.0,724.0,0.00447343719239,21,True,False,False,False,False,False,False,0
20.34,30.2,0.0,719.5,0.0044595434128049,20.39,30.2,0.0,720.0,0.00447343719239,21,True,False,False,False,False,False,False,0
20.34,30.2,0.0,718.5,0.0044595434128049,20.34,30.2,0.0,720.0,0.0044595434128049,21,True,False,False,False,False,False,False,0
20.3233333333333,30.2,0.0,726.666666666667,0.0044549206287641,20.39,30.2,0.0,726.5,0.00447343719239,21,True,False,False,False,False,False,False,0
20.29,30.2,0.0,728.5,0.0044456877542656,20.39,30.2,0.0,733.0,0.00447343719239,21,True,False,False,False,False,False,False,0
20.34,30.2,0.0,729.5,0.0044595434128049,20.39,30.2,0.0,720.5,0.00447343719239,21,True,False,False,False,False,False,False,0
20.39,30.2,0.0,728.0,0.00447343719239,20.39,30.2,0.0,720.666666666667,0.00447343719239,21,True,False,False,False,False,False,False,0
20.3566666666667,30.1333333333333,0.0,726.0,0.0044542451806449,20.39,30.2,0.0,722.333333333333,0.00447343719239,21,True,False,False,False,False,False,False,0
20.39,30.1,0.0,718.5,0.0044585183084475,20.39,30.2,0.0,724.666666666667,0.00447343719239,21,True,False,False,False,False,False,False,0
20.39,30.1,0.0,720.333333333333,0.0044585183084475,20.39,30.2,0.0,719.0,0.00447343719239,21,True,False,False,False,False,False,False,0
20.39,30.1,0.0,721.333333333333,0.0044585183084475,20.39,30.2,0.0,715.5,0.00447343719239,21,True,False,False,False,False,False,False,0
20.39,30.05,0.0,719.5,0.0044510591329326,20.39,30.15,0.0,721.0,0.0044659776615978,21,True,False,False,False,False,False,False,0
20.4266666666667,30.0333333333333,0.0,713.333333333333,0.0044587286623091,20.39,30.1,0.0,725.5,0.0044585183084475,21,True,False,False,False,False,False,False,0
20.5,30.1,0.0,713.0,0.0044891161360965,20.39,30.1,0.0,724.0,0.0044585183084475,21,True,False,False,False,False,False,False,0
20.39,30.0,0.0,713.0,0.0044436001350469,20.39,30.1,0.0,721.0,0.0044585183084475,21,True,False,False,False,False,False,False,0
20.39,30.0,0.0,716.0,0.0044436001350469,20.39,30.1,0.0,724.0,0.0044585183084475,22,True,False,False,False,False,False,False,0
20.39,30.0,0.0,712.333333333333,0.0044436001350469,20.34,30.2,0.0,718.0,0.0044595434128049,22,True,False,False,False,False,False,False,0
20.39,30.0,0.0,707.0,0.0044436001350469,20.39,30.2,0.0,723.0,0.00447343719239,22,True,False,False,False,False,False,False,0
20.39,30.0,0.0,709.0,0.0044436001350469,20.39,30.15,0.0,721.5,0.0044659776615978,22,True,False,False,False,False,False,False,0
20.39,30.0,0.0,713.5,0.0044436001350469,20.39,30.1,0.0,727.0,0.0044585183084475,22,True,False,False,False,False,False,False,0
20.39,30.0,0.0,716.5,0.0044436001350469,20.39,30.1,0.0,727.0,0.0044585183084475,22,True,False,False,False,False,False,False,0
20.39,30.0,0.0,722.5,0.0044436001350469,20.39,30.1333333333333,0.0,725.666666666667,0.0044634911908101,22,True,False,False,False,False,False,False,0
20.39,30.0,0.0,714.0,0.0044436001350469,20.34,30.2,0.0,724.0,0.0044595434128049,22,True,False,False,False,False,False,False,0
20.39,30.0,0.0,714.5,0.0044436001350469,20.29,30.2,0.0,723.0,0.0044456877542656,22,True,False,False,False,False,False,False,0
20.39,30.05,0.0,710.0,0.0044510591329326,20.34,30.2,0.0,720.0,0.0044595434128049,22,True,False,False,False,False,False,False,0
20.39,30.1,0.0,714.5,0.0044585183084475,20.34,30.2,0.0,714.5,0.0044595434128049,22,True,False,False,False,False,False,False,0
20.34,30.1,0.0,713.0,0.0044446711932668,20.29,30.2,0.0,719.666666666667,0.0044456877542656,22,True,False,False,False,False,False,False,0
20.29,30.2,0.0,712.0,0.0044456877542656,20.29,30.2,0.0,728.0,0.0044456877542656,22,True,False,False,False,False,False,False,0
20.39,30.15,0.0,711.0,0.0044659776615978,20.3233333333333,30.2,0.0,721.0,0.0044549206287641,22,True,False,False,False,False,False,False,0
20.34,30.15,0.0,714.5,0.0044521072147678,20.34,30.2,0.0,719.333333333333,0.0044595434128049,22,True,False,False,False,False,False,False,0
20.29,30.2,0.0,715.0,0.0044456877542656,20.29,30.2,0.0,720.0,0.0044456877542656,22,True,False,False,False,False,False,False,0
20.29,30.2,0.0,715.5,0.0044456877542656,20.34,30.2,0.0,719.5,0.0044595434128049,22,True,False,False,False,False,False,False,0
20.29,30.245,0.0,712.5,0.0044523595415601,20.34,30.2,0.0,718.5,0.0044595434128049,22,True,False,False,False,False,False,False,0
20.23,30.23,0.0,717.333333333333,0.0044335422966573,20.3233333333333,30.2,0.0,726.666666666667,0.0044549206287641,22,True,False,False,False,False,False,False,0
20.245,30.245,0.0,719.5,0.0044399031697303,20.29,30.2,0.0,728.5,0.0044456877542656,22,True,False,False,False,False,False,False,0
20.29,30.29,0.0,722.0,0.0044590314709682,20.34,30.2,0.0,729.5,0.0044595434128049,22,True,False,False,False,False,False,False,0
20.34,30.2,0.0,728.0,0.0044595434128049,20.39,30.2,0.0,728.0,0.00447343719239,22,True,False,False,False,False,False,False,0
20.29,30.2,0.0,720.0,0.0044456877542656,20.3566666666667,30.1333333333333,0.0,726.0,0.0044542451806449,22,True,False,False,False,False,False,False,0
20.29,30.2,0.0,718.5,0.0044456877542656,20.39,30.1,0.0,718.5,0.0044585183084475,22,True,False,False,False,False,False,False,0
20.29,30.2,0.0,718.666666666667,0.0044456877542656,20.39,30.1,0.0,720.333333333333,0.0044585183084475,22,True,False,False,False,False,False,False,0
20.29,30.2,0.0,721.0,0.0044456877542656,20.39,30.1,0.0,721.333333333333,0.0044585183084475,22,True,False,False,False,False,False,False,0
20.29,30.2,0.0,718.5,0.0044456877542656,20.39,30.05,0.0,719.5,0.0044510591329326,22,True,False,False,False,False,False,False,0
20.29,30.23,0.0,717.666666666667,0.0044501355966717,20.4266666666667,30.0333333333333,0.0,713.333333333333,0.0044587286623091,22,True,False,False,False,False,False,False,0
20.29,30.29,0.0,709.666666666667,0.0044590314709682,20.5,30.1,0.0,713.0,0.0044891161360965,22,True,False,False,False,False,False,False,0
20.245,30.245,0.0,712.5,0.0044399031697303,20.39,30.0,0.0,713.0,0.0044436001350469,22,True,False,False,False,False,False,False,0
20.29,30.29,0.0,719.0,0.0044590314709682,20.39,30.0,0.0,716.0,0.0044436001350469,22,True,False,False,False,False,False,False,0
20.245,30.29,0.0,714.5,0.0044465563005816,20.39,30.0,0.0,712.333333333333,0.0044436001350469,22,True,False,False,False,False,False,False,0
20.23,30.3233333333333,0.0,706.333333333333,0.0044473284676967,20.39,30.0,0.0,707.0,0.0044436001350469,22,True,False,False,False,False,False,False,0
20.23,30.3233333333333,0.0,708.333333333333,0.0044473284676967,20.39,30.0,0.0,709.0,0.0044436001350469,22,True,False,False,False,False,False,False,0
20.245,30.29,0.0,709.5,0.0044465563005816,20.39,30.0,0.0,713.5,0.0044436001350469,22,True,False,False,False,False,False,False,0
20.2675,30.365,0.0,707.0,0.0044638945494732,20.39,30.0,0.0,716.5,0.0044436001350469,22,True,False,False,False,False,False,False,0
20.29,30.39,0.0,715.0,0.0044738584895885,20.39,30.0,0.0,722.5,0.0044436001350469,22,True,False,False,False,False,False,False,0
20.245,30.34,0.0,715.5,0.0044539488339413,20.39,30.0,0.0,714.0,0.0044436001350469,22,True,False,False,False,False,False,False,0
20.29,30.29,0.0,716.0,0.0044590314709682,20.39,30.0,0.0,714.5,0.0044436001350469,22,True,False,False,False,False,False,False,0
20.26,30.3566666666667,0.0,713.666666666667,0.0044605772874086,20.39,30.05,0.0,710.0,0.0044510591329326,22,True,False,False,False,False,False,False,0
20.29,30.34,0.0,711.5,0.004466444892548,20.39,30.1,0.0,714.5,0.0044585183084475,22,True,False,False,False,False,False,False,0
20.29,30.29,0.0,712.0,0.0044590314709682,20.34,30.1,0.0,713.0,0.0044446711932668,22,True,False,False,False,False,False,False,0
20.29,30.29,0.0,716.0,0.0044590314709682,20.29,30.2,0.0,712.0,0.0044456877542656,22,True,False,False,False,False,False,False,0
20.29,30.29,0.0,714.5,0.0044590314709682,20.39,30.15,0.0,711.0,0.0044659776615978,22,True,False,False,False,False,False,False,0
20.39,30.29,0.0,717.0,0.0044868647954935,20.34,30.15,0.0,714.5,0.0044521072147678,22,True,False,False,False,False,False,False,0
20.39,30.2,0.0,714.5,0.00447343719239,20.29,30.2,0.0,715.0,0.0044456877542656,22,True,False,False,False,False,False,False,0
20.34,30.2,0.0,715.0,0.0044595434128049,20.29,30.2,0.0,715.5,0.0044456877542656,22,True,False,False,False,False,False,False,0
20.34,30.245,0.0,722.0,0.0044662361419819,20.29,30.245,0.0,712.5,0.0044523595415601,22,True,False,False,False,False,False,False,0
20.39,30.2,0.0,723.0,0.00447343719239,20.23,30.23,0.0,717.333333333333,0.0044335422966573,22,True,False,False,False,False,False,False,0
20.39,30.2,0.0,716.0,0.00447343719239,20.245,30.245,0.0,719.5,0.0044399031697303,22,True,False,False,False,False,False,False,0
20.39,30.2,0.0,713.0,0.00447343719239,20.29,30.29,0.0,722.0,0.0044590314709682,22,True,False,False,False,False,False,False,0
20.39,30.2,0.0,712.0,0.00447343719239,20.34,30.2,0.0,728.0,0.0044595434128049,22,True,False,False,False,False,False,False,0
20.39,30.2,0.0,715.5,0.00447343719239,20.29,30.2,0.0,720.0,0.0044456877542656,22,True,False,False,False,False,False,False,0
20.39,30.1666666666667,0.0,718.0,0.0044684641521236,20.29,30.2,0.0,718.5,0.0044456877542656,22,True,False,False,False,False,False,False,0
20.39,30.15,0.0,716.0,0.0044659776615978,20.29,30.2,0.0,718.666666666667,0.0044456877542656,22,True,False,False,False,False,False,False,0
20.445,30.15,0.0,721.5,0.0044812792159523,20.29,30.2,0.0,721.0,0.0044456877542656,22,True,False,False,False,False,False,False,0
20.39,30.1,0.0,721.5,0.0044585183084475,20.29,30.2,0.0,718.5,0.0044456877542656,22,True,False,False,False,False,False,False,0
20.39,30.1666666666667,0.0,721.0,0.0044684641521236,20.29,30.23,0.0,717.666666666667,0.0044501355966717,22,True,False,False,False,False,False,False,0
20.39,30.2,0.0,720.0,0.00447343719239,20.29,30.29,0.0,709.666666666667,0.0044590314709682,22,True,False,False,False,False,False,False,0
20.39,30.2,0.0,715.333333333333,0.00447343719239,20.245,30.245,0.0,712.5,0.0044399031697303,22,True,False,False,False,False,False,False,0
20.34,30.2,0.0,710.5,0.0044595434128049,20.29,30.29,0.0,719.0,0.0044590314709682,22,True,False,False,False,False,False,False,0
20.3233333333333,30.29,0.0,712.0,0.0044682922555746,20.245,30.29,0.0,714.5,0.0044465563005816,23,True,False,False,False,False,False,False,0
20.29,30.29,0.0,712.0,0.0044590314709682,20.23,30.3233333333333,0.0,706.333333333333,0.0044473284676967,23,True,False,False,False,False,False,False,0
20.29,30.29,0.0,716.0,0.0044590314709682,20.23,30.3233333333333,0.0,708.333333333333,0.0044473284676967,23,True,False,False,False,False,False,False,0
20.29,30.39,0.0,716.0,0.0044738584895885,20.245,30.29,0.0,709.5,0.0044465563005816,23,True,False,False,False,False,False,False,0
20.245,30.34,0.0,716.5,0.0044539488339413,20.2675,30.365,0.0,707.0,0.0044638945494732,23,True,False,False,False,False,False,False,0
20.2,30.39,0.0,718.0,0.0044488555320232,20.29,30.39,0.0,715.0,0.0044738584895885,23,True,False,False,False,False,False,False,0
20.29,30.5,0.0,714.0,0.00449016902073,20.245,30.34,0.0,715.5,0.0044539488339413,23,True,False,False,False,False,False,False,0
20.2,30.39,0.0,716.333333333333,0.0044488555320232,20.29,30.29,0.0,716.0,0.0044590314709682,23,True,False,False,False,False,False,False,0
20.2,30.39,0.0,713.0,0.0044488555320232,20.26,30.3566666666667,0.0,713.666666666667,0.0044605772874086,23,True,False,False,False,False,False,False,0
20.2,30.5,0.0,716.5,0.0044650742591618,20.29,30.34,0.0,711.5,0.004466444892548,23,True,False,False,False,False,False,False,0
20.2,30.5,0.0,713.333333333333,0.0044650742591618,20.29,30.29,0.0,712.0,0.0044590314709682,23,True,False,False,False,False,False,False,0
20.2,30.5,0.0,711.25,0.0044650742591618,20.29,30.29,0.0,716.0,0.0044590314709682,23,True,False,False,False,False,False,False,0
20.1666666666667,30.5,0.0,712.0,0.0044558113859046,20.29,30.29,0.0,714.5,0.0044590314709682,23,True,False,False,False,False,False,False,0
20.2,30.6,0.0,719.666666666667,0.0044798192853332,20.39,30.29,0.0,717.0,0.0044868647954935,23,True,False,False,False,False,False,False,0
20.2,30.6,0.0,718.0,0.0044798192853332,20.39,30.2,0.0,714.5,0.00447343719239,23,True,False,False,False,False,False,False,0
20.2,30.6,0.0,714.333333333333,0.0044798192853332,20.34,30.2,0.0,715.0,0.0044595434128049,23,True,False,False,False,False,False,False,0
20.2,30.55,0.0,716.5,0.0044724466854856,20.34,30.245,0.0,722.0,0.0044662361419819,23,True,False,False,False,False,False,False,0
20.2,30.6,0.0,712.0,0.0044798192853332,20.39,30.2,0.0,723.0,0.00447343719239,23,True,False,False,False,False,False,False,0
20.2,30.5,0.0,711.0,0.0044650742591618,20.39,30.2,0.0,716.0,0.00447343719239,23,True,False,False,False,False,False,False,0
20.2,30.5,0.0,712.5,0.0044650742591618,20.39,30.2,0.0,713.0,0.00447343719239,23,True,False,False,False,False,False,False,0
20.2,30.55,0.0,710.0,0.0044724466854856,20.39,30.2,0.0,712.0,0.00447343719239,23,True,False,False,False,False,False,False,0
20.2,30.6,0.0,705.5,0.0044798192853332,20.39,30.2,0.0,715.5,0.00447343719239,23,True,False,False,False,False,False,False,0
20.2,30.6,0.0,715.0,0.0044798192853332,20.39,30.1666666666667,0.0,718.0,0.0044684641521236,23,True,False,False,False,False,False,False,0
20.1,30.6,0.0,715.5,0.0044519893157504,20.39,30.15,0.0,716.0,0.0044659776615978,23,True,False,False,False,False,False,False,0
20.2,30.6,0.0,711.666666666667,0.0044798192853332,20.445,30.15,0.0,721.5,0.0044812792159523,23,True,False,False,False,False,False,False,0
20.2,30.6,0.0,717.0,0.0044798192853332,20.39,30.1,0.0,721.5,0.0044585183084475,23,True,False,False,False,False,False,False,0
20.2,30.6,0.0,717.0,0.0044798192853332,20.39,30.1666666666667,0.0,721.0,0.0044684641521236,23,True,False,False,False,False,False,False,0
20.2,30.5,0.0,721.5,0.0044650742591618,20.39,30.2,0.0,720.0,0.00447343719239,23,True,False,False,False,False,False,False,0
20.15,30.55,0.0,708.0,0.0044585356490658,20.39,30.2,0.0,715.333333333333,0.00447343719239,23,True,False,False,False,False,False,False,0
20.1,30.6,0.0,716.0,0.0044519893157504,20.34,30.2,0.0,710.5,0.0044595434128049,23,True,False,False,False,False,False,False,0
20.1666666666667,30.6,0.0,710.0,0.0044705256049807,20.3233333333333,30.29,0.0,712.0,0.0044682922555746,23,True,False,False,False,False,False,False,0
20.1333333333333,30.6,0.0,710.0,0.0044612489574666,20.29,30.29,0.0,712.0,0.0044590314709682,23,True,False,False,False,False,False,False,0
20.15,30.6,0.0,711.0,0.0044658851538097,20.29,30.29,0.0,716.0,0.0044590314709682,23,True,False,False,False,False,False,False,0
20.15,30.6,0.0,716.0,0.0044658851538097,20.29,30.39,0.0,716.0,0.0044738584895885,23,True,False,False,False,False,False,False,0
20.2,30.6,0.0,711.25,0.0044798192853332,20.245,30.34,0.0,716.5,0.0044539488339413,23,True,False,False,False,False,False,False,0
20.2,30.6,0.0,717.0,0.0044798192853332,20.2,30.39,0.0,718.0,0.0044488555320232,23,True,False,False,False,False,False,False,0
20.2,30.6,0.0,714.0,0.0044798192853332,20.29,30.5,0.0,714.0,0.00449016902073,23,True,False,False,False,False,False,False,0
20.2,30.6,0.0,714.5,0.0044798192853332,20.2,30.39,0.0,716.333333333333,0.0044488555320232,23,True,False,False,False,False,False,False,0
20.2,30.6,0.0,708.5,0.0044798192853332,20.2,30.39,0.0,713.0,0.0044488555320232,23,True,False,False,False,False,False,False,0
20.2,30.6,0.0,709.5,0.0044798192853332,20.2,30.5,0.0,716.5,0.0044650742591618,23,True,False,False,False,False,False,False,0
20.2,30.55,0.0,714.0,0.0044724466854856,20.2,30.5,0.0,713.333333333333,0.0044650742591618,23,True,False,False,False,False,False,False,0
20.2,30.55,0.0,711.5,0.0044724466854856,20.2,30.5,0.0,711.25,0.0044650742591618,23,True,False,False,False,False,False,False,0
20.2,30.6,0.0,714.5,0.0044798192853332,20.1666666666667,30.5,0.0,712.0,0.0044558113859046,23,True,False,False,False,False,False,False,0
20.15,30.6,0.0,713.0,0.0044658851538097,20.2,30.6,0.0,719.666666666667,0.0044798192853332,23,True,False,False,False,False,False,False,0
20.1666666666667,30.6,0.0,717.0,0.0044705256049807,20.2,30.6,0.0,718.0,0.0044798192853332,23,True,False,False,False,False,False,False,0
20.2,30.5,0.0,717.0,0.0044650742591618,20.2,30.6,0.0,714.333333333333,0.0044798192853332,23,True,False,False,False,False,False,False,0
20.2,30.6,0.0,713.5,0.0044798192853332,20.2,30.55,0.0,716.5,0.0044724466854856,23,True,False,False,False,False,False,False,0
20.2,30.5,0.0,713.0,0.0044650742591618,20.2,30.6,0.0,712.0,0.0044798192853332,23,True,False,False,False,False,False,False,0
20.1333333333333,30.5,0.0,717.333333333333,0.0044465654881226,20.2,30.5,0.0,711.0,0.0044650742591618,23,True,False,False,False,False,False,False,0
20.2,30.5,0.0,716.0,0.0044650742591618,20.2,30.5,0.0,712.5,0.0044650742591618,23,True,False,False,False,False,False,False,0
20.2,30.5,0.0,711.333333333333,0.0044650742591618,20.2,30.55,0.0,710.0,0.0044724466854856,23,True,False,False,False,False,False,False,0
20.2,30.5,0.0,718.0,0.0044650742591618,20.2,30.6,0.0,705.5,0.0044798192853332,23,True,False,False,False,False,False,False,0
20.245,30.55,0.0,714.5,0.0044849993794109,20.2,30.6,0.0,715.0,0.0044798192853332,23,True,False,False,False,False,False,False,0
20.2,30.39,0.0,710.5,0.0044488555320232,20.1,30.6,0.0,715.5,0.0044519893157504,23,True,False,False,False,False,False,False,0
20.245,30.445,0.0,717.0,0.0044694737219262,20.2,30.6,0.0,711.666666666667,0.0044798192853332,23,True,False,False,False,False,False,False,0
20.245,30.445,0.0,709.0,0.0044694737219262,20.2,30.6,0.0,717.0,0.0044798192853332,23,True,False,False,False,False,False,False,0
20.2,30.39,0.0,714.5,0.0044488555320232,20.2,30.6,0.0,717.0,0.0044798192853332,23,True,False,False,False,False,False,False,0
20.2,30.39,0.0,715.333333333333,0.0044488555320232,20.2,30.5,0.0,721.5,0.0044650742591618,23,True,False,False,False,False,False,False,0
20.2,30.39,0.0,718.0,0.0044488555320232,20.15,30.55,0.0,708.0,0.0044585356490658,23,True,False,False,False,False,False,False,0
20.2,30.39,0.0,714.0,0.0044488555320232,20.1,30.6,0.0,716.0,0.0044519893157504,0,False,True,False,False,False,False,False,0
20.15,30.445,0.0,714.0,0.0044431022503958,20.1666666666667,30.6,0.0,710.0,0.0044705256049807,0,False,True,False,False,False,False,False,0
20.1,30.5,0.0,708.5,0.0044373365388697,20.1333333333333,30.6,0.0,710.0,0.0044612489574666,0,False,True,False,False,False,False,False,0
20.1,30.55,0.0,708.0,0.0044446628416266,20.15,30.6,0.0,711.0,0.0044658851538097,0,False,True,False,False,False,False,False,0
20.1,30.6,0.0,710.333333333333,0.0044519893157504,20.15,30.6,0.0,716.0,0.0044658851538097,0,False,True,False,False,False,False,False,0
20.1,30.6,0.0,720.0,0.0044519893157504,20.2,30.6,0.0,711.25,0.0044798192853332,0,False,True,False,False,False,False,False,0
20.1,30.6,0.0,711.5,0.0044519893157504,20.2,30.6,0.0,717.0,0.0044798192853332,0,False,True,False,False,False,False,False,0
20.1,30.6,0.0,712.5,0.0044519893157504,20.2,30.6,0.0,714.0,0.0044798192853332,0,False,True,False,False,False,False,False,0
20.1,30.5333333333333,0.0,713.333333333333,0.0044422207216671,20.2,30.6,0.0,714.5,0.0044798192853332,0,False,True,False,False,False,False,False,0
20.15,30.5,0.0,713.0,0.0044511863167641,20.2,30.6,0.0,708.5,0.0044798192853332,0,False,True,False,False,False,False,False,0
20.1,30.5,0.0,713.0,0.0044373365388697,20.2,30.6,0.0,709.5,0.0044798192853332,0,False,True,False,False,False,False,False,0
20.2,30.5,0.0,720.0,0.0044650742591618,20.2,30.55,0.0,714.0,0.0044724466854856,0,False,True,False,False,False,False,False,0
20.2,30.5,0.0,714.5,0.0044650742591618,20.2,30.55,0.0,711.5,0.0044724466854856,0,False,True,False,False,False,False,False,0
20.2,30.5,0.0,714.5,0.0044650742591618,20.2,30.6,0.0,714.5,0.0044798192853332,0,False,True,False,False,False,False,False,0
20.2,30.445,0.0,713.0,0.0044569647906184,20.15,30.6,0.0,713.0,0.0044658851538097,0,False,True,False,False,False,False,False,0
20.2,30.39,0.0,711.0,0.0044488555320232,20.1666666666667,30.6,0.0,717.0,0.0044705256049807,0,False,True,False,False,False,False,False,0
20.2,30.39,0.0,715.0,0.0044488555320232,20.2,30.5,0.0,717.0,0.0044650742591618,0,False,True,False,False,False,False,False,0
20.2,30.39,0.0,717.0,0.0044488555320232,20.2,30.6,0.0,713.5,0.0044798192853332,0,False,True,False,False,False,False,False,0
20.2,30.39,0.0,715.0,0.0044488555320232,20.2,30.5,0.0,713.0,0.0044650742591618,0,False,True,False,False,False,False,False,0
20.2,30.39,0.0,718.333333333333,0.0044488555320232,20.1333333333333,30.5,0.0,717.333333333333,0.0044465654881226,0,False,True,False,False,False,False,False,0
20.2,30.39,0.0,720.0,0.0044488555320232,20.2,30.5,0.0,716.0,0.0044650742591618,0,False,True,False,False,False,False,False,0
20.2,30.39,0.0,717.5,0.0044488555320232,20.2,30.5,0.0,711.333333333333,0.0044650742591618,0,False,True,False,False,False,False,False,0
20.2,30.39,0.0,714.0,0.0044488555320232,20.2,30.5,0.0,718.0,0.0044650742591618,0,False,True,False,False,False,False,False,0
20.2,30.39,0.0,720.0,0.0044488555320232,20.245,30.55,0.0,714.5,0.0044849993794109,0,False,True,False,False,False,False,False,0
20.2,30.34,0.0,713.5,0.0044414836609345,20.2,30.39,0.0,710.5,0.0044488555320232,0,False,True,False,False,False,False,False,0
20.2,30.39,0.0,714.666666666667,0.0044488555320232,20.245,30.445,0.0,717.0,0.0044694737219262,0,False,True,False,False,False,False,False,0
20.2,30.39,0.0,719.5,0.0044488555320232,20.245,30.445,0.0,709.0,0.0044694737219262,0,False,True,False,False,False,False,False,0
20.2,30.39,0.0,717.5,0.0044488555320232,20.2,30.39,0.0,714.5,0.0044488555320232,0,False,True,False,False,False,False,False,0
20.2,30.39,0.0,722.0,0.0044488555320232,20.2,30.39,0.0,715.333333333333,0.0044488555320232,0,False,True,False,False,False,False,False,0
20.2,30.39,0.0,718.5,0.0044488555320232,20.2,30.39,0.0,718.0,0.0044488555320232,0,False,True,False,False,False,False,False,0
20.2,30.34,0.0,717.0,0.0044414836609345,20.2,30.39,0.0,714.0,0.0044488555320232,0,False,True,False,False,False,False,False,0
20.2,30.39,0.0,715.666666666667,0.0044488555320232,20.15,30.445,0.0,714.0,0.0044431022503958,0,False,True,False,False,False,False,False,0
20.2,30.39,0.0,711.0,0.0044488555320232,20.1,30.5,0.0,708.5,0.0044373365388697,0,False,True,False,False,False,False,False,0
20.1666666666667,30.39,0.0,711.666666666667,0.0044396265432364,20.1,30.55,0.0,708.0,0.0044446628416266,0,False,True,False,False,False,False,False,0
20.2,30.39,0.0,714.5,0.0044488555320232,20.1,30.6,0.0,710.333333333333,0.0044519893157504,0,False,True,False,False,False,False,False,0
20.2,30.39,0.0,719.5,0.0044488555320232,20.1,30.6,0.0,720.0,0.0044519893157504,0,False,True,False,False,False,False,False,0
20.2,30.39,0.0,711.0,0.0044488555320232,20.1,30.6,0.0,711.5,0.0044519893157504,0,False,True,False,False,False,False,False,0
20.2,30.39,0.0,710.0,0.0044488555320232,20.1,30.6,0.0,712.5,0.0044519893157504,0,False,True,False,False,False,False,False,0
20.2,30.39,0.0,711.5,0.0044488555320232,20.1,30.5333333333333,0.0,713.333333333333,0.0044422207216671,0,False,True,False,False,False,False,False,0
20.2,30.34,0.0,714.0,0.0044414836609345,20.15,30.5,0.0,713.0,0.0044511863167641,0,False,True,False,False,False,False,False,0
20.1666666666667,30.3566666666667,0.0,712.666666666667,0.0044347222105644,20.1,30.5,0.0,713.0,0.0044373365388697,0,False,True,False,False,False,False,False,0
20.2,30.39,0.0,715.0,0.0044488555320232,20.2,30.5,0.0,720.0,0.0044650742591618,0,False,True,False,False,False,False,False,0
20.2,30.365,0.0,713.75,0.0044451695747912,20.2,30.5,0.0,714.5,0.0044650742591618,0,False,True,False,False,False,False,False,0
20.2,30.29,0.0,718.0,0.0044341119633439,20.2,30.5,0.0,714.5,0.0044650742591618,0,False,True,False,False,False,False,False,0
20.2,30.29,0.0,714.0,0.0044341119633439,20.2,30.445,0.0,713.0,0.0044569647906184,0,False,True,False,False,False,False,False,0
20.29,30.39,0.0,710.0,0.0044738584895885,20.2,30.39,0.0,711.0,0.0044488555320232,0,False,True,False,False,False,False,False,0
20.2,30.29,0.0,706.0,0.0044341119633439,20.2,30.39,0.0,715.0,0.0044488555320232,0,False,True,False,False,False,False,False,0
20.2,30.29,0.0,713.333333333333,0.0044341119633439,20.2,30.39,0.0,717.0,0.0044488555320232,0,False,True,False,False,False,False,False,0
20.2,30.29,0.0,715.5,0.0044341119633439,20.2,30.39,0.0,715.0,0.0044488555320232,0,False,True,False,False,False,False,False,0
20.2,30.29,0.0,713.0,0.0044341119633439,20.2,30.39,0.0,718.333333333333,0.0044488555320232,0,False,True,False,False,False,False,False,0
20.2,30.29,0.0,714.0,0.0044341119633439,20.2,30.39,0.0,720.0,0.0044488555320232,0,False,True,False,False,False,False,False,0
20.2,30.29,0.0,717.0,0.0044341119633439,20.2,30.39,0.0,717.5,0.0044488555320232,0,False,True,False,False,False,False,False,0
20.1,30.29,0.0,727.0,0.0044065679384827,20.2,30.39,0.0,714.0,0.0044488555320232,0,False,True,False,False,False,False,False,0
20.1,30.29,0.0,714.0,0.0044065679384827,20.2,30.39,0.0,720.0,0.0044488555320232,0,False,True,False,False,False,False,False,0
20.1,30.34,0.0,711.5,0.0044138935215639,20.2,30.34,0.0,713.5,0.0044414836609345,0,False,True,False,False,False,False,False,0
20.1,30.29,0.0,717.333333333333,0.0044065679384827,20.2,30.39,0.0,714.666666666667,0.0044488555320232,0,False,True,False,False,False,False,False,0
20.1,30.29,0.0,715.0,0.0044065679384827,20.2,30.39,0.0,719.5,0.0044488555320232,0,False,True,False,False,False,False,False,0
20.125,30.365,0.0,710.5,0.0044244454359539,20.2,30.39,0.0,717.5,0.0044488555320232,0,False,True,False,False,False,False,False,0
20.1333333333333,30.3566666666667,0.0,715.666666666667,0.0044255203823837,20.2,30.39,0.0,722.0,0.0044488555320232,0,False,True,False,False,False,False,False,0
20.1,30.29,0.0,714.0,0.0044065679384827,20.2,30.39,0.0,718.5,0.0044488555320232,0,False,True,False,False,False,False,False,0
20.1,30.29,0.0,713.0,0.0044065679384827,20.2,30.34,0.0,717.0,0.0044414836609345,1,False,True,False,False,False,False,False,0
20.1,30.29,0.0,713.0,0.0044065679384827,20.2,30.39,0.0,715.666666666667,0.0044488555320232,1,False,True,False,False,False,False,False,0
20.1,30.29,0.0,716.0,0.0044065679384827,20.2,30.39,0.0,711.0,0.0044488555320232,1,False,True,False,False,False,False,False,0
20.1,30.29,0.0,709.5,0.0044065679384827,20.1666666666667,30.39,0.0,711.666666666667,0.0044396265432364,1,False,True,False,False,False,False,False,0
20.05,30.29,0.0,706.5,0.0043928526765232,20.2,30.39,0.0,714.5,0.0044488555320232,1,False,True,False,False,False,False,False,0
20.0,30.29,0.0,708.0,0.0043791751281533,20.2,30.39,0.0,719.5,0.0044488555320232,1,False,True,False,False,False,False,False,0
20.0,30.29,0.0,709.0,0.0043791751281533,20.2,30.39,0.0,711.0,0.0044488555320232,1,False,True,False,False,False,False,False,0
20.0,30.29,0.0,706.0,0.0043791751281533,20.2,30.39,0.0,710.0,0.0044488555320232,1,False,True,False,False,False,False,False,0
20.0,30.39,0.0,714.5,0.0043937347488384,20.2,30.39,0.0,711.5,0.0044488555320232,1,False,True,False,False,False,False,False,0
20.0,30.39,0.0,715.0,0.0043937347488384,20.2,30.34,0.0,714.0,0.0044414836609345,1,False,True,False,False,False,False,False,0
20.0,30.3566666666667,0.0,711.333333333333,0.0043888814667383,20.1666666666667,30.3566666666667,0.0,712.666666666667,0.0044347222105644,1,False,True,False,False,False,False,False,0
20.05,30.34,0.0,710.0,0.0044001552988662,20.2,30.39,0.0,715.0,0.0044488555320232,1,False,True,False,False,False,False,False,0
20.0333333333333,30.3233333333333,0.0,721.0,0.0043931526109093,20.2,30.365,0.0,713.75,0.0044451695747912,1,False,True,False,False,False,False,False,0
20.0,30.29,0.0,723.0,0.0043791751281533,20.2,30.29,0.0,718.0,0.0044341119633439,1,False,True,False,False,False,False,False,0
20.0,30.29,0.0,711.0,0.0043791751281533,20.2,30.29,0.0,714.0,0.0044341119633439,1,False,True,False,False,False,False,False,0
20.0,30.29,0.0,713.0,0.0043791751281533,20.29,30.39,0.0,710.0,0.0044738584895885,1,False,True,False,False,False,False,False,0
20.0,30.29,0.0,712.0,0.0043791751281533,20.2,30.29,0.0,706.0,0.0044341119633439,1,False,True,False,False,False,False,False,0
20.0,30.29,0.0,712.75,0.0043791751281533,20.2,30.29,0.0,713.333333333333,0.0044341119633439,1,False,True,False,False,False,False,False,0
20.0,30.34,0.0,710.5,0.0043864548538905,20.2,30.29,0.0,715.5,0.0044341119633439,1,False,True,False,False,False,False,False,0
20.0,30.29,0.0,709.0,0.0043791751281533,20.2,30.29,0.0,713.0,0.0044341119633439,1,False,True,False,False,False,False,False,0
20.0,30.29,0.0,711.0,0.0043791751281533,20.2,30.29,0.0,714.0,0.0044341119633439,1,False,True,False,False,False,False,False,0
20.0,30.29,0.0,707.5,0.0043791751281533,20.2,30.29,0.0,717.0,0.0044341119633439,1,False,True,False,False,False,False,False,0
20.0,30.29,0.0,708.0,0.0043791751281533,20.1,30.29,0.0,727.0,0.0044065679384827,1,False,True,False,False,False,False,False,0
20.0,30.29,0.0,714.0,0.0043791751281533,20.1,30.29,0.0,714.0,0.0044065679384827,1,False,True,False,False,False,False,False,0
20.0,30.34,0.0,715.0,0.0043864548538905,20.1,30.34,0.0,711.5,0.0044138935215639,1,False,True,False,False,False,False,False,0
20.0,30.39,0.0,719.666666666667,0.0043937347488384,20.1,30.29,0.0,717.333333333333,0.0044065679384827,1,False,True,False,False,False,False,False,0
20.0,30.29,0.0,719.0,0.0043791751281533,20.1,30.29,0.0,715.0,0.0044065679384827,1,False,True,False,False,False,False,False,0
20.0,30.39,0.0,718.0,0.0043937347488384,20.125,30.365,0.0,710.5,0.0044244454359539,1,False,True,False,False,False,False,False,0
20.0,30.29,0.0,713.5,0.0043791751281533,20.1333333333333,30.3566666666667,0.0,715.666666666667,0.0044255203823837,1,False,True,False,False,False,False,False,0
20.0,30.29,0.0,709.0,0.0043791751281533,20.1,30.29,0.0,714.0,0.0044065679384827,1,False,True,False,False,False,False,False,0
20.0,30.29,0.0,711.0,0.0043791751281533,20.1,30.29,0.0,713.0,0.0044065679384827,1,False,True,False,False,False,False,False,0
20.0,30.29,0.0,710.0,0.0043791751281533,20.1,30.29,0.0,713.0,0.0044065679384827,1,False,True,False,False,False,False,False,0
20.0,30.29,0.0,713.333333333333,0.0043791751281533,20.1,30.29,0.0,716.0,0.0044065679384827,1,False,True,False,False,False,False,False,0
20.0,30.29,0.0,714.0,0.0043791751281533,20.1,30.29,0.0,709.5,0.0044065679384827,1,False,True,False,False,False,False,False,0
20.05,30.34,0.0,714.5,0.0044001552988662,20.05,30.29,0.0,706.5,0.0043928526765232,1,False,True,False,False,False,False,False,0
20.0,30.2,0.0,711.0,0.0043660720482183,20.0,30.29,0.0,708.0,0.0043791751281533,1,False,True,False,False,False,False,False,0
20.0,30.29,0.0,711.0,0.0043791751281533,20.0,30.29,0.0,709.0,0.0043791751281533,1,False,True,False,False,False,False,False,0
20.0,30.2,0.0,712.0,0.0043660720482183,20.0,30.29,0.0,706.0,0.0043791751281533,1,False,True,False,False,False,False,False,0
20.0,30.23,0.0,715.5,0.0043704396806184,20.0,30.39,0.0,714.5,0.0043937347488384,1,False,True,False,False,False,False,False,0
20.0,30.29,0.0,715.333333333333,0.0043791751281533,20.0,30.39,0.0,715.0,0.0043937347488384,1,False,True,False,False,False,False,False,0
20.0,30.29,0.0,714.0,0.0043791751281533,20.0,30.3566666666667,0.0,711.333333333333,0.0043888814667383,1,False,True,False,False,False,False,False,0
20.0,30.29,0.0,713.5,0.0043791751281533,20.05,30.34,0.0,710.0,0.0044001552988662,1,False,True,False,False,False,False,False,0
20.1,30.29,0.0,725.0,0.0044065679384827,20.0333333333333,30.3233333333333,0.0,721.0,0.0043931526109093,1,False,True,False,False,False,False,False,0
20.1,30.29,0.0,728.0,0.0044065679384827,20.0,30.29,0.0,723.0,0.0043791751281533,1,False,True,False,False,False,False,False,0
20.0,30.2,0.0,725.0,0.0043660720482183,20.0,30.29,0.0,711.0,0.0043791751281533,1,False,True,False,False,False,False,False,0
20.0,30.2,0.0,722.333333333333,0.0043660720482183,20.0,30.29,0.0,713.0,0.0043791751281533,1,False,True,False,False,False,False,False,0
20.1,30.29,0.0,718.0,0.0044065679384827,20.0,30.29,0.0,712.0,0.0043791751281533,1,False,True,False,False,False,False,False,0
20.05,30.245,0.0,722.0,0.004386280461993,20.0,30.29,0.0,712.75,0.0043791751281533,1,False,True,False,False,False,False,False,0
20.0,30.2,0.0,721.0,0.0043660720482183,20.0,30.34,0.0,710.5,0.0043864548538905,1,False,True,False,False,False,False,False,0
20.0,30.2,0.0,723.5,0.0043660720482183,20.0,30.29,0.0,709.0,0.0043791751281533,1,False,True,False,False,False,False,False,0
20.0,30.2,0.0,724.0,0.0043660720482183,20.0,30.29,0.0,711.0,0.0043791751281533,1,False,True,False,False,False,False,False,0
20.0,30.2,0.0,711.333333333333,0.0043660720482183,20.0,30.29,0.0,707.5,0.0043791751281533,1,False,True,False,False,False,False,False,0
20.0,30.245,0.0,710.0,0.00437262351966,20.0,30.29,0.0,708.0,0.0043791751281533,1,False,True,False,False,False,False,False,0
20.0,30.26,0.0,711.333333333333,0.0043748073739296,20.0,30.29,0.0,714.0,0.0043791751281533,1,False,True,False,False,False,False,False,0
20.0,30.245,0.0,715.0,0.00437262351966,20.0,30.34,0.0,715.0,0.0043864548538905,1,False,True,False,False,False,False,False,0
20.0,30.29,0.0,716.5,0.0043791751281533,20.0,30.39,0.0,719.666666666667,0.0043937347488384,1,False,True,False,False,False,False,False,0
20.0,30.245,0.0,716.5,0.00437262351966,20.0,30.29,0.0,719.0,0.0043791751281533,1,False,True,False,False,False,False,False,0
20.0,30.29,0.0,718.0,0.0043791751281533,20.0,30.39,0.0,718.0,0.0043937347488384,1,False,True,False,False,False,False,False,0
20.0,30.29,0.0,715.0,0.0043791751281533,20.0,30.29,0.0,713.5,0.0043791751281533,1,False,True,False,False,False,False,False,0
20.0,30.29,0.0,715.0,0.0043791751281533,20.0,30.29,0.0,709.0,0.0043791751281533,1,False,True,False,False,False,False,False,0
20.0,30.29,0.0,711.5,0.0043791751281533,20.0,30.29,0.0,711.0,0.0043791751281533,1,False,True,False,False,False,False,False,0
20.0,30.29,0.0,715.666666666667,0.0043791751281533,20.0,30.29,0.0,710.0,0.0043791751281533,2,False,True,False,False,False,False,False,0
20.0,30.29,0.0,720.0,0.0043791751281533,20.0,30.29,0.0,713.333333333333,0.0043791751281533,2,False,True,False,False,False,False,False,0
20.0,30.29,0.0,719.0,0.0043791751281533,20.0,30.29,0.0,714.0,0.0043791751281533,2,False,True,False,False,False,False,False,0
20.0,30.29,0.0,720.5,0.0043791751281533,20.05,30.34,0.0,714.5,0.0044001552988662,2,False,True,False,False,False,False,False,0
20.0,30.29,0.0,725.0,0.0043791751281533,20.0,30.2,0.0,711.0,0.0043660720482183,2,False,True,False,False,False,False,False,0
20.0,30.29,0.0,722.5,0.0043791751281533,20.0,30.29,0.0,711.0,0.0043791751281533,2,False,True,False,False,False,False,False,0
20.0,30.29,0.0,716.5,0.0043791751281533,20.0,30.2,0.0,712.0,0.0043660720482183,2,False,True,False,False,False,False,False,0
20.0,30.26,0.0,716.0,0.0043748073739296,20.0,30.23,0.0,715.5,0.0043704396806184,2,False,True,False,False,False,False,False,0
19.945,30.29,0.0,718.5,0.0043641732769544,20.0,30.29,0.0,715.333333333333,0.0043791751281533,2,False,True,False,False,False,False,False,0
20.0,30.29,0.0,718.0,0.0043791751281533,20.0,30.29,0.0,714.0,0.0043791751281533,2,False,True,False,False,False,False,False,0
20.0,30.29,0.0,715.0,0.0043791751281533,20.0,30.29,0.0,713.5,0.0043791751281533,2,False,True,False,False,False,False,False,0
20.0,30.29,0.0,715.25,0.0043791751281533,20.1,30.29,0.0,725.0,0.0044065679384827,2,False,True,False,False,False,False,False,0
19.89,30.29,0.0,718.0,0.0043492168312404,20.1,30.29,0.0,728.0,0.0044065679384827,2,False,True,False,False,False,False,False,0
19.89,30.34,0.0,718.0,0.0043564464094099,20.0,30.2,0.0,725.0,0.0043660720482183,2,False,True,False,False,False,False,False,0
19.89,30.39,0.0,716.0,0.0043636761544749,20.0,30.2,0.0,722.333333333333,0.0043660720482183,2,False,True,False,False,False,False,False,0
19.89,30.39,0.0,715.333333333333,0.0043636761544749,20.1,30.29,0.0,718.0,0.0044065679384827,2,False,True,False,False,False,False,False,0
19.89,30.39,0.0,712.5,0.0043636761544749,20.05,30.245,0.0,722.0,0.004386280461993,2,False,True,False,False,False,False,False,0
19.89,30.39,0.0,722.0,0.0043636761544749,20.0,30.2,0.0,721.0,0.0043660720482183,2,False,True,False,False,False,False,False,0
19.89,30.39,0.0,723.0,0.0043636761544749,20.0,30.2,0.0,723.5,0.0043660720482183,2,False,True,False,False,False,False,False,0
20.0,30.39,0.0,719.0,0.0043937347488384,20.0,30.2,0.0,724.0,0.0043660720482183,2,False,True,False,False,False,False,False,0
19.89,30.39,0.0,731.5,0.0043636761544749,20.0,30.2,0.0,711.333333333333,0.0043660720482183,2,False,True,False,False,False,False,False,0
19.9633333333333,30.39,0.0,721.333333333333,0.0043836949626389,20.0,30.245,0.0,710.0,0.00437262351966,2,False,True,False,False,False,False,False,0
19.89,30.39,0.0,719.0,0.0043636761544749,20.0,30.26,0.0,711.333333333333,0.0043748073739296,2,False,True,False,False,False,False,False,0
19.945,30.39,0.0,714.5,0.0043786826717128,20.0,30.245,0.0,715.0,0.00437262351966,2,False,True,False,False,False,False,False,0
19.945,30.39,0.0,717.0,0.0043786826717128,20.0,30.29,0.0,716.5,0.0043791751281533,2,False,True,False,False,False,False,False,0
19.89,30.39,0.0,714.0,0.0043636761544749,20.0,30.245,0.0,716.5,0.00437262351966,2,False,True,False,False,False,False,False,0
19.945,30.39,0.0,712.0,0.0043786826717128,20.0,30.29,0.0,718.0,0.0043791751281533,2,False,True,False,False,False,False,False,0
20.0,30.39,0.0,711.0,0.0043937347488384,20.0,30.29,0.0,715.0,0.0043791751281533,2,False,True,False,False,False,False,False,0
19.9266666666667,30.3566666666667,0.0,713.333333333333,0.0043688444727716,20.0,30.29,0.0,715.0,0.0043791751281533,2,False,True,False,False,False,False,False,0
19.89,30.39,0.0,718.5,0.0043636761544749,20.0,30.29,0.0,711.5,0.0043791751281533,2,False,True,False,False,False,False,False,0
19.89,30.39,0.0,714.666666666667,0.0043636761544749,20.0,30.29,0.0,715.666666666667,0.0043791751281533,2,False,True,False,False,False,False,False,0
19.945,30.39,0.0,715.0,0.0043786826717128,20.0,30.29,0.0,720.0,0.0043791751281533,2,False,True,False,False,False,False,False,0
19.945,30.39,0.0,718.5,0.0043786826717128,20.0,30.29,0.0,719.0,0.0043791751281533,2,False,True,False,False,False,False,False,0
20.0,30.29,0.0,719.0,0.0043791751281533,20.0,30.29,0.0,720.5,0.0043791751281533,2,False,True,False,False,False,False,False,0
20.0,30.29,0.0,717.5,0.0043791751281533,20.0,30.29,0.0,725.0,0.0043791751281533,2,False,True,False,False,False,False,False,0
20.0,30.29,0.0,714.5,0.0043791751281533,20.0,30.29,0.0,722.5,0.0043791751281533,2,False,True,False,False,False,False,False,0
20.0,30.29,0.0,712.0,0.0043791751281533,20.0,30.29,0.0,716.5,0.0043791751281533,2,False,True,False,False,False,False,False,0
20.0,30.29,0.0,710.666666666667,0.0043791751281533,20.0,30.26,0.0,716.0,0.0043748073739296,2,False,True,False,False,False,False,False,0
20.0,30.29,0.0,721.0,0.0043791751281533,19.945,30.29,0.0,718.5,0.0043641732769544,2,False,True,False,False,False,False,False,0
20.0,30.39,0.0,722.666666666667,0.0043937347488384,20.0,30.29,0.0,718.0,0.0043791751281533,2,False,True,False,False,False,False,False,0
19.89,30.39,0.0,717.0,0.0043636761544749,20.0,30.29,0.0,715.0,0.0043791751281533,2,False,True,False,False,False,False,False,0
20.0,30.39,0.0,716.0,0.0043937347488384,20.0,30.29,0.0,715.25,0.0043791751281533,2,False,True,False,False,False,False,False,0
20.0,30.34,0.0,714.0,0.0043864548538905,19.89,30.29,0.0,718.0,0.0043492168312404,2,False,True,False,False,False,False,False,0
20.0,30.39,0.0,721.5,0.0043937347488384,19.89,30.34,0.0,718.0,0.0043564464094099,2,False,True,False,False,False,False,False,0
20.0,30.39,0.0,715.5,0.0043937347488384,19.89,30.39,0.0,716.0,0.0043636761544749,2,False,True,False,False,False,False,False,0
19.945,30.39,0.0,713.0,0.0043786826717128,19.89,30.39,0.0,715.333333333333,0.0043636761544749,2,False,True,False,False,False,False,False,0
19.945,30.39,0.0,707.0,0.0043786826717128,19.89,30.39,0.0,712.5,0.0043636761544749,2,False,True,False,False,False,False,False,0
20.0,30.39,0.0,716.0,0.0043937347488384,19.89,30.39,0.0,722.0,0.0043636761544749,2,False,True,False,False,False,False,False,0
20.0,30.39,0.0,712.0,0.0043937347488384,19.89,30.39,0.0,723.0,0.0043636761544749,2,False,True,False,False,False,False,False,0
20.0,30.39,0.0,713.0,0.0043937347488384,20.0,30.39,0.0,719.0,0.0043937347488384,2,False,True,False,False,False,False,False,0
19.89,30.445,0.0,715.0,0.0043716290668174,19.89,30.39,0.0,731.5,0.0043636761544749,2,False,True,False,False,False,False,False,0
19.945,30.445,0.0,719.0,0.0043866631253608,19.9633333333333,30.39,0.0,721.333333333333,0.0043836949626389,2,False,True,False,False,False,False,False,0
19.89,30.5,0.0,722.0,0.0043795821811181,19.89,30.39,0.0,719.0,0.0043636761544749,2,False,True,False,False,False,False,False,0
19.89,30.5,0.0,722.0,0.0043795821811181,19.945,30.39,0.0,714.5,0.0043786826717128,2,False,True,False,False,False,False,False,0
19.89,30.5,0.0,721.333333333333,0.0043795821811181,19.945,30.39,0.0,717.0,0.0043786826717128,2,False,True,False,False,False,False,False,0
19.89,30.5333333333333,0.0,716.666666666667,0.0043844023486845,19.89,30.39,0.0,714.0,0.0043636761544749,2,False,True,False,False,False,False,False,0
19.89,30.6,0.0,715.0,0.004394042906376,19.945,30.39,0.0,712.0,0.0043786826717128,2,False,True,False,False,False,False,False,0
19.89,30.6,0.0,713.0,0.004394042906376,20.0,30.39,0.0,711.0,0.0043937347488384,2,False,True,False,False,False,False,False,0
19.89,30.5333333333333,0.0,722.333333333333,0.0043844023486845,19.9266666666667,30.3566666666667,0.0,713.333333333333,0.0043688444727716,2,False,True,False,False,False,False,False,0
19.945,30.6,0.0,721.5,0.0044091545888387,19.89,30.39,0.0,718.5,0.0043636761544749,3,False,True,False,False,False,False,False,0
19.89,30.55,0.0,720.5,0.0043868124602872,19.89,30.39,0.0,714.666666666667,0.0043636761544749,3,False,True,False,False,False,False,False,0
19.945,30.55,0.0,719.0,0.0044018991015641,19.945,30.39,0.0,715.0,0.0043786826717128,3,False,True,False,False,False,False,False,0
20.0,30.5,0.0,718.0,0.0044097511133745,19.945,30.39,0.0,718.5,0.0043786826717128,3,False,True,False,False,False,False,False,0
20.0,30.5,0.0,722.0,0.0044097511133745,20.0,30.29,0.0,719.0,0.0043791751281533,3,False,True,False,False,False,False,False,0
20.0,30.445,0.0,718.5,0.0044017428287265,20.0,30.29,0.0,717.5,0.0043791751281533,3,False,True,False,False,False,False,False,0
20.0,30.39,0.0,724.0,0.0043937347488384,20.0,30.29,0.0,714.5,0.0043791751281533,3,False,True,False,False,False,False,False,0
20.05,30.39,0.0,727.0,0.0044074580914823,20.0,30.29,0.0,712.0,0.0043791751281533,3,False,True,False,False,False,False,False,0
20.1,30.39,0.0,725.5,0.0044212192759868,20.0,30.29,0.0,710.666666666667,0.0043791751281533,3,False,True,False,False,False,False,False,0
20.0,30.29,0.0,724.0,0.0043791751281533,20.0,30.29,0.0,721.0,0.0043791751281533,3,False,True,False,False,False,False,False,0
20.1,30.39,0.0,719.5,0.0044212192759868,20.0,30.39,0.0,722.666666666667,0.0043937347488384,3,False,True,False,False,False,False,False,0
20.1,30.39,0.0,719.0,0.0044212192759868,19.89,30.39,0.0,717.0,0.0043636761544749,3,False,True,False,False,False,False,False,0
20.1,30.39,0.0,722.0,0.0044212192759868,20.0,30.39,0.0,716.0,0.0043937347488384,3,False,True,False,False,False,False,False,0
20.075,30.34,0.0,723.666666666667,0.0044070196823693,20.0,30.34,0.0,714.0,0.0043864548538905,3,False,True,False,False,False,False,False,0
20.0,30.39,0.0,723.0,0.0043937347488384,20.0,30.39,0.0,721.5,0.0043937347488384,3,False,True,False,False,False,False,False,0
20.05,30.39,0.0,724.5,0.0044074580914823,20.0,30.39,0.0,715.5,0.0043937347488384,3,False,True,False,False,False,False,False,0
20.0,30.39,0.0,727.0,0.0043937347488384,19.945,30.39,0.0,713.0,0.0043786826717128,3,False,True,False,False,False,False,False,0
20.0,30.4633333333333,0.0,724.333333333333,0.004404412234191,19.945,30.39,0.0,707.0,0.0043786826717128,3,False,True,False,False,False,False,False,0
20.0,30.5,0.0,718.0,0.0044097511133745,20.0,30.39,0.0,716.0,0.0043937347488384,3,False,True,False,False,False,False,False,0
20.0,30.5,0.0,716.5,0.0044097511133745,20.0,30.39,0.0,712.0,0.0043937347488384,3,False,True,False,False,False,False,False,0
20.0,30.5,0.0,718.0,0.0044097511133745,20.0,30.39,0.0,713.0,0.0043937347488384,3,False,True,False,False,False,False,False,0
20.0,30.55,0.0,721.666666666667,0.0044170315498362,19.89,30.445,0.0,715.0,0.0043716290668174,3,False,True,False,False,False,False,False,0
19.945,30.6,0.0,721.0,0.0044091545888387,19.945,30.445,0.0,719.0,0.0043866631253608,3,False,True,False,False,False,False,False,0
20.0,30.5,0.0,721.5,0.0044097511133745,19.89,30.5,0.0,722.0,0.0043795821811181,3,False,True,False,False,False,False,False,0
20.05,30.445,0.0,724.0,0.0044154913600325,19.89,30.5,0.0,722.0,0.0043795821811181,3,False,True,False,False,False,False,False,0
20.1,30.5,0.0,719.0,0.0044373365388697,19.89,30.5,0.0,721.333333333333,0.0043795821811181,3,False,True,False,False,False,False,False,0
20.1,30.5,0.0,720.0,0.0044373365388697,19.89,30.5333333333333,0.0,716.666666666667,0.0043844023486845,3,False,True,False,False,False,False,False,0
20.1,30.5,0.0,725.0,0.0044373365388697,19.89,30.6,0.0,715.0,0.004394042906376,3,False,True,False,False,False,False,False,0
20.1,30.55,0.0,719.5,0.0044446628416266,19.89,30.6,0.0,713.0,0.004394042906376,3,False,True,False,False,False,False,False,0
20.0666666666667,30.5333333333333,0.0,716.333333333333,0.004432998482588,19.89,30.5333333333333,0.0,722.333333333333,0.0043844023486845,3,False,True,False,False,False,False,False,0
20.0,30.5,0.0,725.5,0.0044097511133745,19.945,30.6,0.0,721.5,0.0044091545888387,3,False,True,False,False,False,False,False,0
20.0,30.5,0.0,727.5,0.0044097511133745,19.89,30.55,0.0,720.5,0.0043868124602872,3,False,True,False,False,False,False,False,0
20.0,30.5,0.0,728.0,0.0044097511133745,19.945,30.55,0.0,719.0,0.0044018991015641,3,False,True,False,False,False,False,False,0
20.0,30.55,0.0,724.0,0.0044170315498362,20.0,30.5,0.0,718.0,0.0044097511133745,3,False,True,False,False,False,False,False,0
20.0,30.5666666666667,0.0,725.666666666667,0.0044194583995977,20.0,30.5,0.0,722.0,0.0044097511133745,3,False,True,False,False,False,False,False,0
20.0,30.55,0.0,722.5,0.0044170315498362,20.0,30.445,0.0,718.5,0.0044017428287265,3,False,True,False,False,False,False,False,0
20.0333333333333,30.5666666666667,0.0,726.666666666667,0.0044286570117413,20.0,30.39,0.0,724.0,0.0043937347488384,3,False,True,False,False,False,False,False,0
20.05,30.6,0.0,722.0,0.0044381316799861,20.05,30.39,0.0,727.0,0.0044074580914823,3,False,True,False,False,False,False,False,0
20.0,30.5,0.0,724.0,0.0044097511133745,20.1,30.39,0.0,725.5,0.0044212192759868,3,False,True,False,False,False,False,False,0
20.1,30.6,0.0,724.0,0.0044519893157504,20.0,30.29,0.0,724.0,0.0043791751281533,3,False,True,False,False,False,False,False,0
20.1,30.5,0.0,723.5,0.0044373365388697,20.1,30.39,0.0,719.5,0.0044212192759868,3,False,True,False,False,False,False,False,0
20.1,30.5,0.0,725.5,0.0044373365388697,20.1,30.39,0.0,719.0,0.0044212192759868,3,False,True,False,False,False,False,False,0
20.1,30.55,0.0,724.5,0.0044446628416266,20.1,30.39,0.0,722.0,0.0044212192759868,3,False,True,False,False,False,False,False,0
20.1,30.6,0.0,727.5,0.0044519893157504,20.075,30.34,0.0,723.666666666667,0.0044070196823693,3,False,True,False,False,False,False,False,0
20.2,30.6,0.0,726.0,0.0044798192853332,20.0,30.39,0.0,723.0,0.0043937347488384,3,False,True,False,False,False,False,False,0
20.1,30.5,0.0,728.0,0.0044373365388697,20.05,30.39,0.0,724.5,0.0044074580914823,3,False,True,False,False,False,False,False,0
20.1333333333333,30.5,0.0,721.666666666667,0.0044465654881226,20.0,30.39,0.0,727.0,0.0043937347488384,3,False,True,False,False,False,False,False,0
20.2,30.39,0.0,726.0,0.0044488555320232,20.0,30.4633333333333,0.0,724.333333333333,0.004404412234191,3,False,True,False,False,False,False,False,0
20.2,30.39,0.0,730.5,0.0044488555320232,20.0,30.5,0.0,718.0,0.0044097511133745,3,False,True,False,False,False,False,False,0
20.2,30.39,0.0,728.5,0.0044488555320232,20.0,30.5,0.0,716.5,0.0044097511133745,3,False,True,False,False,False,False,False,0
20.2,30.39,0.0,723.5,0.0044488555320232,20.0,30.5,0.0,718.0,0.0044097511133745,3,False,True,False,False,False,False,False,0
20.245,30.34,0.0,727.25,0.0044539488339413,20.0,30.55,0.0,721.666666666667,0.0044170315498362,3,False,True,False,False,False,False,False,0
20.2,30.29,0.0,733.5,0.0044341119633439,19.945,30.6,0.0,721.0,0.0044091545888387,3,False,True,False,False,False,False,False,0
20.26,30.3566666666667,0.0,728.333333333333,0.0044605772874086,20.0,30.5,0.0,721.5,0.0044097511133745,3,False,True,False,False,False,False,False,0
20.245,30.395,0.0,727.5,0.004462080822158,20.05,30.445,0.0,724.0,0.0044154913600325,3,False,True,False,False,False,False,False,0
20.29,30.39,0.0,726.0,0.0044738584895885,20.1,30.5,0.0,719.0,0.0044373365388697,3,False,True,False,False,False,False,False,0
20.245,30.445,0.0,730.0,0.0044694737219262,20.1,30.5,0.0,720.0,0.0044373365388697,3,False,True,False,False,False,False,False,0
20.23,30.4266666666667,0.0,737.0,0.0044625924363065,20.1,30.5,0.0,725.0,0.0044373365388697,3,False,True,False,False,False,False,False,0
20.245,30.445,0.0,733.5,0.0044694737219262,20.1,30.55,0.0,719.5,0.0044446628416266,3,False,True,False,False,False,False,False,0
20.26,30.4633333333333,0.0,736.666666666667,0.0044763635751959,20.0666666666667,30.5333333333333,0.0,716.333333333333,0.004432998482588,3,False,True,False,False,False,False,False,0
20.2,30.39,0.0,731.5,0.0044488555320232,20.0,30.5,0.0,725.5,0.0044097511133745,4,False,True,False,False,False,False,False,0
20.2,30.39,0.0,731.0,0.0044488555320232,20.0,30.5,0.0,727.5,0.0044097511133745,4,False,True,False,False,False,False,False,0
20.29,30.445,0.0,726.5,0.0044820136489976,20.0,30.5,0.0,728.0,0.0044097511133745,4,False,True,False,False,False,False,False,0
20.29,30.39,0.0,732.0,0.0044738584895885,20.0,30.55,0.0,724.0,0.0044170315498362,4,False,True,False,False,False,False,False,0
20.29,30.39,0.0,733.333333333333,0.0044738584895885,20.0,30.5666666666667,0.0,725.666666666667,0.0044194583995977,4,False,True,False,False,False,False,False,0
20.34,30.39,0.0,733.5,0.0044878025754667,20.0,30.55,0.0,722.5,0.0044170315498362,4,False,True,False,False,False,False,False,0
20.39,30.34,0.0,730.0,0.0044943248237164,20.0333333333333,30.5666666666667,0.0,726.666666666667,0.0044286570117413,4,False,True,False,False,False,False,False,0
20.39,30.39,0.0,725.0,0.0045017850296053,20.05,30.6,0.0,722.0,0.0044381316799861,4,False,True,False,False,False,False,False,0
20.39,30.29,0.0,734.0,0.0044868647954935,20.0,30.5,0.0,724.0,0.0044097511133745,4,False,True,False,False,False,False,False,0
20.39,30.29,0.0,735.0,0.0044868647954935,20.1,30.6,0.0,724.0,0.0044519893157504,4,False,True,False,False,False,False,False,0
20.34,30.39,0.0,732.0,0.0044878025754667,20.1,30.5,0.0,723.5,0.0044373365388697,4,False,True,False,False,False,False,False,0
20.245,30.445,0.0,727.5,0.0044694737219262,20.1,30.5,0.0,725.5,0.0044373365388697,4,False,True,False,False,False,False,False,0
20.2,30.39,0.0,728.5,0.0044488555320232,20.1,30.55,0.0,724.5,0.0044446628416266,4,False,True,False,False,False,False,False,0
20.29,30.5,0.0,726.333333333333,0.00449016902073,20.1,30.6,0.0,727.5,0.0044519893157504,4,False,True,False,False,False,False,False,0
20.29,30.5,0.0,728.0,0.00449016902073,20.2,30.6,0.0,726.0,0.0044798192853332,4,False,True,False,False,False,False,False,0
20.34,30.39,0.0,731.5,0.0044878025754667,20.1,30.5,0.0,728.0,0.0044373365388697,4,False,True,False,False,False,False,False,0
20.39,30.4266666666667,0.0,735.0,0.0045072559601774,20.1333333333333,30.5,0.0,721.666666666667,0.0044465654881226,4,False,True,False,False,False,False,False,0
20.39,30.39,0.0,732.5,0.0045017850296053,20.2,30.39,0.0,726.0,0.0044488555320232,4,False,True,False,False,False,False,False,0
20.39,30.39,0.0,733.0,0.0045017850296053,20.2,30.39,0.0,730.5,0.0044488555320232,4,False,True,False,False,False,False,False,0
20.39,30.39,0.0,733.0,0.0045017850296053,20.2,30.39,0.0,728.5,0.0044488555320232,4,False,True,False,False,False,False,False,0
20.4266666666667,30.39,0.0,730.666666666667,0.0045120632673806,20.2,30.39,0.0,723.5,0.0044488555320232,4,False,True,False,False,False,False,False,0
20.39,30.29,0.0,733.0,0.0044868647954935,20.245,30.34,0.0,727.25,0.0044539488339413,4,False,True,False,False,False,False,False,0
20.39,30.39,0.0,734.0,0.0045017850296053,20.2,30.29,0.0,733.5,0.0044341119633439,4,False,True,False,False,False,False,False,0
20.39,30.315,0.0,735.5,0.0044905947873971,20.26,30.3566666666667,0.0,728.333333333333,0.0044605772874086,4,False,True,False,False,False,False,False,0
20.39,30.29,0.0,733.0,0.0044868647954935,20.245,30.395,0.0,727.5,0.004462080822158,4,False,True,False,False,False,False,False,0
20.445,30.34,0.0,728.5,0.0045097242016922,20.29,30.39,0.0,726.0,0.0044738584895885,4,False,True,False,False,False,False,False,0
20.39,30.29,0.0,729.0,0.0044868647954935,20.245,30.445,0.0,730.0,0.0044694737219262,4,False,True,False,False,False,False,False,0
20.39,30.29,0.0,732.0,0.0044868647954935,20.23,30.4266666666667,0.0,737.0,0.0044625924363065,4,False,True,False,False,False,False,False,0
20.4633333333333,30.3233333333333,0.0,738.666666666667,0.0045123695285676,20.245,30.445,0.0,733.5,0.0044694737219262,4,False,True,False,False,False,False,False,0
20.5,30.29,0.0,738.0,0.0045176585617096,20.26,30.4633333333333,0.0,736.666666666667,0.0044763635751959,4,False,True,False,False,False,False,False,0
20.5,30.34,0.0,736.5,0.0045251701586071,20.2,30.39,0.0,731.5,0.0044488555320232,4,False,True,False,False,False,False,False,0
20.5,30.29,0.0,741.0,0.0045176585617096,20.2,30.39,0.0,731.0,0.0044488555320232,4,False,True,False,False,False,False,False,0
20.5,30.34,0.0,741.0,0.0045251701586071,20.29,30.445,0.0,726.5,0.0044820136489976,4,False,True,False,False,False,False,False,0
20.5,30.39,0.0,736.0,0.0045326819356264,20.29,30.39,0.0,732.0,0.0044738584895885,4,False,True,False,False,False,False,False,0
20.4266666666667,30.3233333333333,0.0,734.333333333333,0.0045020934922389,20.29,30.39,0.0,733.333333333333,0.0044738584895885,4,False,True,False,False,False,False,False,0
20.39,30.39,0.0,731.0,0.0045017850296053,20.34,30.39,0.0,733.5,0.0044878025754667,4,False,True,False,False,False,False,False,0
20.39,30.39,0.0,737.5,0.0045017850296053,20.39,30.34,0.0,730.0,0.0044943248237164,4,False,True,False,False,False,False,False,0
20.39,30.445,0.0,726.5,0.0045099914612948,20.39,30.39,0.0,725.0,0.0045017850296053,4,False,True,False,False,False,False,False,0
20.34,30.5,0.0,733.0,0.0045041643086393,20.39,30.29,0.0,734.0,0.0044868647954935,4,False,True,False,False,False,False,False,0
20.39,30.5,0.0,729.0,0.0045181981079762,20.39,30.29,0.0,735.0,0.0044868647954935,4,False,True,False,False,False,False,False,0
20.39,30.5,0.0,735.5,0.0045181981079762,20.34,30.39,0.0,732.0,0.0044878025754667,4,False,True,False,False,False,False,False,0
20.3566666666667,30.5,0.0,734.333333333333,0.0045088379581773,20.245,30.445,0.0,727.5,0.0044694737219262,4,False,True,False,False,False,False,False,0
20.39,30.5,0.0,735.0,0.0045181981079762,20.2,30.39,0.0,728.5,0.0044488555320232,4,False,True,False,False,False,False,False,0
20.39,30.445,0.0,741.0,0.0045099914612948,20.29,30.5,0.0,726.333333333333,0.00449016902073,4,False,True,False,False,False,False,False,0
20.39,30.39,0.0,742.5,0.0045017850296053,20.29,30.5,0.0,728.0,0.00449016902073,4,False,True,False,False,False,False,False,0
20.39,30.4266666666667,0.0,741.333333333333,0.0045072559601774,20.34,30.39,0.0,731.5,0.0044878025754667,4,False,True,False,False,False,False,False,0
20.39,30.445,0.0,735.5,0.0045099914612948,20.39,30.4266666666667,0.0,735.0,0.0045072559601774,4,False,True,False,False,False,False,False,0
20.39,30.39,0.0,730.5,0.0045017850296053,20.39,30.39,0.0,732.5,0.0045017850296053,4,False,True,False,False,False,False,False,0
20.39,30.39,0.0,732.0,0.0045017850296053,20.39,30.39,0.0,733.0,0.0045017850296053,4,False,True,False,False,False,False,False,0
20.39,30.39,0.0,733.0,0.0045017850296053,20.39,30.39,0.0,733.0,0.0045017850296053,4,False,True,False,False,False,False,False,0
20.39,30.39,0.0,736.25,0.0045017850296053,20.4266666666667,30.39,0.0,730.666666666667,0.0045120632673806,4,False,True,False,False,False,False,False,0
20.5,30.39,0.0,738.333333333333,0.0045326819356264,20.39,30.29,0.0,733.0,0.0044868647954935,4,False,True,False,False,False,False,False,0
20.4725,30.365,0.0,741.75,0.0045211907550008,20.39,30.39,0.0,734.0,0.0045017850296053,4,False,True,False,False,False,False,False,0
20.5,30.39,0.0,735.5,0.0045326819356264,20.39,30.315,0.0,735.5,0.0044905947873971,4,False,True,False,False,False,False,False,0
20.5,30.39,0.0,738.5,0.0045326819356264,20.39,30.29,0.0,733.0,0.0044868647954935,4,False,True,False,False,False,False,False,0
20.5,30.39,0.0,738.0,0.0045326819356264,20.445,30.34,0.0,728.5,0.0045097242016922,4,False,True,False,False,False,False,False,0
20.5,30.39,0.0,738.0,0.0045326819356264,20.39,30.29,0.0,729.0,0.0044868647954935,4,False,True,False,False,False,False,False,0
20.5,30.39,0.0,737.5,0.0045326819356264,20.39,30.29,0.0,732.0,0.0044868647954935,4,False,True,False,False,False,False,False,0
20.5,30.29,0.0,735.0,0.0045176585617096,20.4633333333333,30.3233333333333,0.0,738.666666666667,0.0045123695285676,4,False,True,False,False,False,False,False,0
20.5,30.29,0.0,735.5,0.0045176585617096,20.5,30.29,0.0,738.0,0.0045176585617096,4,False,True,False,False,False,False,False,0
20.5,30.29,0.0,741.5,0.0045176585617096,20.5,30.34,0.0,736.5,0.0045251701586071,4,False,True,False,False,False,False,False,0
20.5,30.29,0.0,737.5,0.0045176585617096,20.5,30.29,0.0,741.0,0.0045176585617096,5,False,True,False,False,False,False,False,0
20.5,30.29,0.0,735.666666666667,0.0045176585617096,20.5,30.34,0.0,741.0,0.0045251701586071,5,False,True,False,False,False,False,False,0
20.5,30.29,0.0,737.5,0.0045176585617096,20.5,30.39,0.0,736.0,0.0045326819356264,5,False,True,False,False,False,False,False,0
20.5,30.29,0.0,738.0,0.0045176585617096,20.4266666666667,30.3233333333333,0.0,734.333333333333,0.0045020934922389,5,False,True,False,False,False,False,False,0
20.5,30.29,0.0,740.5,0.0045176585617096,20.39,30.39,0.0,731.0,0.0045017850296053,5,False,True,False,False,False,False,False,0
20.5,30.29,0.0,738.5,0.0045176585617096,20.39,30.39,0.0,737.5,0.0045017850296053,5,False,True,False,False,False,False,False,0
20.5,30.29,0.0,739.5,0.0045176585617096,20.39,30.445,0.0,726.5,0.0045099914612948,5,False,True,False,False,False,False,False,0
20.5,30.29,0.0,739.5,0.0045176585617096,20.34,30.5,0.0,733.0,0.0045041643086393,5,False,True,False,False,False,False,False,0
20.5,30.245,0.0,739.5,0.0045108982785007,20.39,30.5,0.0,729.0,0.0045181981079762,5,False,True,False,False,False,False,False,0
20.5,30.2,0.0,741.0,0.0045041381411806,20.39,30.5,0.0,735.5,0.0045181981079762,5,False,True,False,False,False,False,False,0
20.5,30.2,0.0,734.0,0.0045041381411806,20.3566666666667,30.5,0.0,734.333333333333,0.0045088379581773,5,False,True,False,False,False,False,False,0
20.5333333333333,30.29,0.0,739.333333333333,0.004527026779087,20.39,30.5,0.0,735.0,0.0045181981079762,5,False,True,False,False,False,False,False,0
20.55,30.29,0.0,736.0,0.0045317173179576,20.39,30.445,0.0,741.0,0.0045099914612948,5,False,True,False,False,False,False,False,0
20.6,30.245,0.0,743.5,0.0045390119744064,20.39,30.39,0.0,742.5,0.0045017850296053,5,False,True,False,False,False,False,False,0
20.5666666666667,30.23,0.0,744.666666666667,0.0045273607818861,20.39,30.4266666666667,0.0,741.333333333333,0.0045072559601774,5,False,True,False,False,False,False,False,0
20.6,30.29,0.0,745.0,0.0045458146960699,20.39,30.445,0.0,735.5,0.0045099914612948,5,False,True,False,False,False,False,False,0
20.6,30.2,0.0,746.0,0.0045322094004625,20.39,30.39,0.0,730.5,0.0045017850296053,5,False,True,False,False,False,False,False,0
20.55,30.2,0.0,744.0,0.0045181545190451,20.39,30.39,0.0,732.0,0.0045017850296053,5,False,True,False,False,False,False,False,0
20.5,30.23,0.0,732.666666666667,0.0045086448831844,20.39,30.39,0.0,733.0,0.0045017850296053,5,False,True,False,False,False,False,False,0
20.5,30.29,0.0,734.0,0.0045176585617096,20.39,30.39,0.0,736.25,0.0045017850296053,5,False,True,False,False,False,False,False,0
20.55,30.245,0.0,742.0,0.0045249358451006,20.5,30.39,0.0,738.333333333333,0.0045326819356264,5,False,True,False,False,False,False,False,0
20.5,30.26,0.0,739.666666666667,0.0045131516900269,20.4725,30.365,0.0,741.75,0.0045211907550008,5,False,True,False,False,False,False,False,0
20.5,30.29,0.0,739.333333333333,0.0045176585617096,20.5,30.39,0.0,735.5,0.0045326819356264,5,False,True,False,False,False,False,False,0
20.5,30.29,0.0,733.5,0.0045176585617096,20.5,30.39,0.0,738.5,0.0045326819356264,5,False,True,False,False,False,False,False,0
20.5,30.29,0.0,735.0,0.0045176585617096,20.5,30.39,0.0,738.0,0.0045326819356264,5,False,True,False,False,False,False,False,0
20.5,30.29,0.0,740.5,0.0045176585617096,20.5,30.39,0.0,738.0,0.0045326819356264,5,False,True,False,False,False,False,False,0
20.5,30.39,0.0,738.75,0.0045326819356264,20.5,30.39,0.0,737.5,0.0045326819356264,5,False,True,False,False,False,False,False,0
20.5,30.39,0.0,744.0,0.0045326819356264,20.5,30.29,0.0,735.0,0.0045176585617096,5,False,True,False,False,False,False,False,0
20.5,30.39,0.0,742.0,0.0045326819356264,20.5,30.29,0.0,735.5,0.0045176585617096,5,False,True,False,False,False,False,False,0
20.5,30.39,0.0,741.666666666667,0.0045326819356264,20.5,30.29,0.0,741.5,0.0045176585617096,5,False,True,False,False,False,False,False,0
20.39,30.34,0.0,739.5,0.0044943248237164,20.5,30.29,0.0,737.5,0.0045176585617096,5,False,True,False,False,False,False,False,0
20.39,30.39,0.0,735.666666666667,0.0045017850296053,20.5,30.29,0.0,735.666666666667,0.0045176585617096,5,False,True,False,False,False,False,False,0
20.39,30.39,0.0,730.0,0.0045017850296053,20.5,30.29,0.0,737.5,0.0045176585617096,5,False,True,False,False,False,False,False,0
20.39,30.39,0.0,731.0,0.0045017850296053,20.5,30.29,0.0,738.0,0.0045176585617096,5,False,True,False,False,False,False,False,0
20.39,30.445,0.0,729.5,0.0045099914612948,20.5,30.29,0.0,740.5,0.0045176585617096,5,False,True,False,False,False,False,False,0
20.39,30.5,0.0,733.0,0.0045181981079762,20.5,30.29,0.0,738.5,0.0045176585617096,5,False,True,False,False,False,False,False,0
20.39,30.5,0.0,732.0,0.0045181981079762,20.5,30.29,0.0,739.5,0.0045176585617096,5,False,True,False,False,False,False,False,0
20.39,30.5,0.0,734.75,0.0045181981079762,20.5,30.29,0.0,739.5,0.0045176585617096,5,False,True,False,False,False,False,False,0
20.39,30.5,0.0,738.0,0.0045181981079762,20.5,30.245,0.0,739.5,0.0045108982785007,5,False,True,False,False,False,False,False,0
20.29,30.5,0.0,738.0,0.00449016902073,20.5,30.2,0.0,741.0,0.0045041381411806,5,False,True,False,False,False,False,False,0
20.34,30.5,0.0,738.5,0.0045041643086393,20.5,30.2,0.0,734.0,0.0045041381411806,5,False,True,False,False,False,False,False,0
20.39,30.5,0.0,737.333333333333,0.0045181981079762,20.5333333333333,30.29,0.0,739.333333333333,0.004527026779087,5,False,True,False,False,False,False,False,0
20.39,30.5,0.0,739.0,0.0045181981079762,20.55,30.29,0.0,736.0,0.0045317173179576,5,False,True,False,False,False,False,False,0
20.39,30.5,0.0,739.0,0.0045181981079762,20.6,30.245,0.0,743.5,0.0045390119744064,5,False,True,False,False,False,False,False,0
20.34,30.5,0.0,735.5,0.0045041643086393,20.5666666666667,30.23,0.0,744.666666666667,0.0045273607818861,5,False,True,False,False,False,False,False,0
20.29,30.5,0.0,736.5,0.00449016902073,20.6,30.29,0.0,745.0,0.0045458146960699,5,False,True,False,False,False,False,False,0
20.29,30.6,0.0,732.666666666667,0.0045049975133301,20.6,30.2,0.0,746.0,0.0045322094004625,5,False,True,False,False,False,False,False,0
20.29,30.6,0.0,732.333333333333,0.0045049975133301,20.55,30.2,0.0,744.0,0.0045181545190451,5,False,True,False,False,False,False,False,0
20.29,30.6333333333333,0.0,726.0,0.0045099405001882,20.5,30.23,0.0,732.666666666667,0.0045086448831844,5,False,True,False,False,False,False,False,0
20.2,30.55,0.0,736.5,0.0044724466854856,20.5,30.29,0.0,734.0,0.0045176585617096,5,False,True,False,False,False,False,False,0
20.2,30.6,0.0,746.5,0.0044798192853332,20.55,30.245,0.0,742.0,0.0045249358451006,5,False,True,False,False,False,False,False,0
20.2,30.6,0.0,750.0,0.0044798192853332,20.5,30.26,0.0,739.666666666667,0.0045131516900269,5,False,True,False,False,False,False,False,0
20.2,30.6,0.0,749.5,0.0044798192853332,20.5,30.29,0.0,739.333333333333,0.0045176585617096,5,False,True,False,False,False,False,False,0
20.26,30.6666666666667,0.0,743.666666666667,0.0045064583902316,20.5,30.29,0.0,733.5,0.0045176585617096,5,False,True,False,False,False,False,False,0
20.26,30.6666666666667,0.0,742.0,0.0045064583902316,20.5,30.29,0.0,735.0,0.0045176585617096,5,False,True,False,False,False,False,False,0
20.2,30.6,0.0,736.333333333333,0.0044798192853332,20.5,30.29,0.0,740.5,0.0045176585617096,5,False,True,False,False,False,False,False,0
20.23,30.6333333333333,0.0,736.0,0.0044931226051592,20.5,30.39,0.0,738.75,0.0045326819356264,5,False,True,False,False,False,False,False,0
20.2,30.6,0.0,740.0,0.0044798192853332,20.5,30.39,0.0,744.0,0.0045326819356264,5,False,True,False,False,False,False,False,0
20.2675,30.675,0.0,744.75,0.0045097974170846,20.5,30.39,0.0,742.0,0.0045326819356264,5,False,True,False,False,False,False,False,0
20.245,30.65,0.0,743.0,0.0044997864353329,20.5,30.39,0.0,741.666666666667,0.0045326819356264,6,False,True,False,False,False,False,False,0
20.29,30.6,0.0,748.5,0.0045049975133301,20.39,30.34,0.0,739.5,0.0044943248237164,6,False,True,False,False,False,False,False,0
20.29,30.5,0.0,749.0,0.00449016902073,20.39,30.39,0.0,735.666666666667,0.0045017850296053,6,False,True,False,False,False,False,False,0
20.29,30.5,0.0,744.0,0.00449016902073,20.39,30.39,0.0,730.0,0.0045017850296053,6,False,True,False,False,False,False,False,0
20.34,30.5,0.0,740.75,0.0045041643086393,20.39,30.39,0.0,731.0,0.0045017850296053,6,False,True,False,False,False,False,False,0
20.3566666666667,30.5,0.0,745.333333333333,0.0045088379581773,20.39,30.445,0.0,729.5,0.0045099914612948,6,False,True,False,False,False,False,False,0
20.39,30.5,0.0,748.5,0.0045181981079762,20.39,30.5,0.0,733.0,0.0045181981079762,6,False,True,False,False,False,False,False,0
20.39,30.5,0.0,735.5,0.0045181981079762,20.39,30.5,0.0,732.0,0.0045181981079762,6,False,True,False,False,False,False,False,0
20.39,30.5,0.0,734.0,0.0045181981079762,20.39,30.5,0.0,734.75,0.0045181981079762,6,False,True,False,False,False,False,False,0
20.39,30.5,0.0,734.0,0.0045181981079762,20.39,30.5,0.0,738.0,0.0045181981079762,6,False,True,False,False,False,False,False,0
20.39,30.5,0.0,734.0,0.0045181981079762,20.29,30.5,0.0,738.0,0.00449016902073,6,False,True,False,False,False,False,False,0
20.3566666666667,30.5,0.0,746.5,0.0045088379581773,20.34,30.5,0.0,738.5,0.0045041643086393,6,False,True,False,False,False,False,False,0
20.39,30.5,0.0,749.666666666667,0.0045181981079762,20.39,30.5,0.0,737.333333333333,0.0045181981079762,6,False,True,False,False,False,False,False,0
20.39,30.5,0.0,745.5,0.0045181981079762,20.39,30.5,0.0,739.0,0.0045181981079762,6,False,True,False,False,False,False,False,0
20.39,30.5,0.0,744.0,0.0045181981079762,20.39,30.5,0.0,739.0,0.0045181981079762,6,False,True,False,False,False,False,False,0
20.39,30.445,0.0,746.0,0.0045099914612948,20.34,30.5,0.0,735.5,0.0045041643086393,6,False,True,False,False,False,False,False,0
20.39,30.39,0.0,743.0,0.0045017850296053,20.29,30.5,0.0,736.5,0.00449016902073,6,False,True,False,False,False,False,False,0
20.39,30.39,0.0,747.0,0.0045017850296053,20.29,30.6,0.0,732.666666666667,0.0045049975133301,6,False,True,False,False,False,False,False,0
20.39,30.39,0.0,743.666666666667,0.0045017850296053,20.29,30.6,0.0,732.333333333333,0.0045049975133301,6,False,True,False,False,False,False,False,0
20.39,30.39,0.0,744.333333333333,0.0045017850296053,20.29,30.6333333333333,0.0,726.0,0.0045099405001882,6,False,True,False,False,False,False,False,0
20.39,30.39,0.0,750.5,0.0045017850296053,20.2,30.55,0.0,736.5,0.0044724466854856,6,False,True,False,False,False,False,False,0
20.39,30.39,0.0,748.0,0.0045017850296053,20.2,30.6,0.0,746.5,0.0044798192853332,6,False,True,False,False,False,False,False,0
20.39,30.3566666666667,0.0,755.0,0.0044968115392718,20.2,30.6,0.0,750.0,0.0044798192853332,6,False,True,False,False,False,False,False,0
20.39,30.29,0.0,749.0,0.0044868647954935,20.2,30.6,0.0,749.5,0.0044798192853332,6,False,True,False,False,False,False,False,0
20.39,30.39,0.0,749.0,0.0045017850296053,20.26,30.6666666666667,0.0,743.666666666667,0.0045064583902316,6,False,True,False,False,False,False,False,0
20.5,30.39,0.0,749.0,0.0045326819356264,20.26,30.6666666666667,0.0,742.0,0.0045064583902316,6,False,True,False,False,False,False,False,0
20.445,30.34,0.0,751.0,0.0045097242016922,20.2,30.6,0.0,736.333333333333,0.0044798192853332,6,False,True,False,False,False,False,False,0
20.5,30.39,0.0,751.0,0.0045326819356264,20.23,30.6333333333333,0.0,736.0,0.0044931226051592,6,False,True,False,False,False,False,False,0
20.39,30.39,0.0,752.5,0.0045017850296053,20.2,30.6,0.0,740.0,0.0044798192853332,6,False,True,False,False,False,False,False,0
20.39,30.39,0.0,752.0,0.0045017850296053,20.2675,30.675,0.0,744.75,0.0045097974170846,6,False,True,False,False,False,False,False,0
20.5,30.39,0.0,751.0,0.0045326819356264,20.245,30.65,0.0,743.0,0.0044997864353329,6,False,True,False,False,False,False,False,0
20.5,30.39,0.0,748.5,0.0045326819356264,20.29,30.6,0.0,748.5,0.0045049975133301,6,False,True,False,False,False,False,False,0
20.5,30.39,0.0,751.5,0.0045326819356264,20.29,30.5,0.0,749.0,0.00449016902073,6,False,True,False,False,False,False,False,0
20.5,30.39,0.0,748.5,0.0045326819356264,20.29,30.5,0.0,744.0,0.00449016902073,6,False,True,False,False,False,False,False,0
20.5,30.39,0.0,752.0,0.0045326819356264,20.34,30.5,0.0,740.75,0.0045041643086393,6,False,True,False,False,False,False,False,0
20.5,30.39,0.0,754.5,0.0045326819356264,20.3566666666667,30.5,0.0,745.333333333333,0.0045088379581773,6,False,True,False,False,False,False,False,0
20.5,30.39,0.0,749.666666666667,0.0045326819356264,20.39,30.5,0.0,748.5,0.0045181981079762,6,False,True,False,False,False,False,False,0
20.5,30.39,0.0,750.5,0.0045326819356264,20.39,30.5,0.0,735.5,0.0045181981079762,6,False,True,False,False,False,False,False,0
20.5,30.39,0.0,754.0,0.0045326819356264,20.39,30.5,0.0,734.0,0.0045181981079762,6,False,True,False,False,False,False,False,0
20.5,30.39,0.0,752.666666666667,0.0045326819356264,20.39,30.5,0.0,734.0,0.0045181981079762,6,False,True,False,False,False,False,False,0
20.5,30.39,0.0,749.5,0.0045326819356264,20.39,30.5,0.0,734.0,0.0045181981079762,6,False,True,False,False,False,False,False,0
20.5,30.39,0.0,747.333333333333,0.0045326819356264,20.3566666666667,30.5,0.0,746.5,0.0045088379581773,6,False,True,False,False,False,False,False,0
20.5,30.39,0.0,748.0,0.0045326819356264,20.39,30.5,0.0,749.666666666667,0.0045181981079762,6,False,True,False,False,False,False,False,0
20.5,30.39,0.0,751.5,0.0045326819356264,20.39,30.5,0.0,745.5,0.0045181981079762,6,False,True,False,False,False,False,False,0
20.5,30.39,0.0,762.0,0.0045326819356264,20.39,30.5,0.0,744.0,0.0045181981079762,6,False,True,False,False,False,False,False,0
20.5,30.39,0.0,761.666666666667,0.0045326819356264,20.39,30.445,0.0,746.0,0.0045099914612948,6,False,True,False,False,False,False,False,0
20.5,30.39,0.0,753.0,0.0045326819356264,20.39,30.39,0.0,743.0,0.0045017850296053,6,False,True,False,False,False,False,False,0
20.5,30.39,0.0,765.0,0.0045326819356264,20.39,30.39,0.0,747.0,0.0045017850296053,6,False,True,False,False,False,False,False,0
20.5,30.34,0.0,765.5,0.0045251701586071,20.39,30.39,0.0,743.666666666667,0.0045017850296053,6,False,True,False,False,False,False,False,0
20.5333333333333,30.3566666666667,0.0,762.0,0.0045370632010814,20.39,30.39,0.0,744.333333333333,0.0045017850296053,6,False,True,False,False,False,False,False,0
20.5,30.39,0.0,754.0,0.0045326819356264,20.39,30.39,0.0,750.5,0.0045017850296053,6,False,True,False,False,False,False,False,0
20.6,30.39,0.0,755.0,0.0045609323842185,20.39,30.39,0.0,748.0,0.0045017850296053,6,False,True,False,False,False,False,False,0
20.5333333333333,30.3566666666667,0.0,753.333333333333,0.0045370632010814,20.39,30.3566666666667,0.0,755.0,0.0044968115392718,6,False,True,False,False,False,False,False,0
20.5,30.39,0.0,753.0,0.0045326819356264,20.39,30.29,0.0,749.0,0.0044868647954935,6,False,True,False,False,False,False,False,0
20.6,30.39,0.0,752.0,0.0045609323842185,20.39,30.39,0.0,749.0,0.0045017850296053,6,False,True,False,False,False,False,False,0
20.6,30.34,0.0,753.5,0.004553373448953,20.5,30.39,0.0,749.0,0.0045326819356264,6,False,True,False,False,False,False,False,0
20.6,30.29,0.0,759.5,0.0045458146960699,20.445,30.34,0.0,751.0,0.0045097242016922,6,False,True,False,False,False,False,False,0
20.55,30.29,0.0,762.0,0.0045317173179576,20.5,30.39,0.0,751.0,0.0045326819356264,6,False,True,False,False,False,False,False,0
20.55,30.29,0.0,758.0,0.0045317173179576,20.39,30.39,0.0,752.5,0.0045017850296053,6,False,True,False,False,False,False,False,0
20.6,30.29,0.0,758.5,0.0045458146960699,20.39,30.39,0.0,752.0,0.0045017850296053,6,False,True,False,False,False,False,False,0
20.6,30.29,0.0,763.0,0.0045458146960699,20.5,30.39,0.0,751.0,0.0045326819356264,7,False,True,False,False,False,False,False,0
20.6,30.29,0.0,765.0,0.0045458146960699,20.5,30.39,0.0,748.5,0.0045326819356264,7,False,True,False,False,False,False,False,0
20.6,30.29,0.0,758.5,0.0045458146960699,20.5,30.39,0.0,751.5,0.0045326819356264,7,False,True,False,False,False,False,False,0
20.6,30.29,0.0,756.5,0.0045458146960699,20.5,30.39,0.0,748.5,0.0045326819356264,7,False,True,False,False,False,False,False,0
20.6,30.245,0.0,760.0,0.0045390119744064,20.5,30.39,0.0,752.0,0.0045326819356264,7,False,True,False,False,False,False,False,0
20.6,30.2,0.0,758.0,0.0045322094004625,20.5,30.39,0.0,754.5,0.0045326819356264,7,False,True,False,False,False,False,False,0
20.65,30.245,0.0,759.5,0.00455312675812,20.5,30.39,0.0,749.666666666667,0.0045326819356264,7,False,True,False,False,False,False,False,0
20.6666666666667,30.26,0.0,758.666666666667,0.0045601173237797,20.5,30.39,0.0,750.5,0.0045326819356264,7,False,True,False,False,False,False,False,0
20.7,30.2,0.0,766.0,0.0045604350403653,20.5,30.39,0.0,754.0,0.0045326819356264,7,False,True,False,False,False,False,False,0
20.6666666666667,30.26,0.0,762.333333333333,0.0045601173237797,20.5,30.39,0.0,752.666666666667,0.0045326819356264,7,False,True,False,False,False,False,False,0
20.6,30.2,0.0,761.5,0.0045322094004625,20.5,30.39,0.0,749.5,0.0045326819356264,7,False,True,False,False,False,False,False,0
20.65,30.2,0.0,762.0,0.0045463028769886,20.5,30.39,0.0,747.333333333333,0.0045326819356264,7,False,True,False,False,False,False,False,0
20.7,30.2,0.0,763.5,0.0045604350403653,20.5,30.39,0.0,748.0,0.0045326819356264,7,False,True,False,False,False,False,False,0
20.7,30.2,0.0,760.0,0.0045604350403653,20.5,30.39,0.0,751.5,0.0045326819356264,7,False,True,False,False,False,False,False,0
20.6,30.2,0.0,761.0,0.0045322094004625,20.5,30.39,0.0,762.0,0.0045326819356264,7,False,True,False,False,False,False,False,0
20.7,30.2,0.0,768.0,0.0045604350403653,20.5,30.39,0.0,761.666666666667,0.0045326819356264,7,False,True,False,False,False,False,False,0
20.7,30.2,0.0,768.0,0.0045604350403653,20.5,30.39,0.0,753.0,0.0045326819356264,7,False,True,False,False,False,False,False,0
20.6666666666667,30.2,0.0,768.0,0.0045510092950394,20.5,30.39,0.0,765.0,0.0045326819356264,7,False,True,False,False,False,False,False,0
20.7,30.2,0.0,768.666666666667,0.0045604350403653,20.5,30.34,0.0,765.5,0.0045251701586071,7,False,True,False,False,False,False,False,0
20.7,30.2,0.0,771.0,0.0045604350403653,20.5333333333333,30.3566666666667,0.0,762.0,0.0045370632010814,7,False,True,False,False,False,False,False,0
20.7,30.2,0.0,768.5,0.0045604350403653,20.5,30.39,0.0,754.0,0.0045326819356264,7,False,True,False,False,False,False,False,0
20.7,30.2,0.0,761.666666666667,0.0045604350403653,20.6,30.39,0.0,755.0,0.0045609323842185,7,False,True,False,False,False,False,False,0
20.7,30.2,0.0,762.5,0.0045604350403653,20.5333333333333,30.3566666666667,0.0,753.333333333333,0.0045370632010814,7,False,True,False,False,False,False,False,0
20.7,30.2,0.0,763.0,0.0045604350403653,20.5,30.39,0.0,753.0,0.0045326819356264,7,False,True,False,False,False,False,False,0
20.7,30.2,0.0,765.5,0.0045604350403653,20.6,30.39,0.0,752.0,0.0045609323842185,7,False,True,False,False,False,False,False,0
20.6666666666667,30.2,0.0,769.0,0.0045510092950394,20.6,30.34,0.0,753.5,0.004553373448953,7,False,True,False,False,False,False,False,0
20.7,30.2,0.0,769.5,0.0045604350403653,20.6,30.29,0.0,759.5,0.0045458146960699,7,False,True,False,False,False,False,False,0
20.7,30.23,0.0,768.333333333333,0.0045649985222561,20.55,30.29,0.0,762.0,0.0045317173179576,7,False,True,False,False,False,False,False,0
20.7,30.2,0.0,768.5,0.0045604350403653,20.55,30.29,0.0,758.0,0.0045317173179576,7,False,True,False,False,False,False,False,0
20.7,30.2,0.0,771.0,0.0045604350403653,20.6,30.29,0.0,758.5,0.0045458146960699,7,False,True,False,False,False,False,False,0
20.7,30.2,0.0,770.5,0.0045604350403653,20.6,30.29,0.0,763.0,0.0045458146960699,7,False,True,False,False,False,False,False,0
20.7,30.29,0.0,774.0,0.0045741256854662,20.6,30.29,0.0,765.0,0.0045458146960699,7,False,True,False,False,False,False,False,0
20.7,30.29,0.0,775.0,0.0045741256854662,20.6,30.29,0.0,758.5,0.0045458146960699,7,False,True,False,False,False,False,False,0
20.7,30.26,0.0,776.666666666667,0.0045695620706226,20.6,30.29,0.0,756.5,0.0045458146960699,7,False,True,False,False,False,False,False,0
20.7,30.245,0.0,773.5,0.0045672802881298,20.6,30.245,0.0,760.0,0.0045390119744064,7,False,True,False,False,False,False,False,0
20.7,30.29,0.0,771.0,0.0045741256854662,20.6,30.2,0.0,758.0,0.0045322094004625,7,False,True,False,False,False,False,False,0
20.6,30.2,0.0,771.0,0.0045322094004625,20.65,30.245,0.0,759.5,0.00455312675812,7,False,True,False,False,False,False,False,0
20.7,30.29,0.0,776.0,0.0045741256854662,20.6666666666667,30.26,0.0,758.666666666667,0.0045601173237797,7,False,True,False,False,False,False,False,0
20.7,30.29,0.0,774.5,0.0045741256854662,20.7,30.2,0.0,766.0,0.0045604350403653,7,False,True,False,False,False,False,False,0
20.6666666666667,30.26,0.0,770.666666666667,0.0045601173237797,20.6666666666667,30.26,0.0,762.333333333333,0.0045601173237797,7,False,True,False,False,False,False,False,0
20.7,30.29,0.0,772.0,0.0045741256854662,20.6,30.2,0.0,761.5,0.0045322094004625,7,False,True,False,False,False,False,False,0
20.7,30.29,0.0,773.0,0.0045741256854662,20.65,30.2,0.0,762.0,0.0045463028769886,7,False,True,False,False,False,False,False,0
20.6,30.2,0.0,773.0,0.0045322094004625,20.7,30.2,0.0,763.5,0.0045604350403653,7,False,True,False,False,False,False,False,0
20.7,30.29,0.0,770.5,0.0045741256854662,20.7,30.2,0.0,760.0,0.0045604350403653,7,False,True,False,False,False,False,False,0
20.7,30.29,0.0,770.5,0.0045741256854662,20.6,30.2,0.0,761.0,0.0045322094004625,7,False,True,False,False,False,False,False,0
20.675,30.2675,0.0,773.0,0.0045636160085063,20.7,30.2,0.0,768.0,0.0045604350403653,7,False,True,False,False,False,False,False,0
20.7,30.245,0.0,782.5,0.0045672802881298,20.7,30.2,0.0,768.0,0.0045604350403653,7,False,True,False,False,False,False,False,0
20.65,30.245,0.0,778.5,0.00455312675812,20.6666666666667,30.2,0.0,768.0,0.0045510092950394,7,False,True,False,False,False,False,False,0
20.65,30.245,0.0,770.0,0.00455312675812,20.7,30.2,0.0,768.666666666667,0.0045604350403653,7,False,True,False,False,False,False,False,0
20.7,30.29,0.0,774.5,0.0045741256854662,20.7,30.2,0.0,771.0,0.0045604350403653,7,False,True,False,False,False,False,False,0
20.65,30.29,0.0,774.5,0.0045599507878944,20.7,30.2,0.0,768.5,0.0045604350403653,7,False,True,False,False,False,False,False,0
20.65,30.34,0.0,775.5,0.0045675332175396,20.7,30.2,0.0,761.666666666667,0.0045604350403653,7,False,True,False,False,False,False,False,0
20.6,30.29,0.0,778.0,0.0045458146960699,20.7,30.2,0.0,762.5,0.0045604350403653,7,False,True,False,False,False,False,False,0
20.7,30.39,0.0,772.333333333333,0.0045893382150764,20.7,30.2,0.0,763.0,0.0045604350403653,7,False,True,False,False,False,False,False,0
20.6,30.29,0.0,773.0,0.0045458146960699,20.7,30.2,0.0,765.5,0.0045604350403653,7,False,True,False,False,False,False,False,0
20.6,30.29,0.0,775.0,0.0045458146960699,20.6666666666667,30.2,0.0,769.0,0.0045510092950394,7,False,True,False,False,False,False,False,0
20.7,30.39,0.0,780.0,0.0045893382150764,20.7,30.2,0.0,769.5,0.0045604350403653,7,False,True,False,False,False,False,False,0
20.6,30.29,0.0,780.0,0.0045458146960699,20.7,30.23,0.0,768.333333333333,0.0045649985222561,7,False,True,False,False,False,False,False,0
20.6,30.29,0.0,782.5,0.0045458146960699,20.7,30.2,0.0,768.5,0.0045604350403653,7,False,True,False,False,False,False,False,0
20.6333333333333,30.3233333333333,0.0,781.666666666667,0.0045602841164425,20.7,30.2,0.0,771.0,0.0045604350403653,7,False,True,False,False,False,False,False,0
20.6,30.39,0.0,776.5,0.0045609323842185,20.7,30.2,0.0,770.5,0.0045604350403653,7,False,True,False,False,False,False,False,0
20.6,30.39,0.0,774.5,0.0045609323842185,20.7,30.29,0.0,774.0,0.0045741256854662,8,False,True,False,False,False,False,False,0
20.6,30.39,0.0,773.0,0.0045609323842185,20.7,30.29,0.0,775.0,0.0045741256854662,8,False,True,False,False,False,False,False,0
20.6,30.39,0.0,773.0,0.0045609323842185,20.7,30.26,0.0,776.666666666667,0.0045695620706226,8,False,True,False,False,False,False,False,0
20.6,30.39,0.0,782.0,0.0045609323842185,20.7,30.245,0.0,773.5,0.0045672802881298,8,False,True,False,False,False,False,False,0
20.6,30.39,0.0,784.5,0.0045609323842185,20.7,30.29,0.0,771.0,0.0045741256854662,8,False,True,False,False,False,False,False,0
20.6,30.39,0.0,782.0,0.0045609323842185,20.6,30.2,0.0,771.0,0.0045322094004625,8,False,True,False,False,False,False,False,0
20.6,30.39,0.0,781.333333333333,0.0045609323842185,20.7,30.29,0.0,776.0,0.0045741256854662,8,False,True,False,False,False,False,False,0
20.7,30.5,0.0,783.0,0.0046060728508538,20.7,30.29,0.0,774.5,0.0045741256854662,8,False,True,False,False,False,False,False,0
20.6,30.39,0.0,790.666666666667,0.0045609323842185,20.6666666666667,30.26,0.0,770.666666666667,0.0045601173237797,8,False,True,False,False,False,False,False,0
20.6,30.39,0.0,789.666666666667,0.0045609323842185,20.7,30.29,0.0,772.0,0.0045741256854662,8,False,True,False,False,False,False,False,0
20.6,30.39,0.0,787.0,0.0045609323842185,20.7,30.29,0.0,773.0,0.0045741256854662,8,False,True,False,False,False,False,False,0
20.6,30.39,0.0,783.333333333333,0.0045609323842185,20.6,30.2,0.0,773.0,0.0045322094004625,8,False,True,False,False,False,False,False,0
20.6,30.39,0.0,781.5,0.0045609323842185,20.7,30.29,0.0,770.5,0.0045741256854662,8,False,True,False,False,False,False,False,0
20.6,30.39,0.0,779.5,0.0045609323842185,20.7,30.29,0.0,770.5,0.0045741256854662,8,False,True,False,False,False,False,False,0
20.6,30.39,0.0,779.0,0.0045609323842185,20.675,30.2675,0.0,773.0,0.0045636160085063,8,False,True,False,False,False,False,False,0
20.6,30.39,0.0,788.0,0.0045609323842185,20.7,30.245,0.0,782.5,0.0045672802881298,8,False,True,False,False,False,False,False,0
20.6,30.39,0.0,789.0,0.0045609323842185,20.65,30.245,0.0,778.5,0.00455312675812,8,False,True,False,False,False,False,False,0
20.6,30.39,0.0,785.0,0.0045609323842185,20.65,30.245,0.0,770.0,0.00455312675812,8,False,True,False,False,False,False,False,0
20.6,30.39,0.0,783.0,0.0045609323842185,20.7,30.29,0.0,774.5,0.0045741256854662,8,False,True,False,False,False,False,False,0
20.6,30.39,0.0,784.5,0.0045609323842185,20.65,30.29,0.0,774.5,0.0045599507878944,8,False,True,False,False,False,False,False,0
20.6,30.39,0.0,792.0,0.0045609323842185,20.65,30.34,0.0,775.5,0.0045675332175396,8,False,True,False,False,False,False,False,0
20.6,30.39,0.0,790.666666666667,0.0045609323842185,20.6,30.29,0.0,778.0,0.0045458146960699,8,False,True,False,False,False,False,False,0
20.6,30.39,0.0,784.0,0.0045609323842185,20.7,30.39,0.0,772.333333333333,0.0045893382150764,8,False,True,False,False,False,False,False,0
20.6,30.39,0.0,786.0,0.0045609323842185,20.6,30.29,0.0,773.0,0.0045458146960699,8,False,True,False,False,False,False,False,0
20.6,30.39,0.0,787.0,0.0045609323842185,20.6,30.29,0.0,775.0,0.0045458146960699,8,False,True,False,False,False,False,False,0
20.6,30.39,0.0,787.0,0.0045609323842185,20.7,30.39,0.0,780.0,0.0045893382150764,8,False,True,False,False,False,False,False,0
20.6,30.39,0.0,794.0,0.0045609323842185,20.6,30.29,0.0,780.0,0.0045458146960699,8,False,True,False,False,False,False,False,0
20.6,30.39,0.0,787.0,0.0045609323842185,20.6,30.29,0.0,782.5,0.0045458146960699,8,False,True,False,False,False,False,False,0
20.6,30.4266666666667,0.0,785.333333333333,0.0045664757193311,20.6333333333333,30.3233333333333,0.0,781.666666666667,0.0045602841164425,8,False,True,False,False,False,False,False,0
20.6,30.39,0.0,790.0,0.0045609323842185,20.6,30.39,0.0,776.5,0.0045609323842185,8,False,True,False,False,False,False,False,0
20.6,30.39,0.0,796.5,0.0045609323842185,20.6,30.39,0.0,774.5,0.0045609323842185,8,False,True,False,False,False,False,False,0
20.6,30.39,0.0,796.0,0.0045609323842185,20.6,30.39,0.0,773.0,0.0045609323842185,8,False,True,False,False,False,False,False,0
20.6,30.39,0.0,796.0,0.0045609323842185,20.6,30.39,0.0,773.0,0.0045609323842185,8,False,True,False,False,False,False,False,0
20.6,30.39,0.0,791.0,0.0045609323842185,20.6,30.39,0.0,782.0,0.0045609323842185,8,False,True,False,False,False,False,False,0
20.6,30.445,0.0,797.5,0.0045692474236699,20.6,30.39,0.0,784.5,0.0045609323842185,8,False,True,False,False,False,False,False,0
20.6,30.4266666666667,0.0,798.333333333333,0.0045664757193311,20.6,30.39,0.0,782.0,0.0045609323842185,8,False,True,False,False,False,False,False,0
20.6,30.5,0.0,787.0,0.0045775626838207,20.6,30.39,0.0,781.333333333333,0.0045609323842185,8,False,True,False,False,False,False,False,0
20.6,30.5,101.333333333333,787.666666666667,0.0045775626838207,20.7,30.5,0.0,783.0,0.0046060728508538,8,False,True,False,False,False,False,False,0
20.5666666666667,30.5,301.0,785.666666666667,0.0045680939896882,20.6,30.39,0.0,790.666666666667,0.0045609323842185,8,False,True,False,False,False,False,False,1
20.6,30.5,419.0,794.75,0.0045775626838207,20.6,30.39,0.0,789.666666666667,0.0045609323842185,8,False,True,False,False,False,False,False,1
20.6,30.5,419.0,801.0,0.0045775626838207,20.6,30.39,0.0,787.0,0.0045609323842185,8,False,True,False,False,False,False,False,1
20.6,30.6333333333333,419.0,804.666666666667,0.0045977218063348,20.6,30.39,0.0,783.333333333333,0.0045609323842185,8,False,True,False,False,False,False,False,0
20.625,30.7225,419.0,814.25,0.0046183694937808,20.6,30.39,0.0,781.5,0.0045609323842185,8,False,True,False,False,False,False,False,0
20.6,30.745,419.0,818.5,0.0046146060695822,20.6,30.39,0.0,779.5,0.0045609323842185,8,False,True,False,False,False,False,False,1
20.7,30.89,419.0,825.0,0.0046654119447764,20.6,30.39,0.0,779.0,0.0045609323842185,8,False,True,False,False,False,False,False,1
20.6333333333333,30.89,405.0,823.666666666667,0.0046461408996061,20.6,30.39,0.0,788.0,0.0045609323842185,8,False,True,False,False,False,False,False,1
20.675,30.9175,405.0,827.25,0.0046623550989465,20.6,30.39,0.0,789.0,0.0045609323842185,8,False,True,False,False,False,False,False,1
20.675,30.9175,405.0,834.0,0.0046623550989465,20.6,30.39,0.0,785.0,0.0045609323842185,8,False,True,False,False,False,False,False,1
20.7,30.945,405.0,840.5,0.0046737811827805,20.6,30.39,0.0,783.0,0.0045609323842185,8,False,True,False,False,False,False,False,1
20.7,30.9175,405.0,832.0,0.0046695965358355,20.6,30.39,0.0,784.5,0.0045609323842185,8,False,True,False,False,False,False,False,1
20.7225,30.89,405.0,828.0,0.0046719318382547,20.6,30.39,0.0,792.0,0.0045609323842185,8,False,True,False,False,False,False,False,1
20.76,30.89,405.0,830.0,0.0046828162126377,20.6,30.39,0.0,790.666666666667,0.0045609323842185,8,False,True,False,False,False,False,False,1
20.745,30.89,405.0,831.75,0.004678459778185,20.6,30.39,0.0,784.0,0.0045609323842185,8,False,True,False,False,False,False,False,1
20.79,30.8566666666667,405.0,834.0,0.0046864390569343,20.6,30.39,0.0,786.0,0.0045609323842185,8,False,True,False,False,False,False,False,1
20.79,30.89,405.0,839.5,0.0046915398318218,20.6,30.39,0.0,787.0,0.0045609323842185,8,False,True,False,False,False,False,False,1
20.79,30.89,405.0,840.25,0.0046915398318218,20.6,30.39,0.0,787.0,0.0045609323842185,8,False,True,False,False,False,False,False,1
20.79,30.89,405.0,835.0,0.0046915398318218,20.6,30.39,0.0,794.0,0.0045609323842185,8,False,True,False,False,False,False,False,1
20.79,30.89,405.0,839.5,0.0046915398318218,20.6,30.39,0.0,787.0,0.0045609323842185,8,False,True,False,False,False,False,False,1
20.79,30.89,405.0,840.0,0.0046915398318218,20.6,30.4266666666667,0.0,785.333333333333,0.0045664757193311,8,False,True,False,False,False,False,False,1
20.79,30.89,405.0,832.75,0.0046915398318218,20.6,30.39,0.0,790.0,0.0045609323842185,9,False,True,False,False,False,False,False,1
20.8233333333333,30.8566666666667,405.0,840.666666666667,0.0046961381633159,20.6,30.39,0.0,796.5,0.0045609323842185,9,False,True,False,False,False,False,False,1
20.84,30.84,405.0,838.5,0.0046984360250421,20.6,30.39,0.0,796.0,0.0045609323842185,9,False,True,False,False,False,False,False,1
20.89,30.89,405.0,843.0,0.0047207223215234,20.6,30.39,0.0,796.0,0.0045609323842185,9,False,True,False,False,False,False,False,1
20.89,30.89,405.0,846.5,0.0047207223215234,20.6,30.39,0.0,791.0,0.0045609323842185,9,False,True,False,False,False,False,False,1
20.89,30.89,412.0,850.25,0.0047207223215234,20.6,30.445,0.0,797.5,0.0045692474236699,9,False,True,False,False,False,False,False,1
20.89,30.89,419.0,857.0,0.0047207223215234,20.6,30.4266666666667,0.0,798.333333333333,0.0045664757193311,9,False,True,False,False,False,False,False,1
20.89,30.89,419.0,862.0,0.0047207223215234,20.6,30.5,0.0,787.0,0.0045775626838207,9,False,True,False,False,False,False,False,1
20.89,30.89,419.0,851.666666666667,0.0047207223215234,20.6,30.5,101.333333333333,787.666666666667,0.0045775626838207,9,False,True,False,False,False,False,False,1
20.89,30.89,419.0,850.333333333333,0.0047207223215234,20.5666666666667,30.5,301.0,785.666666666667,0.0045680939896882,9,False,True,False,False,False,False,False,1
20.945,30.89,419.0,856.75,0.0047368409323156,20.6,30.5,419.0,794.75,0.0045775626838207,9,False,True,False,False,False,False,False,1
20.9175,30.89,419.0,855.25,0.0047287755610291,20.6,30.5,419.0,801.0,0.0045775626838207,9,False,True,False,False,False,False,False,1
20.9266666666667,30.89,419.0,858.0,0.0047314626693673,20.6,30.6333333333333,419.0,804.666666666667,0.0045977218063348,9,False,True,False,False,False,False,False,1
20.9725,30.89,419.0,861.75,0.004744918451217,20.625,30.7225,419.0,814.25,0.0046183694937808,9,False,True,False,False,False,False,False,1
20.9725,31.1475,423.666666666667,864.333333333333,0.0047847765090403,20.6,30.745,419.0,818.5,0.0046146060695822,9,False,True,False,False,False,False,False,1
20.945,31.15,428.333333333333,873.333333333333,0.0047770169530065,20.7,30.89,419.0,825.0,0.0046654119447764,9,False,True,False,False,False,False,False,1
20.9266666666667,31.26,433.0,875.0,0.0047885723746257,20.6333333333333,30.89,405.0,823.666666666667,0.0046461408996061,9,False,True,False,False,False,False,False,1
21.0,31.29,433.0,880.0,0.004815032117578,20.675,30.9175,405.0,827.25,0.0046623550989465,9,False,True,False,False,False,False,False,1
21.0,31.345,429.5,894.75,0.0048235613754028,20.675,30.9175,405.0,834.0,0.0046623550989465,9,False,True,False,False,False,False,False,1
21.0,31.4966666666667,428.333333333333,920.333333333333,0.0048470826526476,20.7,30.945,405.0,840.5,0.0046737811827805,9,False,True,False,False,False,False,False,1
21.0,31.4175,433.0,920.25,0.0048348048426512,20.7,30.9175,405.0,832.0,0.0046695965358355,9,False,True,False,False,False,False,False,1
21.0,31.55,433.0,920.5,0.0048553542905412,20.7225,30.89,405.0,828.0,0.0046719318382547,9,False,True,False,False,False,False,False,1
21.0,31.4175,429.5,934.5,0.0048348048426512,20.76,30.89,405.0,830.0,0.0046828162126377,9,False,True,False,False,False,False,False,1
21.0,31.4266666666667,433.0,928.666666666667,0.0048362264591877,20.745,30.89,405.0,831.75,0.004678459778185,9,False,True,False,False,False,False,False,1
21.025,31.4175,433.0,924.75,0.0048422973916801,20.79,30.8566666666667,405.0,834.0,0.0046864390569343,9,False,True,False,False,False,False,False,1
21.0333333333333,31.5333333333333,433.0,924.666666666667,0.0048627991402564,20.79,30.89,405.0,839.5,0.0046915398318218,9,False,True,False,False,False,False,False,1
21.075,31.4725,433.0,926.25,0.0048658830824798,20.79,30.89,405.0,840.25,0.0046915398318218,9,False,True,False,False,False,False,False,1
21.1,31.445,433.0,932.0,0.0048691281856073,20.79,30.89,405.0,835.0,0.0046915398318218,9,False,True,False,False,False,False,False,1
21.1,31.445,433.0,923.5,0.0048691281856073,20.79,30.89,405.0,839.5,0.0046915398318218,9,False,True,False,False,False,False,False,1
21.1,31.445,433.0,925.75,0.0048691281856073,20.79,30.89,405.0,840.0,0.0046915398318218,9,False,True,False,False,False,False,False,1
21.1,31.55,433.0,928.5,0.0048855147065794,20.79,30.89,405.0,832.75,0.0046915398318218,9,False,True,False,False,False,False,False,1
21.1,31.5,433.0,934.25,0.0048777114945118,20.8233333333333,30.8566666666667,405.0,840.666666666667,0.0046961381633159,9,False,True,False,False,False,False,False,1
21.1,31.575,433.0,937.666666666667,0.004889416385463,20.84,30.84,405.0,838.5,0.0046984360250421,9,False,True,False,False,False,False,False,1
21.1,31.39,433.0,946.75,0.0048605451117476,20.89,30.89,405.0,843.0,0.0047207223215234,9,False,True,False,False,False,False,False,1
21.1,31.39,433.0,940.0,0.0048605451117476,20.89,30.89,405.0,846.5,0.0047207223215234,9,False,True,False,False,False,False,False,1
21.1,31.39,433.0,936.5,0.0048605451117476,20.89,30.89,412.0,850.25,0.0047207223215234,9,False,True,False,False,False,False,False,1
21.1,31.39,433.0,940.333333333333,0.0048605451117476,20.89,30.89,419.0,857.0,0.0047207223215234,9,False,True,False,False,False,False,False,1
21.1,31.365,433.0,938.0,0.0048566437922368,20.89,30.89,419.0,862.0,0.0047207223215234,9,False,True,False,False,False,False,False,1
21.1,31.39,433.0,937.0,0.0048605451117476,20.89,30.89,419.0,851.666666666667,0.0047207223215234,9,False,True,False,False,False,False,False,1
21.1,31.4175,433.0,937.0,0.0048648366192975,20.89,30.89,419.0,850.333333333333,0.0047207223215234,9,False,True,False,False,False,False,False,1
21.1,31.39,433.0,939.5,0.0048605451117476,20.945,30.89,419.0,856.75,0.0047368409323156,9,False,True,False,False,False,False,False,1
21.1,31.39,433.0,941.0,0.0048605451117476,20.9175,30.89,419.0,855.25,0.0047287755610291,9,False,True,False,False,False,False,False,1
21.1,31.575,433.0,953.75,0.004889416385463,20.9266666666667,30.89,419.0,858.0,0.0047314626693673,9,False,True,False,False,False,False,False,1
21.1,31.4266666666667,433.0,953.666666666667,0.0048662671348718,20.9725,30.89,419.0,861.75,0.004744918451217,9,False,True,False,False,False,False,False,1
21.1,31.4725,433.0,948.25,0.0048734198106783,20.9725,31.1475,423.666666666667,864.333333333333,0.0047847765090403,9,False,True,False,False,False,False,False,1
21.1,31.445,433.0,951.25,0.0048691281856073,20.945,31.15,428.333333333333,873.333333333333,0.0047770169530065,9,False,True,False,False,False,False,False,1
21.15,31.39,433.0,950.5,0.0048756092983119,20.9266666666667,31.26,433.0,875.0,0.0047885723746257,9,False,True,False,False,False,False,False,1
21.15,31.34,433.0,941.75,0.0048677823376593,21.0,31.29,433.0,880.0,0.004815032117578,9,False,True,False,False,False,False,False,1
21.2,31.39,433.0,942.5,0.0048907147126436,21.0,31.345,429.5,894.75,0.0048235613754028,9,False,True,False,False,False,False,False,1
21.175,31.34,433.0,939.75,0.0048753176747134,21.0,31.4966666666667,428.333333333333,920.333333333333,0.0048470826526476,9,False,True,False,False,False,False,False,1
21.175,31.39,433.0,939.25,0.0048831568458993,21.0,31.4175,433.0,920.25,0.0048348048426512,9,False,True,False,False,False,False,False,1
21.2,31.29,433.0,939.0,0.0048750121118977,21.0,31.55,433.0,920.5,0.0048553542905412,9,False,True,False,False,False,False,False,1
21.2,31.29,433.0,938.0,0.0048750121118977,21.0,31.4175,429.5,934.5,0.0048348048426512,9,False,True,False,False,False,False,False,1
21.175,31.315,433.0,945.2,0.0048713981626417,21.0,31.4266666666667,433.0,928.666666666667,0.0048362264591877,9,False,True,False,False,False,False,False,1
21.2,31.34,433.0,950.0,0.0048828633139382,21.025,31.4175,433.0,924.75,0.0048422973916801,9,False,True,False,False,False,False,False,1
21.2,31.315,433.0,949.5,0.0048789376883353,21.0333333333333,31.5333333333333,433.0,924.666666666667,0.0048627991402564,9,False,True,False,False,False,False,False,1
21.2,31.3233333333333,433.0,948.333333333333,0.0048802462247401,21.075,31.4725,433.0,926.25,0.0048658830824798,9,False,True,False,False,False,False,False,1
21.2,31.39,433.0,946.0,0.0048907147126436,21.1,31.445,433.0,932.0,0.0048691281856073,9,False,True,False,False,False,False,False,1
21.2,31.39,433.0,947.333333333333,0.0048907147126436,21.1,31.445,433.0,923.5,0.0048691281856073,9,False,True,False,False,False,False,False,1
21.2,31.34,433.0,952.5,0.0048828633139382,21.1,31.445,433.0,925.75,0.0048691281856073,9,False,True,False,False,False,False,False,1
21.2,31.39,433.0,952.666666666667,0.0048907147126436,21.1,31.55,433.0,928.5,0.0048855147065794,10,False,True,False,False,False,False,False,1
21.2,31.365,433.0,958.75,0.0048867889887074,21.1,31.5,433.0,934.25,0.0048777114945118,10,False,True,False,False,False,False,False,1
21.2,31.34,433.0,961.0,0.0048828633139382,21.1,31.575,433.0,937.666666666667,0.004889416385463,10,False,True,False,False,False,False,False,1
21.2,31.3566666666667,433.0,957.0,0.004885480424988,21.1,31.39,433.0,946.75,0.0048605451117476,10,False,True,False,False,False,False,False,1
21.2,31.34,433.0,956.75,0.0048828633139382,21.1,31.39,433.0,940.0,0.0048605451117476,10,False,True,False,False,False,False,False,1
21.2225,31.3925,433.0,958.25,0.0048979187517789,21.1,31.39,433.0,936.5,0.0048605451117476,10,False,True,False,False,False,False,False,1
21.245,31.34,433.0,957.5,0.0048964714649942,21.1,31.39,433.0,940.333333333333,0.0048605451117476,10,False,True,False,False,False,False,False,1
21.23,31.3233333333333,433.0,957.0,0.0048893097095387,21.1,31.365,433.0,938.0,0.0048566437922368,10,False,True,False,False,False,False,False,1
21.2675,31.365,433.0,970.75,0.0049072303189954,21.1,31.39,433.0,937.0,0.0048605451117476,10,False,True,False,False,False,False,False,1
21.23,31.3233333333333,433.0,974.0,0.0048893097095387,21.1,31.4175,433.0,937.0,0.0048648366192975,10,False,True,False,False,False,False,False,1
21.245,31.365,433.0,974.75,0.0049004081658296,21.1,31.39,433.0,939.5,0.0048605451117476,10,False,True,False,False,False,False,False,1
21.2675,31.39,433.0,965.5,0.0049111725927957,21.1,31.39,433.0,941.0,0.0048605451117476,10,False,True,False,False,False,False,False,1
21.26,31.29,433.0,960.666666666667,0.0048931343379761,21.1,31.575,433.0,953.75,0.004889416385463,10,False,True,False,False,False,False,False,1
21.29,31.29,433.0,955.666666666667,0.0049022177460862,21.1,31.4266666666667,433.0,953.666666666667,0.0048662671348718,10,False,True,False,False,False,False,False,1
21.29,31.29,433.0,965.0,0.0049022177460862,21.1,31.4725,433.0,948.25,0.0048734198106783,10,False,True,False,False,False,False,False,1
21.29,31.245,433.0,960.5,0.0048951120922322,21.1,31.445,433.0,951.25,0.0048691281856073,10,False,True,False,False,False,False,False,1
21.29,31.23,433.0,953.333333333333,0.0048927435767427,21.15,31.39,433.0,950.5,0.0048756092983119,10,False,True,False,False,False,False,False,1
21.29,31.29,433.0,953.666666666667,0.0049022177460862,21.15,31.34,433.0,941.75,0.0048677823376593,10,False,True,False,False,False,False,False,1
21.2675,31.2675,433.0,964.0,0.0048918559249119,21.2,31.39,433.0,942.5,0.0048907147126436,10,False,True,False,False,False,False,False,1
21.29,31.29,433.0,966.5,0.0049022177460862,21.175,31.34,433.0,939.75,0.0048753176747134,10,False,True,False,False,False,False,False,1
21.29,31.29,433.0,959.0,0.0049022177460862,21.175,31.39,433.0,939.25,0.0048831568458993,10,False,True,False,False,False,False,False,1
21.245,31.245,433.0,960.0,0.0048815124527205,21.2,31.29,433.0,939.0,0.0048750121118977,10,False,True,False,False,False,False,False,1
21.29,31.29,429.5,957.75,0.0049022177460862,21.2,31.29,433.0,938.0,0.0048750121118977,10,False,True,False,False,False,False,False,1
21.29,31.29,433.0,960.0,0.0049022177460862,21.175,31.315,433.0,945.2,0.0048713981626417,10,False,True,False,False,False,False,False,1
21.29,31.39,429.5,960.5,0.0049180086647067,21.2,31.34,433.0,950.0,0.0048828633139382,10,False,True,False,False,False,False,False,1
21.2675,31.365,422.5,971.25,0.0049072303189954,21.2,31.315,433.0,949.5,0.0048789376883353,10,False,True,False,False,False,False,False,1
21.29,31.39,433.0,973.0,0.0049180086647067,21.2,31.3233333333333,433.0,948.333333333333,0.0048802462247401,10,False,True,False,False,False,False,False,1
21.2675,31.365,419.0,977.0,0.0049072303189954,21.2,31.39,433.0,946.0,0.0048907147126436,10,False,True,False,False,False,False,False,1
21.29,31.29,423.666666666667,976.666666666667,0.0049022177460862,21.2,31.39,433.0,947.333333333333,0.0048907147126436,10,False,True,False,False,False,False,False,1
21.29,31.29,428.333333333333,978.666666666667,0.0049022177460862,21.2,31.34,433.0,952.5,0.0048828633139382,10,False,True,False,False,False,False,False,1
21.29,31.29,433.0,977.0,0.0049022177460862,21.2,31.39,433.0,952.666666666667,0.0048907147126436,10,False,True,False,False,False,False,False,1
21.29,31.29,426.0,977.25,0.0049022177460862,21.2,31.365,433.0,958.75,0.0048867889887074,10,False,True,False,False,False,False,False,1
21.29,31.315,426.0,979.0,0.0049061654011638,21.2,31.34,433.0,961.0,0.0048828633139382,10,False,True,False,False,False,False,False,1
21.26,31.29,428.333333333333,982.0,0.0048931343379761,21.2,31.3566666666667,433.0,957.0,0.004885480424988,10,False,True,False,False,False,False,False,1
21.29,31.29,433.0,981.0,0.0049022177460862,21.2,31.34,433.0,956.75,0.0048828633139382,10,False,True,False,False,False,False,False,1
21.29,31.39,433.0,982.0,0.0049180086647067,21.2225,31.3925,433.0,958.25,0.0048979187517789,10,False,True,False,False,False,False,False,1
21.29,31.315,433.0,978.5,0.0049061654011638,21.245,31.34,433.0,957.5,0.0048964714649942,10,False,True,False,False,False,False,False,1
21.29,31.34,433.0,983.0,0.0049101131059591,21.23,31.3233333333333,433.0,957.0,0.0048893097095387,10,False,True,False,False,False,False,False,1
21.29,31.29,433.0,985.0,0.0049022177460862,21.2675,31.365,433.0,970.75,0.0049072303189954,10,False,True,False,False,False,False,False,1
21.29,31.34,433.0,981.666666666667,0.0049101131059591,21.23,31.3233333333333,433.0,974.0,0.0048893097095387,10,False,True,False,False,False,False,False,1
21.29,31.315,433.0,991.5,0.0049061654011638,21.245,31.365,433.0,974.75,0.0049004081658296,10,False,True,False,False,False,False,False,1
21.29,31.3233333333333,433.0,991.333333333333,0.004907481297238,21.2675,31.39,433.0,965.5,0.0049111725927957,10,False,True,False,False,False,False,False,1
21.29,31.39,433.0,990.0,0.0049180086647067,21.26,31.29,433.0,960.666666666667,0.0048931343379761,10,False,True,False,False,False,False,False,1
21.29,31.315,433.0,993.25,0.0049061654011638,21.29,31.29,433.0,955.666666666667,0.0049022177460862,10,False,True,False,False,False,False,False,1
21.29,31.29,433.0,986.75,0.0049022177460862,21.29,31.29,433.0,965.0,0.0049022177460862,10,False,True,False,False,False,False,False,1
21.29,31.29,433.0,984.0,0.0049022177460862,21.29,31.245,433.0,960.5,0.0048951120922322,10,False,True,False,False,False,False,False,1
21.29,31.29,433.0,983.0,0.0049022177460862,21.29,31.23,433.0,953.333333333333,0.0048927435767427,10,False,True,False,False,False,False,False,1
21.31,31.29,433.0,989.0,0.0049082816232732,21.29,31.29,433.0,953.666666666667,0.0049022177460862,10,False,True,False,False,False,False,False,1
21.3233333333333,31.3566666666667,442.5,986.0,0.0049228769601335,21.2675,31.2675,433.0,964.0,0.0048918559249119,10,False,True,False,False,False,False,False,1
21.365,31.39,433.5,989.75,0.0049408563182101,21.29,31.29,433.0,966.5,0.0049022177460862,10,False,True,False,False,False,False,False,1
21.39,31.4266666666667,429.0,993.0,0.0049543193882462,21.29,31.29,433.0,959.0,0.0049022177460862,10,False,True,False,False,False,False,False,1
21.315,31.5,433.5,999.0,0.0049430121618345,21.245,31.245,433.0,960.0,0.0048815124527205,10,False,True,False,False,False,False,False,1
21.29,31.5666666666667,435.0,1002.66666666667,0.0049459078984912,21.29,31.29,429.5,957.75,0.0049022177460862,10,False,True,False,False,False,False,False,1
21.365,31.6,438.0,1005.25,0.0049741751274266,21.29,31.29,433.0,960.0,0.0049022177460862,10,False,True,False,False,False,False,False,1
21.39,31.6,438.0,1002.5,0.0049818637278449,21.29,31.39,429.5,960.5,0.0049180086647067,10,False,True,False,False,False,False,False,1
21.3233333333333,31.6333333333333,441.0,1003.0,0.004966659403213,21.2675,31.365,422.5,971.25,0.0049072303189954,10,False,True,False,False,False,False,False,1
21.39,31.7,438.0,1007.0,0.0049977557939497,21.29,31.39,433.0,973.0,0.0049180086647067,10,False,True,False,False,False,False,False,1
21.39,31.7225,438.0,1008.0,0.0050013316198498,21.2675,31.365,419.0,977.0,0.0049072303189954,10,False,True,False,False,False,False,False,1
21.39,31.79,437.666666666667,1015.33333333333,0.0050120593422736,21.29,31.29,423.666666666667,976.666666666667,0.0049022177460862,10,False,True,False,False,False,False,False,1
21.39,31.79,433.0,1015.5,0.0050120593422736,21.29,31.29,428.333333333333,978.666666666667,0.0049022177460862,10,False,True,False,False,False,False,False,1
21.34,31.945,433.0,1014.0,0.0050211575620224,21.29,31.29,433.0,977.0,0.0049022177460862,10,False,True,False,False,False,False,False,1
21.39,31.945,440.0,1040.25,0.0050366947609126,21.29,31.29,426.0,977.25,0.0049022177460862,11,False,True,False,False,False,False,False,1
21.3566666666667,31.9633333333333,437.666666666667,1039.33333333333,0.0050292398677589,21.29,31.315,426.0,979.0,0.0049061654011638,11,False,True,False,False,False,False,False,1
21.39,32.0,433.0,1030.5,0.0050454368264129,21.26,31.29,428.333333333333,982.0,0.0048931343379761,11,False,True,False,False,False,False,False,1
21.39,32.03,433.0,1031.33333333333,0.00505020532852,21.29,31.29,433.0,981.0,0.0049022177460862,11,False,True,False,False,False,False,False,1
21.39,32.045,433.0,1043.5,0.005052589606771,21.29,31.39,433.0,982.0,0.0049180086647067,11,False,True,False,False,False,False,False,1
21.3566666666667,32.09,441.0,1046.66666666667,0.0050493319039788,21.29,31.315,433.0,978.5,0.0049061654011638,11,False,True,False,False,False,False,False,1
21.39,32.1175,438.0,1048.75,0.0050641138739304,21.29,31.34,433.0,983.0,0.0049101131059591,11,False,True,False,False,False,False,False,1
21.39,32.3333333333333,441.0,1046.0,0.0050984242574743,21.29,31.29,433.0,985.0,0.0049022177460862,11,False,True,False,False,False,False,False,1
21.39,32.2966666666667,441.0,1052.0,0.0050925952017031,21.29,31.34,433.0,981.666666666667,0.0049101131059591,11,False,True,False,False,False,False,False,1
21.39,32.2675,429.0,1059.25,0.0050879585301776,21.29,31.315,433.0,991.5,0.0049061654011638,11,False,True,False,False,False,False,False,1
21.39,32.44,425.25,1069.75,0.0051153821268095,21.29,31.3233333333333,433.0,991.333333333333,0.004907481297238,11,False,True,False,False,False,False,False,1
21.39,32.345,433.5,1079.5,0.0051002789797635,21.29,31.39,433.0,990.0,0.0049180086647067,11,False,True,False,False,False,False,False,1
21.39,32.29,441.0,1076.0,0.0050915353850236,21.29,31.315,433.0,993.25,0.0049061654011638,11,False,True,False,False,False,False,False,1
21.39,32.29,433.0,1075.0,0.0050915353850236,21.29,31.29,433.0,986.75,0.0049022177460862,11,False,True,False,False,False,False,False,1
21.39,32.475,430.75,1078.5,0.0051209466275281,21.29,31.29,433.0,984.0,0.0049022177460862,11,False,True,False,False,False,False,False,1
21.39,32.4,437.666666666667,1074.0,0.0051090228183322,21.29,31.29,433.0,983.0,0.0049022177460862,11,False,True,False,False,False,False,False,1
21.39,32.4,433.0,1079.5,0.0051090228183322,21.31,31.29,433.0,989.0,0.0049082816232732,11,False,True,False,False,False,False,False,1
21.39,32.45,433.0,1068.0,0.0051169719740812,21.3233333333333,31.3566666666667,442.5,986.0,0.0049228769601335,11,False,True,False,False,False,False,False,1
21.39,32.4333333333333,433.0,1072.66666666667,0.0051143222331067,21.365,31.39,433.5,989.75,0.0049408563182101,11,False,True,False,False,False,False,False,1
21.39,32.45,433.0,1084.25,0.0051169719740812,21.39,31.4266666666667,429.0,993.0,0.0049543193882462,11,False,True,False,False,False,False,False,1
21.39,32.45,433.0,1092.0,0.0051169719740812,21.315,31.5,433.5,999.0,0.0049430121618345,11,False,True,False,False,False,False,False,1
21.39,32.545,433.0,1090.0,0.0051320759252192,21.29,31.5666666666667,435.0,1002.66666666667,0.0049459078984912,11,False,True,False,False,False,False,False,1
21.4175,32.6725,433.0,1097.0,0.0051611099695114,21.365,31.6,438.0,1005.25,0.0049741751274266,11,False,True,False,False,False,False,False,1
21.4266666666667,32.56,433.0,1103.33333333333,0.0051461052613446,21.39,31.6,438.0,1002.5,0.0049818637278449,11,False,True,False,False,False,False,False,1
21.39,32.65,435.5,1105.0,0.0051487706124297,21.3233333333333,31.6333333333333,441.0,1003.0,0.004966659403213,11,False,True,False,False,False,False,False,1
21.39,32.7,441.0,1109.0,0.0051567207758932,21.39,31.7,438.0,1007.0,0.0049977557939497,11,False,True,False,False,False,False,False,1
21.39,32.59,438.0,1103.25,0.0051392306823296,21.39,31.7225,438.0,1008.0,0.0050013316198498,11,False,True,False,False,False,False,False,1
21.4175,32.545,438.0,1098.75,0.0051408029772183,21.39,31.79,437.666666666667,1015.33333333333,0.0050120593422736,11,False,True,False,False,False,False,False,1
21.4266666666667,32.5,441.0,1095.0,0.0051365439547829,21.39,31.79,433.0,1015.5,0.0050120593422736,11,False,True,False,False,False,False,False,1
21.4266666666667,32.4966666666667,441.0,1089.66666666667,0.0051360127796332,21.34,31.945,433.0,1014.0,0.0050211575620224,11,False,True,False,False,False,False,False,1
21.412,32.498,433.5,1083.25,0.0051315736991448,21.39,31.945,440.0,1040.25,0.0050366947609126,11,False,True,False,False,False,False,False,1
21.39,32.5,429.0,1084.33333333333,0.0051249213313578,21.3566666666667,31.9633333333333,437.666666666667,1039.33333333333,0.0050292398677589,11,False,True,False,False,False,False,False,1
21.4175,32.475,444.0,1083.75,0.0051296545994498,21.39,32.0,433.0,1030.5,0.0050454368264129,11,False,True,False,False,False,False,False,1
21.39,32.56,444.0,1082.66666666667,0.0051344608261169,21.39,32.03,433.0,1031.33333333333,0.00505020532852,11,False,True,False,False,False,False,False,1
21.39,32.475,429.0,1080.5,0.0051209466275281,21.39,32.045,433.0,1043.5,0.005052589606771,11,False,True,False,False,False,False,False,1
21.39,32.475,432.75,1081.0,0.0051209466275281,21.3566666666667,32.09,441.0,1046.66666666667,0.0050493319039788,11,False,True,False,False,False,False,False,1
21.39,32.5,434.0,1076.0,0.0051249213313578,21.39,32.1175,438.0,1048.75,0.0050641138739304,11,False,True,False,False,False,False,False,1
21.39,32.5225,444.0,1076.25,0.0051284986078827,21.39,32.3333333333333,441.0,1046.0,0.0050984242574743,11,False,True,False,False,False,False,False,1
21.4175,32.6175,444.0,1077.75,0.0051523499291956,21.39,32.2966666666667,441.0,1052.0,0.0050925952017031,11,False,True,False,False,False,False,False,1
21.4266666666667,32.56,444.0,1086.0,0.0051461052613446,21.39,32.2675,429.0,1059.25,0.0050879585301776,11,False,True,False,False,False,False,False,1
21.445,32.645,444.0,1088.5,0.0051654973835607,21.39,32.44,425.25,1069.75,0.0051153821268095,11,False,True,False,False,False,False,False,1
21.445,32.645,444.0,1092.5,0.0051654973835607,21.39,32.345,433.5,1079.5,0.0051002789797635,11,False,True,False,False,False,False,False,1
21.4266666666667,32.6266666666667,439.0,1099.66666666667,0.0051567292772408,21.39,32.29,441.0,1076.0,0.0050915353850236,11,False,True,False,False,False,False,False,1
21.5,32.7,429.0,1103.5,0.0051918771237193,21.39,32.29,433.0,1075.0,0.0050915353850236,11,False,True,False,False,False,False,False,1
21.5,32.6725,429.0,1108.0,0.0051874744516505,21.39,32.475,430.75,1078.5,0.0051209466275281,11,False,True,False,False,False,False,False,1
21.4725,32.6725,429.0,1115.0,0.0051786730976363,21.39,32.4,437.666666666667,1074.0,0.0051090228183322,11,False,True,False,False,False,False,False,1
21.5,32.6725,432.75,1119.0,0.0051874744516505,21.39,32.4,433.0,1079.5,0.0051090228183322,11,False,True,False,False,False,False,False,1
21.5,32.6633333333333,444.0,1128.33333333333,0.0051860069080299,21.39,32.45,433.0,1068.0,0.0051169719740812,11,False,True,False,False,False,False,False,1
21.5,32.7,444.0,1135.75,0.0051918771237193,21.39,32.4333333333333,433.0,1072.66666666667,0.0051143222331067,11,False,True,False,False,False,False,False,1
21.5,32.6725,444.0,1134.25,0.0051874744516505,21.39,32.45,433.0,1084.25,0.0051169719740812,11,False,True,False,False,False,False,False,1
21.5,32.645,460.0,1133.0,0.0051830718413919,21.39,32.45,433.0,1092.0,0.0051169719740812,11,False,True,False,False,False,False,False,1
21.5,32.6266666666667,454.666666666667,1131.66666666667,0.0051801368022244,21.39,32.545,433.0,1090.0,0.0051320759252192,11,False,True,False,False,False,False,False,1
21.525,32.7,444.0,1141.25,0.0051998966796797,21.4175,32.6725,433.0,1097.0,0.0051611099695114,11,False,True,False,False,False,False,False,1
21.525,32.6725,444.0,1153.66666666667,0.0051954871507552,21.4266666666667,32.56,433.0,1103.33333333333,0.0051461052613446,11,False,True,False,False,False,False,False,1
21.5,32.6633333333333,444.0,1158.0,0.0051860069080299,21.39,32.65,435.5,1105.0,0.0051487706124297,11,False,True,False,False,False,False,False,1
21.55,32.7,440.25,1173.0,0.0052079271806236,21.39,32.7,441.0,1109.0,0.0051567207758932,11,False,True,False,False,False,False,False,1
21.6,32.6725,429.0,1172.25,0.0052195909126096,21.39,32.59,438.0,1103.25,0.0051392306823296,11,False,True,False,False,False,False,False,1
21.6,32.7,429.0,1177.33333333333,0.0052240210693421,21.4175,32.545,438.0,1098.75,0.0051408029772183,11,False,True,False,False,False,False,False,1
21.575,32.6725,429.0,1178.25,0.0052115453682733,21.4266666666667,32.5,441.0,1095.0,0.0051365439547829,11,False,True,False,False,False,False,False,1
21.6,32.7,441.0,1181.66666666667,0.0052240210693421,21.4266666666667,32.4966666666667,441.0,1089.66666666667,0.0051360127796332,12,False,True,False,False,False,False,False,1
21.6,32.7,438.0,1194.0,0.0052240210693421,21.412,32.498,433.5,1083.25,0.0051315736991448,12,False,True,False,False,False,False,False,1
21.6,32.7,438.0,1207.0,0.0052240210693421,21.39,32.5,429.0,1084.33333333333,0.0051249213313578,12,False,True,False,False,False,False,False,1
21.6,32.7,441.0,1208.33333333333,0.0052240210693421,21.4175,32.475,444.0,1083.75,0.0051296545994498,12,False,True,False,False,False,False,False,1
21.6,32.7,438.0,1211.25,0.0052240210693421,21.39,32.56,444.0,1082.66666666667,0.0051344608261169,12,False,True,False,False,False,False,False,1
21.6,32.7225,438.0,1223.25,0.0052276457895811,21.39,32.475,429.0,1080.5,0.0051209466275281,12,False,True,False,False,False,False,False,1
21.6,32.7,438.0,1243.0,0.0052240210693421,21.39,32.475,432.75,1081.0,0.0051209466275281,12,False,True,False,False,False,False,False,1
21.6,32.7,441.0,1243.0,0.0052240210693421,21.39,32.5,434.0,1076.0,0.0051249213313578,12,False,True,False,False,False,False,False,1
21.6,32.7,429.0,1253.25,0.0052240210693421,21.39,32.5225,444.0,1076.25,0.0051284986078827,12,False,True,False,False,False,False,False,1
21.6,32.7,429.0,1263.5,0.0052240210693421,21.4175,32.6175,444.0,1077.75,0.0051523499291956,12,False,True,False,False,False,False,False,1
21.6333333333333,32.73,429.0,1266.66666666667,0.0052396177322092,21.4266666666667,32.56,444.0,1086.0,0.0051461052613446,12,False,True,False,False,False,False,False,1
21.6,32.7,433.5,1271.5,0.0052240210693421,21.445,32.645,444.0,1088.5,0.0051654973835607,12,False,True,False,False,False,False,False,1
21.6,32.745,438.0,1275.5,0.0052312705517149,21.445,32.645,444.0,1092.5,0.0051654973835607,12,False,True,False,False,False,False,False,1
21.625,32.7675,438.0,1302.0,0.0052429756945422,21.4266666666667,32.6266666666667,439.0,1099.66666666667,0.0051567292772408,12,False,True,False,False,False,False,False,1
21.6,32.73,441.0,1318.33333333333,0.0052288540389707,21.5,32.7,429.0,1103.5,0.0051918771237193,12,False,True,False,False,False,False,False,1
21.62,32.772,433.5,1342.75,0.0052420846139749,21.5,32.6725,429.0,1108.0,0.0051874744516505,12,False,True,False,False,False,False,False,1
21.6666666666667,32.76,440.25,1377.75,0.0052552541287378,21.4725,32.6725,429.0,1115.0,0.0051786730976363,12,False,True,False,False,False,False,False,1
21.675,32.7675,452.0,1445.0,0.0052591694465241,21.5,32.6725,432.75,1119.0,0.0051874744516505,12,False,True,False,False,False,False,False,1
21.6666666666667,32.76,446.0,1506.0,0.0052552541287378,21.5,32.6633333333333,444.0,1128.33333333333,0.0051860069080299,12,False,True,False,False,False,False,False,1
21.675,32.7225,450.25,1382.25,0.0052518859828178,21.5,32.7,444.0,1135.75,0.0051918771237193,12,False,True,False,False,False,False,False,1
21.6333333333333,32.73,454.0,1303.33333333333,0.0052396177322092,21.5,32.6725,444.0,1134.25,0.0051874744516505,12,False,True,False,False,False,False,False,1
21.7,32.79,454.0,1283.0,0.0052709303465931,21.5,32.645,460.0,1133.0,0.0051830718413919,12,False,True,False,False,False,False,False,1
21.675,32.745,454.0,1279.5,0.0052555276935277,21.5,32.6266666666667,454.666666666667,1131.66666666667,0.0051801368022244,12,False,True,False,False,False,False,False,1
21.6666666666667,32.76,454.0,1279.66666666667,0.0052552541287378,21.525,32.7,444.0,1141.25,0.0051998966796797,12,False,True,False,False,False,False,False,1
21.7,32.73,464.0,1286.33333333333,0.0052612038787908,21.525,32.6725,444.0,1153.66666666667,0.0051954871507552,12,False,True,False,False,False,False,False,1
21.7,33.07,454.0,1254.0,0.0053163245183373,21.5,32.6633333333333,444.0,1158.0,0.0051860069080299,12,False,True,False,False,False,False,False,1
21.7,33.145,454.0,1249.5,0.0053284847871306,21.55,32.7,440.25,1173.0,0.0052079271806236,12,False,True,False,False,False,False,False,1
21.7,33.0675,454.0,1254.5,0.0053159191841633,21.6,32.6725,429.0,1172.25,0.0052195909126096,12,False,True,False,False,False,False,False,1
21.7,32.9333333333333,454.0,1235.66666666667,0.005294167018498,21.6,32.7,429.0,1177.33333333333,0.0052240210693421,12,False,True,False,False,False,False,False,1
21.7,33.03,454.0,1214.66666666667,0.0053098392344099,21.575,32.6725,429.0,1178.25,0.0052115453682733,12,False,True,False,False,False,False,False,1
21.675,33.0675,442.75,1205.5,0.0053077301942094,21.6,32.7,441.0,1181.66666666667,0.0052240210693421,12,False,True,False,False,False,False,False,1
21.6666666666667,32.9666666666667,446.0,1209.33333333333,0.005288688821409,21.6,32.7,438.0,1194.0,0.0052240210693421,12,False,True,False,False,False,False,False,1
21.7,32.95,444.25,1209.0,0.0052968690688213,21.6,32.7,438.0,1207.0,0.0052240210693421,12,False,True,False,False,False,False,False,1
21.7,32.9,449.5,1207.5,0.0052887629876843,21.6,32.7,441.0,1208.33333333333,0.0052240210693421,12,False,True,False,False,False,False,False,1
21.7,32.95,444.25,1199.25,0.0052968690688213,21.6,32.7,438.0,1211.25,0.0052240210693421,12,False,True,False,False,False,False,False,1
21.7,32.8266666666667,439.0,1197.5,0.0052768744476339,21.6,32.7225,438.0,1223.25,0.0052276457895811,12,False,True,False,False,False,False,False,1
21.7,32.925,442.0,1189.2,0.0052928160020655,21.6,32.7,438.0,1243.0,0.0052240210693421,12,False,True,False,False,False,False,False,1
21.6666666666667,32.9333333333333,454.0,1190.66666666667,0.0052832958879597,21.6,32.7,441.0,1243.0,0.0052240210693421,12,False,True,False,False,False,False,False,1
21.7,32.925,454.0,1187.5,0.0052928160020655,21.6,32.7,429.0,1253.25,0.0052240210693421,12,False,True,False,False,False,False,False,1
21.7,32.95,454.0,1177.25,0.0052968690688213,21.6,32.7,429.0,1263.5,0.0052240210693421,12,False,True,False,False,False,False,False,1
21.675,32.8175,464.0,1164.25,0.0052672623823602,21.6333333333333,32.73,429.0,1266.66666666667,0.0052396177322092,12,False,True,False,False,False,False,False,1
21.7,32.95,459.0,1157.0,0.0052968690688213,21.6,32.7,433.5,1271.5,0.0052240210693421,12,False,True,False,False,False,False,False,1
21.7,33.0,455.666666666667,1160.33333333333,0.0053049753594612,21.6,32.745,438.0,1275.5,0.0052312705517149,12,False,True,False,False,False,False,False,1
21.675,32.845,464.0,1164.5,0.005271713586085,21.625,32.7675,438.0,1302.0,0.0052429756945422,12,False,True,False,False,False,False,False,1
21.7,32.925,460.25,1170.0,0.0052928160020655,21.6,32.73,441.0,1318.33333333333,0.0052288540389707,12,False,True,False,False,False,False,False,1
21.7,32.79,464.0,1159.5,0.0052709303465931,21.62,32.772,433.5,1342.75,0.0052420846139749,12,False,True,False,False,False,False,False,1
21.7,32.9666666666667,464.0,1153.66666666667,0.0052995711424228,21.6666666666667,32.76,440.25,1377.75,0.0052552541287378,12,False,True,False,False,False,False,False,1
21.7,32.845,454.0,1150.25,0.0052798465403998,21.675,32.7675,452.0,1445.0,0.0052591694465241,12,False,True,False,False,False,False,False,1
21.7,32.9666666666667,469.0,1150.0,0.0052995711424228,21.6666666666667,32.76,446.0,1506.0,0.0052552541287378,12,False,True,False,False,False,False,False,1
21.7,32.845,459.0,1149.75,0.0052798465403998,21.675,32.7225,450.25,1382.25,0.0052518859828178,12,False,True,False,False,False,False,False,1
21.7,32.845,454.0,1154.25,0.0052798465403998,21.6333333333333,32.73,454.0,1303.33333333333,0.0052396177322092,12,False,True,False,False,False,False,False,1
21.7,32.79,464.0,1155.0,0.0052709303465931,21.7,32.79,454.0,1283.0,0.0052709303465931,12,False,True,False,False,False,False,False,1
21.7,32.8633333333333,464.0,1156.66666666667,0.0052828186613299,21.675,32.745,454.0,1279.5,0.0052555276935277,12,False,True,False,False,False,False,False,1
21.7,32.975,471.5,1152.0,0.0053009221879529,21.6666666666667,32.76,454.0,1279.66666666667,0.0052552541287378,12,False,True,False,False,False,False,False,1
21.7,32.975,479.0,1155.0,0.0053009221879529,21.7,32.73,464.0,1286.33333333333,0.0052612038787908,12,False,True,False,False,False,False,False,1
21.7,32.95,469.0,1147.0,0.0052968690688213,21.7,33.07,454.0,1254.0,0.0053163245183373,12,False,True,False,False,False,False,False,1
21.7,33.0,474.0,1142.0,0.0053049753594612,21.7,33.145,454.0,1249.5,0.0053284847871306,12,False,True,False,False,False,False,False,1
21.7,32.79,474.0,1144.2,0.0052709303465931,21.7,33.0675,454.0,1254.5,0.0053159191841633,12,False,True,False,False,False,False,False,1
21.73,32.8266666666667,464.0,1153.33333333333,0.0052866430800771,21.7,32.9333333333333,454.0,1235.66666666667,0.005294167018498,12,False,True,False,False,False,False,False,1
21.73,32.76,464.0,1151.33333333333,0.0052758155323828,21.7,33.03,454.0,1214.66666666667,0.0053098392344099,12,False,True,False,False,False,False,False,1
21.7225,32.795,456.5,1140.75,0.0052790586904482,21.675,33.0675,442.75,1205.5,0.0053077301942094,13,False,True,False,False,False,False,False,1
21.7,32.895,37.0,1143.0,0.005287952391093,21.6666666666667,32.9666666666667,446.0,1209.33333333333,0.005288688821409,13,False,True,False,False,False,False,False,1
21.7,33.095,33.5,1164.5,0.0053203778888864,21.7,32.95,444.25,1209.0,0.0052968690688213,13,False,True,False,False,False,False,False,0
21.7,33.1175,19.0,1165.5,0.0053240259671669,21.7,32.9,449.5,1207.5,0.0052887629876843,13,False,True,False,False,False,False,False,0
21.7,33.09,37.0,1165.5,0.0053195672105861,21.7,32.95,444.25,1199.25,0.0052968690688213,13,False,True,False,False,False,False,False,0
21.7,33.09,37.0,1166.5,0.0053195672105861,21.7,32.8266666666667,439.0,1197.5,0.0052768744476339,13,False,True,False,False,False,False,False,0
21.7,33.09,37.0,1156.0,0.0053195672105861,21.7,32.925,442.0,1189.2,0.0052928160020655,13,False,True,False,False,False,False,False,0
21.7,33.09,28.0,1153.5,0.0053195672105861,21.6666666666667,32.9333333333333,454.0,1190.66666666667,0.0052832958879597,13,False,True,False,False,False,False,False,0
21.7,33.09,33.5,1152.0,0.0053195672105861,21.7,32.925,454.0,1187.5,0.0052928160020655,13,False,True,False,False,False,False,False,0
21.7,33.09,33.5,1142.25,0.0053195672105861,21.7,32.95,454.0,1177.25,0.0052968690688213,13,False,True,False,False,False,False,False,0
21.7,33.09,38.3333333333333,1142.0,0.0053195672105861,21.675,32.8175,464.0,1164.25,0.0052672623823602,13,False,True,False,False,False,False,False,0
21.7,33.09,38.3333333333333,1138.0,0.0053195672105861,21.7,32.95,459.0,1157.0,0.0052968690688213,13,False,True,False,False,False,False,False,0
21.7,33.09,33.5,1136.5,0.0053195672105861,21.7,33.0,455.666666666667,1160.33333333333,0.0053049753594612,13,False,True,False,False,False,False,False,0
21.7,33.09,26.25,1136.5,0.0053195672105861,21.675,32.845,464.0,1164.5,0.005271713586085,13,False,True,False,False,False,False,False,0
21.7,33.09,31.0,1134.33333333333,0.0053195672105861,21.7,32.925,460.25,1170.0,0.0052928160020655,13,False,True,False,False,False,False,False,0
21.7,33.09,43.25,1134.33333333333,0.0053195672105861,21.7,32.79,464.0,1159.5,0.0052709303465931,13,False,True,False,False,False,False,False,0
21.7,33.09,42.25,1136.8,0.0053195672105861,21.7,32.9666666666667,464.0,1153.66666666667,0.0052995711424228,13,False,True,False,False,False,False,False,0
21.65,33.045,44.0,1126.5,0.0052959156979856,21.7,32.845,454.0,1150.25,0.0052798465403998,13,False,True,False,False,False,False,False,0
21.7,33.09,44.0,1119.5,0.0053195672105861,21.7,32.9666666666667,469.0,1150.0,0.0052995711424228,13,False,True,False,False,False,False,False,0
21.6333333333333,33.03,44.0,1115.0,0.005288051860015,21.7,32.845,459.0,1149.75,0.0052798465403998,13,False,True,False,False,False,False,False,0
21.7,33.09,40.5,1116.25,0.0053195672105861,21.7,32.845,454.0,1154.25,0.0052798465403998,13,False,True,False,False,False,False,False,0
21.7,33.0,40.5,1106.0,0.0053049753594612,21.7,32.79,464.0,1155.0,0.0052709303465931,13,False,True,False,False,False,False,False,0
21.65,33.0225,55.0,1105.25,0.0052922790825094,21.7,32.8633333333333,464.0,1156.66666666667,0.0052828186613299,13,False,True,False,False,False,False,False,0
21.7,33.06,37.0,1114.33333333333,0.0053147031847843,21.7,32.975,471.5,1152.0,0.0053009221879529,13,False,True,False,False,False,False,False,0
21.675,33.0675,37.0,1112.0,0.0053077301942094,21.7,32.975,479.0,1155.0,0.0053009221879529,13,False,True,False,False,False,False,False,0
21.65,33.045,37.0,1113.5,0.0052959156979856,21.7,32.95,469.0,1147.0,0.0052968690688213,13,False,True,False,False,False,False,False,0
21.675,33.0675,101.0,1117.5,0.0053077301942094,21.7,33.0,474.0,1142.0,0.0053049753594612,13,False,True,False,False,False,False,False,0
21.6333333333333,33.1633333333333,332.666666666667,1129.33333333333,0.0053095805400981,21.7,32.79,474.0,1144.2,0.0052709303465931,13,False,True,False,False,False,False,False,0
21.675,33.19,431.0,1139.5,0.005327561328191,21.73,32.8266666666667,464.0,1153.33333333333,0.0052866430800771,13,False,True,False,False,False,False,False,0
21.65,33.2,454.0,1139.0,0.005320969083728,21.73,32.76,464.0,1151.33333333333,0.0052758155323828,13,False,True,False,False,False,False,False,0
21.7,33.145,454.0,1132.75,0.0053284847871306,21.7225,32.795,456.5,1140.75,0.0052790586904482,13,False,True,False,False,False,False,False,1
21.7,33.2225,454.0,1130.0,0.0053410508935046,21.7,32.895,37.0,1143.0,0.005287952391093,13,False,True,False,False,False,False,False,1
21.6666666666667,33.23,459.0,1128.33333333333,0.0053312962557742,21.7,33.095,33.5,1164.5,0.0053203778888864,13,False,True,False,False,False,False,False,1
21.675,33.2975,459.0,1125.0,0.0053449651930295,21.7,33.1175,19.0,1165.5,0.0053240259671669,13,False,True,False,False,False,False,False,1
21.7,33.545,464.0,1130.75,0.0053933475170102,21.7,33.09,37.0,1165.5,0.0053195672105861,13,False,True,False,False,False,False,False,1
21.65,33.6175,470.5,1146.25,0.0053884615462749,21.7,33.09,37.0,1166.5,0.0053195672105861,13,False,True,False,False,False,False,False,1
21.7,33.645,462.75,1152.5,0.0054095652953131,21.7,33.09,37.0,1156.0,0.0053195672105861,13,False,True,False,False,False,False,False,1
21.7,33.69,464.0,1158.0,0.0054168635690942,21.7,33.09,28.0,1153.5,0.0053195672105861,13,False,True,False,False,False,False,False,1
21.7,33.79,469.0,1153.0,0.0054330825631901,21.7,33.09,33.5,1152.0,0.0053195672105861,13,False,True,False,False,False,False,False,1
21.7,33.79,457.75,1156.75,0.0054330825631901,21.7,33.09,33.5,1142.25,0.0053195672105861,13,False,True,False,False,False,False,False,1
21.7,33.745,454.0,1154.5,0.0054257839120793,21.7,33.09,38.3333333333333,1142.0,0.0053195672105861,13,False,True,False,False,False,False,False,1
21.7,33.8266666666667,454.0,1153.66666666667,0.0054390297377937,21.7,33.09,38.3333333333333,1138.0,0.0053195672105861,13,False,True,False,False,False,False,False,1
21.7,33.8175,457.75,1154.5,0.0054375429335733,21.7,33.09,33.5,1136.5,0.0053195672105861,13,False,True,False,False,False,False,False,1
21.7,33.9,454.0,1167.0,0.005450924425232,21.7,33.09,26.25,1136.5,0.0053195672105861,13,False,True,False,False,False,False,False,1
21.73,33.86,449.0,1170.0,0.0054545178809664,21.7,33.09,31.0,1134.33333333333,0.0053195672105861,13,False,True,False,False,False,False,False,1
21.7225,33.8725,449.5,1168.0,0.0054540263005142,21.7,33.09,43.25,1134.33333333333,0.0053195672105861,13,False,True,False,False,False,False,False,1
21.7675,33.8975,448.0,1169.25,0.0054732511391027,21.7,33.09,42.25,1136.8,0.0053195672105861,13,False,True,False,False,False,False,False,1
21.736,33.98,444.0,1170.0,0.0054760444050842,21.65,33.045,44.0,1126.5,0.0052959156979856,13,False,True,False,False,False,False,False,1
21.79,33.95,444.0,1170.5,0.0054894107298643,21.7,33.09,44.0,1119.5,0.0053195672105861,13,False,True,False,False,False,False,False,1
21.7675,33.925,444.0,1173.0,0.0054777305235005,21.6333333333333,33.03,44.0,1115.0,0.005288051860015,13,False,True,False,False,False,False,False,1
21.7675,33.95,444.0,1176.0,0.005481802746633,21.7,33.09,40.5,1116.25,0.0053195672105861,13,False,True,False,False,False,False,False,1
21.79,33.95,444.0,1178.0,0.0054894107298643,21.7,33.0,40.5,1106.0,0.0053049753594612,13,False,True,False,False,False,False,False,1
21.7675,33.95,444.0,1175.0,0.005481802746633,21.65,33.0225,55.0,1105.25,0.0052922790825094,13,False,True,False,False,False,False,False,1
21.76,34.0,444.0,1174.66666666667,0.0054874096317226,21.7,33.06,37.0,1114.33333333333,0.0053147031847843,13,False,True,False,False,False,False,False,1
21.7675,33.975,444.0,1174.0,0.0054858750226218,21.675,33.0675,37.0,1112.0,0.0053077301942094,13,False,True,False,False,False,False,False,1
21.79,33.9333333333333,444.0,1174.0,0.0054866921078282,21.65,33.045,37.0,1113.5,0.0052959156979856,13,False,True,False,False,False,False,False,1
21.79,33.9,444.0,1183.75,0.0054812549344265,21.675,33.0675,101.0,1117.5,0.0053077301942094,13,False,True,False,False,False,False,False,1
21.79,33.845,440.25,1185.5,0.0054722838043129,21.6333333333333,33.1633333333333,332.666666666667,1129.33333333333,0.0053095805400981,13,False,True,False,False,False,False,False,1
21.79,33.9333333333333,434.0,1187.66666666667,0.0054866921078282,21.675,33.19,431.0,1139.5,0.005327561328191,13,False,True,False,False,False,False,False,1
21.79,34.0,429.0,1188.0,0.0054975667373176,21.65,33.2,454.0,1139.0,0.005320969083728,13,False,True,False,False,False,False,False,1
21.79,33.925,429.0,1191.75,0.005485332805644,21.7,33.145,454.0,1132.75,0.0053284847871306,13,False,True,False,False,False,False,False,1
21.79,34.0,441.0,1201.0,0.0054975667373176,21.7,33.2225,454.0,1130.0,0.0053410508935046,14,False,True,False,False,False,False,False,1
21.79,33.925,436.2,1200.6,0.005485332805644,21.6666666666667,33.23,459.0,1128.33333333333,0.0053312962557742,14,False,True,False,False,False,False,False,1
21.79,34.0,435.0,1203.0,0.0054975667373176,21.675,33.2975,459.0,1125.0,0.0053449651930295,14,False,True,False,False,False,False,False,1
21.79,33.925,433.5,1205.5,0.005485332805644,21.7,33.545,464.0,1130.75,0.0053933475170102,14,False,True,False,False,False,False,False,1
21.79,33.9666666666667,429.0,1203.0,0.0054921293754577,21.65,33.6175,470.5,1146.25,0.0053884615462749,14,False,True,False,False,False,False,False,1
21.79,33.95,429.0,1212.5,0.0054894107298643,21.7,33.645,462.75,1152.5,0.0054095652953131,14,False,True,False,False,False,False,False,1
21.79,34.0,444.0,1222.0,0.0054975667373176,21.7,33.69,464.0,1158.0,0.0054168635690942,14,False,True,False,False,False,False,False,1
21.79,34.0,444.0,1226.0,0.0054975667373176,21.7,33.79,469.0,1153.0,0.0054330825631901,14,False,True,False,False,False,False,False,1
21.79,34.0,444.0,1234.0,0.0054975667373176,21.7,33.79,457.75,1156.75,0.0054330825631901,14,False,True,False,False,False,False,False,1
21.79,34.0,444.0,1223.25,0.0054975667373176,21.7,33.745,454.0,1154.5,0.0054257839120793,14,False,True,False,False,False,False,False,1
21.79,34.0,447.666666666667,1229.0,0.0054975667373176,21.7,33.8266666666667,454.0,1153.66666666667,0.0054390297377937,14,False,True,False,False,False,False,False,1
21.84,34.3175,446.5,1233.5,0.0055664890416357,21.7,33.8175,457.75,1154.5,0.0054375429335733,14,False,True,False,False,False,False,False,1
21.84,34.475,452.75,1257.25,0.0055922661069881,21.7,33.9,454.0,1167.0,0.005450924425232,14,False,True,False,False,False,False,False,1
21.89,34.4,449.0,1263.5,0.0055972065052102,21.73,33.86,449.0,1170.0,0.0054545178809664,14,False,True,False,False,False,False,False,1
21.89,34.2675,464.0,1252.75,0.0055754542479806,21.7225,33.8725,449.5,1168.0,0.0054540263005142,14,False,True,False,False,False,False,False,1
21.89,34.29,469.0,1255.5,0.0055791479212247,21.7675,33.8975,448.0,1169.25,0.0054732511391027,14,False,True,False,False,False,False,False,1
21.89,34.52,469.0,1265.0,0.0056169079639706,21.736,33.98,444.0,1170.0,0.0054760444050842,14,False,True,False,False,False,False,False,1
21.89,34.59,472.333333333333,1269.0,0.0056284010528133,21.79,33.95,444.0,1170.5,0.0054894107298643,14,False,True,False,False,False,False,False,1
21.89,34.5675,479.0,1277.0,0.0056247067997807,21.7675,33.925,444.0,1173.0,0.0054777305235005,14,False,True,False,False,False,False,False,1
21.89,34.3966666666667,479.0,1285.5,0.0055966592601231,21.7675,33.95,444.0,1176.0,0.005481802746633,14,False,True,False,False,False,False,False,1
21.89,34.53,479.0,1283.0,0.0056185498080345,21.79,33.95,444.0,1178.0,0.0054894107298643,14,False,True,False,False,False,False,False,1
21.945,34.5675,469.0,1285.75,0.0056437921758978,21.7675,33.95,444.0,1175.0,0.005481802746633,14,False,True,False,False,False,False,False,1
21.89,34.59,472.333333333333,1297.0,0.0056284010528133,21.76,34.0,444.0,1174.66666666667,0.0054874096317226,14,False,True,False,False,False,False,False,1
21.945,34.5,464.0,1294.25,0.0056326717358602,21.7675,33.975,444.0,1174.0,0.0054858750226218,14,False,True,False,False,False,False,False,1
21.945,34.545,474.0,1286.0,0.0056400853187671,21.79,33.9333333333333,444.0,1174.0,0.0054866921078282,14,False,True,False,False,False,False,False,1
22.0,34.545,469.0,1296.0,0.0056592152507279,21.79,33.9,444.0,1183.75,0.0054812549344265,14,False,True,False,False,False,False,False,1
22.0,34.59,479.0,1306.33333333333,0.0056666543816452,21.79,33.845,440.25,1185.5,0.0054722838043129,14,False,True,False,False,False,False,False,1
22.025,34.595,464.0,1317.25,0.0056762081799209,21.79,33.9333333333333,434.0,1187.66666666667,0.0054866921078282,14,False,True,False,False,False,False,False,1
22.0,34.4975,449.0,1318.75,0.005651363026062,21.79,34.0,429.0,1188.0,0.0054975667373176,14,False,True,False,False,False,False,False,1
22.0,34.59,459.0,1316.5,0.0056666543816452,21.79,33.925,429.0,1191.75,0.005485332805644,14,False,True,False,False,False,False,False,1
22.0,34.59,454.0,1320.0,0.0056666543816452,21.79,34.0,441.0,1201.0,0.0054975667373176,14,False,True,False,False,False,False,False,1
22.025,34.52,454.0,1317.25,0.0056637904292929,21.79,33.925,436.2,1200.6,0.005485332805644,14,False,True,False,False,False,False,False,1
22.025,34.5,454.0,1322.5,0.0056604791121065,21.79,34.0,435.0,1203.0,0.0054975667373176,14,False,True,False,False,False,False,False,1
22.0,34.4966666666667,449.0,1320.33333333333,0.0056512252694882,21.79,33.925,433.5,1205.5,0.005485332805644,14,False,True,False,False,False,False,False,1
22.05,34.545,454.0,1322.5,0.0056766558628319,21.79,33.9666666666667,429.0,1203.0,0.0054921293754577,14,False,True,False,False,False,False,False,1
22.0666666666667,34.53,454.0,1319.33333333333,0.0056799899955343,21.79,33.95,429.0,1212.5,0.0054894107298643,14,False,True,False,False,False,False,False,1
22.1,34.545,454.0,1321.75,0.0056941439861103,21.79,34.0,444.0,1222.0,0.0054975667373176,14,False,True,False,False,False,False,False,1
22.1,34.4,454.0,1321.0,0.0056700253772434,21.79,34.0,444.0,1226.0,0.0054975667373176,14,False,True,False,False,False,False,False,1
22.1,34.5266666666667,459.0,1329.0,0.0056910944044663,21.79,34.0,444.0,1234.0,0.0054975667373176,14,False,True,False,False,False,False,False,1
22.1,34.5225,459.0,1334.5,0.0056904013218616,21.79,34.0,444.0,1223.25,0.0054975667373176,14,False,True,False,False,False,False,False,1
22.1,34.545,449.0,1340.25,0.0056941439861103,21.79,34.0,447.666666666667,1229.0,0.0054975667373176,14,False,True,False,False,False,False,False,1
22.1,34.5225,459.0,1345.25,0.0056904013218616,21.84,34.3175,446.5,1233.5,0.0055664890416357,14,False,True,False,False,False,False,False,1
22.1,34.45,459.0,1357.0,0.005678341929549,21.84,34.475,452.75,1257.25,0.0055922661069881,14,False,True,False,False,False,False,False,1
22.1,34.45,459.0,1348.25,0.005678341929549,21.89,34.4,449.0,1263.5,0.0055972065052102,14,False,True,False,False,False,False,False,1
22.1,34.5,459.0,1344.0,0.0056866587022443,21.89,34.2675,464.0,1252.75,0.0055754542479806,14,False,True,False,False,False,False,False,1
22.1,34.5,456.5,1354.0,0.0056866587022443,21.89,34.29,469.0,1255.5,0.0055791479212247,14,False,True,False,False,False,False,False,1
22.1,34.545,444.0,1353.5,0.0056941439861103,21.89,34.52,469.0,1265.0,0.0056169079639706,14,False,True,False,False,False,False,False,1
22.1,34.45,454.0,1338.0,0.005678341929549,21.89,34.59,472.333333333333,1269.0,0.0056284010528133,14,False,True,False,False,False,False,False,1
22.1,34.4666666666667,457.333333333333,1336.0,0.005681114162626,21.89,34.5675,479.0,1277.0,0.0056247067997807,14,False,True,False,False,False,False,False,1
22.1,34.3975,454.0,1337.5,0.0056696095554131,21.89,34.3966666666667,479.0,1285.5,0.0055966592601231,14,False,True,False,False,False,False,False,1
22.1,34.4333333333333,459.0,1342.33333333333,0.0056755697209599,21.89,34.53,479.0,1283.0,0.0056185498080345,14,False,True,False,False,False,False,False,1
22.1,34.3225,449.0,1340.5,0.0056571351566939,21.945,34.5675,469.0,1285.75,0.0056437921758978,14,False,True,False,False,False,False,False,1
22.125,34.425,459.0,1339.5,0.0056829145470899,21.89,34.59,472.333333333333,1297.0,0.0056284010528133,14,False,True,False,False,False,False,False,1
22.1,34.4,459.0,1342.0,0.0056700253772434,21.945,34.5,464.0,1294.25,0.0056326717358602,14,False,True,False,False,False,False,False,1
22.125,34.475,456.5,1361.0,0.0056912441225506,21.945,34.545,474.0,1286.0,0.0056400853187671,14,False,True,False,False,False,False,False,1
22.1666666666667,34.4,454.0,1364.66666666667,0.0056933169976444,22.0,34.545,469.0,1296.0,0.0056592152507279,14,False,True,False,False,False,False,False,1
22.1666666666667,34.4333333333333,444.0,1366.33333333333,0.0056988843234868,22.0,34.59,479.0,1306.33333333333,0.0056666543816452,14,False,True,False,False,False,False,False,1
22.18,34.48,444.25,1366.5,0.0057113582647008,22.025,34.595,464.0,1317.25,0.0056762081799209,14,False,True,False,False,False,False,False,1
22.1666666666667,34.4666666666667,449.5,1368.75,0.0057044517480888,22.0,34.4975,449.0,1318.75,0.005651363026062,14,False,True,False,False,False,False,False,1
22.2,34.4333333333333,447.666666666667,1381.33333333333,0.0057105733505463,22.0,34.59,459.0,1316.5,0.0056666543816452,15,False,True,False,False,False,False,False,1
22.175,34.45,449.5,1379.75,0.0057045897344117,22.0,34.59,454.0,1320.0,0.0056666543816452,15,False,True,False,False,False,False,False,1
22.1666666666667,34.5,453.0,1386.66666666667,0.0057100192714531,22.025,34.52,454.0,1317.25,0.0056637904292929,15,False,True,False,False,False,False,False,1
22.175,34.425,444.0,1389.25,0.0057004120346292,22.025,34.5,454.0,1322.5,0.0056604791121065,15,False,True,False,False,False,False,False,1
22.175,34.45,444.0,1388.25,0.0057045897344117,22.0,34.4966666666667,449.0,1320.33333333333,0.0056512252694882,15,False,True,False,False,False,False,False,1
22.2,34.4666666666667,439.0,1391.0,0.0057161522985282,22.05,34.545,454.0,1322.5,0.0056766558628319,15,False,True,False,False,False,False,False,1
22.2,34.5,429.0,1393.5,0.0057217313456798,22.0666666666667,34.53,454.0,1319.33333333333,0.0056799899955343,15,False,True,False,False,False,False,False,1
22.2,34.5,436.5,1396.25,0.0057217313456798,22.1,34.545,454.0,1321.75,0.0056941439861103,15,False,True,False,False,False,False,False,1
22.2,34.5,444.0,1397.0,0.0057217313456798,22.1,34.4,454.0,1321.0,0.0056700253772434,15,False,True,False,False,False,False,False,1
22.2,34.5,444.0,1408.5,0.0057217313456798,22.1,34.5266666666667,459.0,1329.0,0.0056910944044663,15,False,True,False,False,False,False,False,1
22.2,34.47,441.75,1417.25,0.0057167101987807,22.1,34.5225,459.0,1334.5,0.0056904013218616,15,False,True,False,False,False,False,False,1
22.2,34.245,449.5,1425.5,0.0056790541573488,22.1,34.545,449.0,1340.25,0.0056941439861103,15,False,True,False,False,False,False,False,1
22.2,34.1566666666667,453.0,1431.66666666667,0.005664271909401,22.1,34.5225,459.0,1345.25,0.0056904013218616,15,False,True,False,False,False,False,False,1
22.2,34.2725,449.5,1409.5,0.0056836563200624,22.1,34.45,459.0,1357.0,0.005678341929549,15,False,True,False,False,False,False,False,1
22.2,34.2175,449.5,1409.75,0.0056744520621206,22.1,34.45,459.0,1348.25,0.005678341929549,15,False,True,False,False,False,False,False,1
22.2,34.29,444.0,1401.5,0.0056865850041996,22.1,34.5,459.0,1344.0,0.0056866587022443,15,False,True,False,False,False,False,False,1
22.2,34.4,444.0,1410.0,0.0057049945017314,22.1,34.5,456.5,1354.0,0.0056866587022443,15,False,True,False,False,False,False,False,1
22.2,34.4,444.0,1405.75,0.0057049945017314,22.1,34.545,444.0,1353.5,0.0056941439861103,15,False,True,False,False,False,False,False,1
22.125,34.1725,444.0,1401.25,0.0056408535679066,22.1,34.45,454.0,1338.0,0.005678341929549,15,False,True,False,False,False,False,False,1
22.175,34.0225,452.0,1393.0,0.0056331587222392,22.1,34.4666666666667,457.333333333333,1336.0,0.005681114162626,15,False,True,False,False,False,False,False,1
22.125,34.1175,442.75,1386.5,0.0056316925181087,22.1,34.3975,454.0,1337.5,0.0056696095554131,15,False,True,False,False,False,False,False,1
22.1333333333333,34.26,444.0,1391.66666666667,0.0056583272464306,22.1,34.4333333333333,459.0,1342.33333333333,0.0056755697209599,15,False,True,False,False,False,False,False,1
22.1333333333333,34.1566666666667,444.0,1399.0,0.0056411060969709,22.1,34.3225,449.0,1340.5,0.0056571351566939,15,False,True,False,False,False,False,False,1
22.15,34.2,448.0,1405.25,0.0056541188108177,22.125,34.425,459.0,1339.5,0.0056829145470899,15,False,True,False,False,False,False,False,1
22.125,34.1675,441.5,1407.25,0.0056400207341468,22.1,34.4,459.0,1342.0,0.0056700253772434,15,False,True,False,False,False,False,False,1
22.1666666666667,33.9966666666667,453.0,1415.66666666667,0.0056259601811705,22.125,34.475,456.5,1361.0,0.0056912441225506,15,False,True,False,False,False,False,False,1
22.2,34.125,449.5,1419.0,0.0056589727825076,22.1666666666667,34.4,454.0,1364.66666666667,0.0056933169976444,15,False,True,False,False,False,False,False,1
22.15,34.2,439.0,1426.0,0.0056541188108177,22.1666666666667,34.4333333333333,444.0,1366.33333333333,0.0056988843234868,15,False,True,False,False,False,False,False,1
22.175,34.145,454.0,1446.25,0.0056536255960244,22.18,34.48,444.25,1366.5,0.0057113582647008,15,False,True,False,False,False,False,False,1
22.2,34.0966666666667,454.0,1433.66666666667,0.0056542315342893,22.1666666666667,34.4666666666667,449.5,1368.75,0.0057044517480888,15,False,True,False,False,False,False,False,1
22.15,34.095,454.0,1433.75,0.0056366023645504,22.2,34.4333333333333,447.666666666667,1381.33333333333,0.0057105733505463,15,False,True,False,False,False,False,False,1
22.15,34.045,454.0,1434.5,0.0056282615432895,22.175,34.45,449.5,1379.75,0.0057045897344117,15,False,True,False,False,False,False,False,1
22.15,34.35,465.25,1476.0,0.0056791440015949,22.1666666666667,34.5,453.0,1386.66666666667,0.0057100192714531,15,False,True,False,False,False,False,False,1
22.1666666666667,34.0966666666667,469.0,1479.33333333333,0.0056426588705326,22.175,34.425,444.0,1389.25,0.0057004120346292,15,False,True,False,False,False,False,False,1
22.2,34.1175,465.25,1487.25,0.0056577177392436,22.175,34.45,444.0,1388.25,0.0057045897344117,15,False,True,False,False,False,False,False,1
22.175,33.9475,471.5,1481.75,0.005620628641952,22.2,34.4666666666667,439.0,1391.0,0.0057161522985282,15,False,True,False,False,False,False,False,1
22.2,34.0333333333333,470.666666666667,1474.0,0.0056436337090383,22.2,34.5,429.0,1393.5,0.0057217313456798,15,False,True,False,False,False,False,False,1
22.175,34.095,467.75,1468.5,0.0056452716087665,22.2,34.5,436.5,1396.25,0.0057217313456798,15,False,True,False,False,False,False,False,1
22.2,34.045,466.5,1456.0,0.0056455859131146,22.2,34.5,444.0,1397.0,0.0057217313456798,15,False,True,False,False,False,False,False,1
22.2,33.9725,470.25,1440.25,0.005633454555962,22.2,34.5,444.0,1408.5,0.0057217313456798,15,False,True,False,False,False,False,False,1
22.175,33.975,484.0,1430.5,0.005625222946633,22.2,34.47,441.75,1417.25,0.0057167101987807,15,False,True,False,False,False,False,False,1
22.2,34.145,476.5,1426.25,0.0056623195890828,22.2,34.245,449.5,1425.5,0.0056790541573488,15,False,True,False,False,False,False,False,1
22.2,34.0333333333333,472.333333333333,1400.33333333333,0.0056436337090383,22.2,34.1566666666667,453.0,1431.66666666667,0.005664271909401,15,False,True,False,False,False,False,False,1
22.2,33.95,471.5,1379.75,0.0056296897473705,22.2,34.2725,449.5,1409.5,0.0056836563200624,15,False,True,False,False,False,False,False,1
22.2,34.06,471.0,1369.33333333333,0.0056480959076286,22.2,34.2175,449.5,1409.75,0.0056744520621206,15,False,True,False,False,False,False,False,1
22.2,34.0225,464.0,1352.75,0.0056418209589842,22.2,34.29,444.0,1401.5,0.0056865850041996,15,False,True,False,False,False,False,False,1
22.2,34.2,474.0,1347.33333333333,0.0056715234912027,22.2,34.4,444.0,1410.0,0.0057049945017314,15,False,True,False,False,False,False,False,1
22.2,34.2725,474.0,1368.75,0.0056836563200624,22.2,34.4,444.0,1405.75,0.0057049945017314,15,False,True,False,False,False,False,False,1
22.2,34.1633333333333,480.666666666667,1376.66666666667,0.0056653875264644,22.125,34.1725,444.0,1401.25,0.0056408535679066,15,False,True,False,False,False,False,False,1
22.2,34.25,471.5,1381.0,0.0056798909091862,22.175,34.0225,452.0,1393.0,0.0056331587222392,15,False,True,False,False,False,False,False,1
22.2,34.3725,464.0,1393.25,0.0057003920261115,22.125,34.1175,442.75,1386.5,0.0056316925181087,15,False,True,False,False,False,False,False,1
22.2,34.345,479.0,1402.0,0.0056957896179839,22.1333333333333,34.26,444.0,1391.66666666667,0.0056583272464306,15,False,True,False,False,False,False,False,1
22.2,34.3225,474.0,1418.75,0.0056920240615339,22.1333333333333,34.1566666666667,444.0,1399.0,0.0056411060969709,15,False,True,False,False,False,False,False,1
22.2,34.26,465.666666666667,1421.33333333333,0.0056815644195538,22.15,34.2,448.0,1405.25,0.0056541188108177,15,False,True,False,False,False,False,False,1
22.2,34.23,477.0,1411.33333333333,0.0056765439152221,22.125,34.1675,441.5,1407.25,0.0056400207341468,15,False,True,False,False,False,False,False,1
22.2,34.245,471.5,1397.0,0.0056790541573488,22.1666666666667,33.9966666666667,453.0,1415.66666666667,0.0056259601811705,15,False,True,False,False,False,False,False,1
22.2,34.2,464.0,1397.5,0.0056715234912027,22.2,34.125,449.5,1419.0,0.0056589727825076,15,False,True,False,False,False,False,False,1
22.2225,34.2725,452.75,1395.75,0.005691520808615,22.15,34.2,439.0,1426.0,0.0056541188108177,15,False,True,False,False,False,False,False,1
22.2,34.1633333333333,449.0,1398.0,0.0056653875264644,22.175,34.145,454.0,1446.25,0.0056536255960244,15,False,True,False,False,False,False,False,1
22.23,34.4,449.0,1397.33333333333,0.0057155223579747,22.2,34.0966666666667,454.0,1433.66666666667,0.0056542315342893,15,False,True,False,False,False,False,False,1
22.2,34.245,449.0,1414.5,0.0056790541573488,22.15,34.095,454.0,1433.75,0.0056366023645504,16,False,True,False,False,False,False,False,1
22.245,34.4,449.0,1405.25,0.0057207927252138,22.15,34.045,454.0,1434.5,0.0056282615432895,16,False,True,False,False,False,False,False,1
22.26,34.3633333333333,455.666666666667,1400.33333333333,0.0057199078963372,22.15,34.35,465.25,1476.0,0.0056791440015949,16,False,True,False,False,False,False,False,1
22.2225,34.29,449.0,1398.75,0.0056944535819437,22.1666666666667,34.0966666666667,469.0,1479.33333333333,0.0056426588705326,16,False,True,False,False,False,False,False,1
22.2675,34.345,449.0,1400.0,0.0057194628426642,22.2,34.1175,465.25,1487.25,0.0056577177392436,16,False,True,False,False,False,False,False,1
22.245,34.145,459.0,1404.0,0.0056779985685812,22.175,33.9475,471.5,1481.75,0.005620628641952,16,False,True,False,False,False,False,False,1
22.2225,34.5225,454.0,1430.75,0.0057334201713587,22.2,34.0333333333333,470.666666666667,1474.0,0.0056436337090383,16,False,True,False,False,False,False,False,1
22.2,34.4333333333333,454.0,1438.66666666667,0.0057105733505463,22.175,34.095,467.75,1468.5,0.0056452716087665,16,False,True,False,False,False,False,False,1
22.2225,34.275,454.0,1440.0,0.0056919397745555,22.2,34.045,466.5,1456.0,0.0056455859131146,16,False,True,False,False,False,False,False,1
22.2,34.4,449.0,1441.33333333333,0.0057049945017314,22.2,33.9725,470.25,1440.25,0.005633454555962,16,False,True,False,False,False,False,False,1
22.2675,34.375,442.75,1454.0,0.0057245047130275,22.175,33.975,484.0,1430.5,0.005625222946633,16,False,True,False,False,False,False,False,1
22.245,34.545,439.0,1461.5,0.0057451292599513,22.2,34.145,476.5,1426.25,0.0056623195890828,16,False,True,False,False,False,False,False,1
22.245,34.595,439.0,1487.25,0.0057535216060291,22.2,34.0333333333333,472.333333333333,1400.33333333333,0.0056436337090383,16,False,True,False,False,False,False,False,1
22.29,34.59,439.0,1480.66666666667,0.0057686083475499,22.2,33.95,471.5,1379.75,0.0056296897473705,16,False,True,False,False,False,False,False,1
22.2225,34.4975,439.0,1488.5,0.0057292299833699,22.2,34.06,471.0,1369.33333333333,0.0056480959076286,16,False,True,False,False,False,False,False,1
22.29,34.5,439.0,1494.5,0.0057534601230791,22.2,34.0225,464.0,1352.75,0.0056418209589842,16,False,True,False,False,False,False,False,1
22.245,34.1225,439.0,1489.75,0.0056742228937177,22.2,34.2,474.0,1347.33333333333,0.0056715234912027,16,False,True,False,False,False,False,False,1
22.23,34.3333333333333,439.0,1487.33333333333,0.0057043441811341,22.2,34.2725,474.0,1368.75,0.0056836563200624,16,False,True,False,False,False,False,False,1
22.245,34.3975,439.0,1501.5,0.0057203731463347,22.2,34.1633333333333,480.666666666667,1376.66666666667,0.0056653875264644,16,False,True,False,False,False,False,False,1
22.23,34.4633333333333,439.0,1511.0,0.0057261419947407,22.2,34.25,471.5,1381.0,0.0056798909091862,16,False,True,False,False,False,False,False,1
22.2225,34.425,439.0,1519.0,0.0057170787545363,22.2,34.3725,464.0,1393.25,0.0057003920261115,16,False,True,False,False,False,False,False,1
22.2,34.4,439.0,1509.75,0.0057049945017314,22.2,34.345,479.0,1402.0,0.0056957896179839,16,False,True,False,False,False,False,False,1
22.23,34.4,449.5,1501.0,0.0057155223579747,22.2,34.3225,474.0,1418.75,0.0056920240615339,16,False,True,False,False,False,False,False,1
22.23,34.3266666666667,449.5,1505.0,0.0057032263853463,22.2,34.26,465.666666666667,1421.33333333333,0.0056815644195538,16,False,True,False,False,False,False,False,1
22.2,34.37,449.5,1507.5,0.0056999736225837,22.2,34.23,477.0,1411.33333333333,0.0056765439152221,16,False,True,False,False,False,False,False,1
22.2225,34.595,445.5,1516.75,0.0057455720328748,22.2,34.245,471.5,1397.0,0.0056790541573488,16,False,True,False,False,False,False,False,1
22.2,34.45,441.5,1528.0,0.0057133628121412,22.2,34.2,464.0,1397.5,0.0056715234912027,16,False,True,False,False,False,False,False,1
22.2,34.5,444.0,1531.0,0.0057217313456798,22.2225,34.2725,452.75,1395.75,0.005691520808615,16,False,True,False,False,False,False,False,1
22.2,34.5225,444.0,1530.0,0.0057254972585704,22.2,34.1633333333333,449.0,1398.0,0.0056653875264644,16,False,True,False,False,False,False,False,1
22.2,34.4633333333333,444.0,1526.0,0.0057155943992674,22.23,34.4,449.0,1397.33333333333,0.0057155223579747,16,False,True,False,False,False,False,False,1
22.2,34.4475,444.0,1506.0,0.0057129443913215,22.2,34.245,449.0,1414.5,0.0056790541573488,16,False,True,False,False,False,False,False,1
22.2,34.3633333333333,439.0,1469.33333333333,0.0056988578825699,22.245,34.4,449.0,1405.25,0.0057207927252138,16,False,True,False,False,False,False,False,1
22.2,34.295,429.0,1453.5,0.0056874217761157,22.26,34.3633333333333,455.666666666667,1400.33333333333,0.0057199078963372,16,False,True,False,False,False,False,False,1
22.175,34.245,429.0,1456.0,0.0056703342377095,22.2225,34.29,449.0,1398.75,0.0056944535819437,16,False,True,False,False,False,False,False,1
22.2,34.3633333333333,429.0,1457.33333333333,0.0056988578825699,22.2675,34.345,449.0,1400.0,0.0057194628426642,16,False,True,False,False,False,False,False,1
22.15,34.345,429.0,1454.5,0.0056783097964184,22.245,34.145,459.0,1404.0,0.0056779985685812,16,False,True,False,False,False,False,False,1
22.2,34.2225,429.0,1440.0,0.005675288801688,22.2225,34.5225,454.0,1430.75,0.0057334201713587,16,False,True,False,False,False,False,False,1
22.1666666666667,34.3333333333333,429.0,1449.66666666667,0.0056821826422281,22.2,34.4333333333333,454.0,1438.66666666667,0.0057105733505463,16,False,True,False,False,False,False,False,1
22.15,34.25,429.0,1450.5,0.005662460319354,22.2225,34.275,454.0,1440.0,0.0056919397745555,16,False,True,False,False,False,False,False,1
22.15,34.29,429.0,1453.5,0.0056691336858209,22.2,34.4,449.0,1441.33333333333,0.0057049945017314,16,False,True,False,False,False,False,False,1
22.125,34.2975,429.0,1453.0,0.0056616751302491,22.2675,34.375,442.75,1454.0,0.0057245047130275,16,False,True,False,False,False,False,False,1
22.125,34.37,429.0,1458.75,0.0056737522694152,22.245,34.545,439.0,1461.5,0.0057451292599513,16,False,True,False,False,False,False,False,1
22.1,34.395,429.0,1456.75,0.0056691937341339,22.245,34.595,439.0,1487.25,0.0057535216060291,16,False,True,False,False,False,False,False,1
22.1666666666667,34.2966666666667,429.0,1458.0,0.0056760589151223,22.29,34.59,439.0,1480.66666666667,0.0057686083475499,16,False,True,False,False,False,False,False,1
22.15,34.425,429.0,1466.0,0.0056916573453328,22.2225,34.4975,439.0,1488.5,0.0057292299833699,16,False,True,False,False,False,False,False,1
22.1666666666667,34.4666666666667,429.0,1471.66666666667,0.0057044517480888,22.29,34.5,439.0,1494.5,0.0057534601230791,16,False,True,False,False,False,False,False,1
22.175,34.45,429.0,1478.25,0.0057045897344117,22.245,34.1225,439.0,1489.75,0.0056742228937177,16,False,True,False,False,False,False,False,1
22.15,34.395,429.0,1484.5,0.0056866519479666,22.23,34.3333333333333,439.0,1487.33333333333,0.0057043441811341,16,False,True,False,False,False,False,False,1
22.15,34.595,429.0,1487.0,0.0057200227717027,22.245,34.3975,439.0,1501.5,0.0057203731463347,16,False,True,False,False,False,False,False,1
22.15,34.645,429.0,1507.5,0.0057283660320668,22.23,34.4633333333333,439.0,1511.0,0.0057261419947407,16,False,True,False,False,False,False,False,1
22.15,34.495,429.0,1500.5,0.0057033369163083,22.2225,34.425,439.0,1519.0,0.0057170787545363,16,False,True,False,False,False,False,False,1
22.125,34.5675,429.0,1497.5,0.0057066544199704,22.2,34.4,439.0,1509.75,0.0057049945017314,16,False,True,False,False,False,False,False,1
22.1333333333333,34.3966666666667,429.0,1501.0,0.0056811050569089,22.23,34.4,449.5,1501.0,0.0057155223579747,16,False,True,False,False,False,False,False,1
22.1,34.4475,429.0,1498.0,0.0056779260966996,22.23,34.3266666666667,449.5,1505.0,0.0057032263853463,16,False,True,False,False,False,False,False,1
22.1,34.545,429.0,1495.0,0.0056941439861103,22.2,34.37,449.5,1507.5,0.0056999736225837,16,False,True,False,False,False,False,False,1
22.125,34.35,429.0,1481.0,0.0056704205983968,22.2225,34.595,445.5,1516.75,0.0057455720328748,16,False,True,False,False,False,False,False,1
22.1333333333333,34.3333333333333,434.0,1481.0,0.0056705492806568,22.2,34.45,441.5,1528.0,0.0057133628121412,16,False,True,False,False,False,False,False,1
22.1,34.3,429.0,1488.25,0.0056533929337656,22.2,34.5,444.0,1531.0,0.0057217313456798,16,False,True,False,False,False,False,False,1
22.1333333333333,34.4666666666667,429.0,1495.33333333333,0.0056927723805781,22.2,34.5225,444.0,1530.0,0.0057254972585704,16,False,True,False,False,False,False,False,1
22.1,34.425,429.0,1503.75,0.0056741836258481,22.2,34.4633333333333,444.0,1526.0,0.0057155943992674,16,False,True,False,False,False,False,False,1
22.1,34.3266666666667,435.0,1499.66666666667,0.0056578281658369,22.2,34.4475,444.0,1506.0,0.0057129443913215,16,False,True,False,False,False,False,False,1
22.15,34.245,438.0,1485.5,0.0056616261585231,22.2,34.3633333333333,439.0,1469.33333333333,0.0056988578825699,17,False,True,False,False,False,False,False,1
22.15,34.3725,438.0,1477.0,0.0056828979523294,22.2,34.295,429.0,1453.5,0.0056874217761157,17,False,True,False,False,False,False,False,1
22.1666666666667,34.4,441.0,1483.0,0.0056933169976444,22.175,34.245,429.0,1456.0,0.0056703342377095,17,False,True,False,False,False,False,False,1
22.15,34.35,438.0,1480.66666666667,0.0056791440015949,22.2,34.3633333333333,429.0,1457.33333333333,0.0056988578825699,17,False,True,False,False,False,False,False,1
22.15,34.245,438.0,1475.0,0.0056616261585231,22.15,34.345,429.0,1454.5,0.0056783097964184,17,False,True,False,False,False,False,False,1
22.125,34.245,447.0,1482.25,0.005652929905803,22.2,34.2225,429.0,1440.0,0.005675288801688,17,False,True,False,False,False,False,False,1
22.125,34.37,447.0,1484.25,0.0056737522694152,22.1666666666667,34.3333333333333,429.0,1449.66666666667,0.0056821826422281,17,False,True,False,False,False,False,False,1
22.1,34.36,447.0,1488.66666666667,0.0056633722940734,22.15,34.25,429.0,1450.5,0.005662460319354,17,False,True,False,False,False,False,False,1
22.1,34.3633333333333,447.0,1495.0,0.0056639267122839,22.15,34.29,429.0,1453.5,0.0056691336858209,17,False,True,False,False,False,False,False,1
22.1,34.425,443.5,1501.75,0.0056741836258481,22.125,34.2975,429.0,1453.0,0.0056616751302491,17,False,True,False,False,False,False,False,1
22.125,34.45,439.0,1504.5,0.0056870793071863,22.125,34.37,429.0,1458.75,0.0056737522694152,17,False,True,False,False,False,False,False,1
22.125,34.4,443.5,1507.25,0.0056787498422602,22.1,34.395,429.0,1456.75,0.0056691937341339,17,False,True,False,False,False,False,False,1
22.1,34.4725,440.0,1508.0,0.0056820844499882,22.1666666666667,34.2966666666667,429.0,1458.0,0.0056760589151223,17,False,True,False,False,False,False,False,1
22.1,34.4975,443.5,1512.75,0.0056862428583751,22.15,34.425,429.0,1466.0,0.0056916573453328,17,False,True,False,False,False,False,False,1
22.1,34.4,447.0,1512.5,0.0056700253772434,22.1666666666667,34.4666666666667,429.0,1471.66666666667,0.0057044517480888,17,False,True,False,False,False,False,False,1
22.125,34.4,447.0,1520.0,0.0056787498422602,22.175,34.45,429.0,1478.25,0.0057045897344117,17,False,True,False,False,False,False,False,1
22.1,34.425,443.5,1515.0,0.0056741836258481,22.15,34.395,429.0,1484.5,0.0056866519479666,17,False,True,False,False,False,False,False,1
22.1333333333333,34.4333333333333,447.0,1519.66666666667,0.0056872164580696,22.15,34.595,429.0,1487.0,0.0057200227717027,17,False,True,False,False,False,False,False,1
22.125,34.3,442.5,1518.75,0.0056620915755871,22.15,34.645,429.0,1507.5,0.0057283660320668,17,False,True,False,False,False,False,False,1
22.125,34.3725,438.0,1528.5,0.0056741687307794,22.15,34.495,429.0,1500.5,0.0057033369163083,17,False,True,False,False,False,False,False,1
22.125,34.4,439.0,1537.5,0.0056787498422602,22.125,34.5675,429.0,1497.5,0.0057066544199704,17,False,True,False,False,False,False,False,1
22.2,34.345,438.0,1522.0,0.0056957896179839,22.1333333333333,34.3966666666667,429.0,1501.0,0.0056811050569089,17,False,True,False,False,False,False,False,1
22.15,34.345,438.0,1517.5,0.0056783097964184,22.1,34.4475,429.0,1498.0,0.0056779260966996,17,False,True,False,False,False,False,False,1
22.15,34.3225,438.0,1523.5,0.0056745559005638,22.1,34.545,429.0,1495.0,0.0056941439861103,17,False,True,False,False,False,False,False,1
22.15,34.3175,442.5,1526.5,0.0056737217075827,22.125,34.35,429.0,1481.0,0.0056704205983968,17,False,True,False,False,False,False,False,1
22.15,34.3725,435.5,1534.5,0.0056828979523294,22.1333333333333,34.3333333333333,434.0,1481.0,0.0056705492806568,17,False,True,False,False,False,False,False,1
22.15,34.645,434.5,1588.75,0.0057283660320668,22.1,34.3,429.0,1488.25,0.0056533929337656,17,False,True,False,False,False,False,False,1
22.1,34.6,435.5,1594.0,0.0057032929088385,22.1333333333333,34.4666666666667,429.0,1495.33333333333,0.0056927723805781,17,False,True,False,False,False,False,False,1
22.1,34.7333333333333,428.333333333333,1585.33333333333,0.0057254732224525,22.1,34.425,429.0,1503.75,0.0056741836258481,17,False,True,False,False,False,False,False,1
22.1333333333333,34.6633333333333,433.0,1649.0,0.005725554325511,22.1,34.3266666666667,435.0,1499.66666666667,0.0056578281658369,17,False,True,False,False,False,False,False,1
22.1,34.53,433.0,1653.0,0.0056916488716521,22.15,34.245,438.0,1485.5,0.0056616261585231,17,False,True,False,False,False,False,False,1
22.15,34.5675,433.0,1690.5,0.0057154340730371,22.15,34.3725,438.0,1477.0,0.0056828979523294,17,False,True,False,False,False,False,False,1
22.1666666666667,34.6633333333333,433.0,1739.66666666667,0.0057373015636347,22.1666666666667,34.4,441.0,1483.0,0.0056933169976444,17,False,True,False,False,False,False,False,1
22.15,34.545,433.0,1757.75,0.0057116797331195,22.15,34.35,438.0,1480.66666666667,0.0056791440015949,17,False,True,False,False,False,False,False,1
22.1666666666667,34.4966666666667,433.0,1779.0,0.0057094625146723,22.15,34.245,438.0,1475.0,0.0056616261585231,17,False,True,False,False,False,False,False,1
22.2,34.45,433.0,1778.0,0.0057133628121412,22.125,34.245,447.0,1482.25,0.005652929905803,17,False,True,False,False,False,False,False,1
22.175,34.3725,433.0,1774.5,0.0056916390460924,22.125,34.37,447.0,1484.25,0.0056737522694152,17,False,True,False,False,False,False,False,1
22.2,34.3633333333333,433.0,1776.0,0.0056988578825699,22.1,34.36,447.0,1488.66666666667,0.0056633722940734,17,False,True,False,False,False,False,False,1
22.175,34.475,433.0,1842.75,0.0057087674898044,22.1,34.3633333333333,447.0,1495.0,0.0056639267122839,17,False,True,False,False,False,False,False,1
22.175,34.425,433.0,1809.25,0.0057004120346292,22.1,34.425,443.5,1501.75,0.0056741836258481,17,False,True,False,False,False,False,False,1
22.2,34.4,433.0,1750.0,0.0057049945017314,22.125,34.45,439.0,1504.5,0.0056870793071863,17,False,True,False,False,False,False,False,1
22.1666666666667,34.4333333333333,433.0,1740.0,0.0056988843234868,22.125,34.4,443.5,1507.25,0.0056787498422602,17,False,True,False,False,False,False,False,1
22.175,34.35,433.0,1705.25,0.0056878792689321,22.1,34.4725,440.0,1508.0,0.0056820844499882,17,False,True,False,False,False,False,False,1
22.2,34.29,433.0,1682.0,0.0056865850041996,22.1,34.4975,443.5,1512.75,0.0056862428583751,17,False,True,False,False,False,False,False,1
22.2,34.345,433.0,1669.5,0.0056957896179839,22.1,34.4,447.0,1512.5,0.0056700253772434,17,False,True,False,False,False,False,False,1
22.2,34.23,433.0,1683.33333333333,0.0056765439152221,22.125,34.4,447.0,1520.0,0.0056787498422602,17,False,True,False,False,False,False,False,1
22.2,34.2,433.0,1699.75,0.0056715234912027,22.1,34.425,443.5,1515.0,0.0056741836258481,17,False,True,False,False,False,False,False,1
22.2,34.2175,433.0,1696.0,0.0056744520621206,22.1333333333333,34.4333333333333,447.0,1519.66666666667,0.0056872164580696,17,False,True,False,False,False,False,False,1
22.2,34.1725,433.0,1682.75,0.005666921506402,22.125,34.3,442.5,1518.75,0.0056620915755871,17,False,True,False,False,False,False,False,1
22.2,34.45,433.0,1684.0,0.0057133628121412,22.125,34.3725,438.0,1528.5,0.0056741687307794,17,False,True,False,False,False,False,False,1
22.2,34.26,433.0,1699.66666666667,0.0056815644195538,22.125,34.4,439.0,1537.5,0.0056787498422602,17,False,True,False,False,False,False,False,1
22.2,34.245,433.0,1698.0,0.0056790541573488,22.2,34.345,438.0,1522.0,0.0056957896179839,17,False,True,False,False,False,False,False,1
22.2,34.2675,429.5,1695.0,0.0056828195581857,22.15,34.345,438.0,1517.5,0.0056783097964184,17,False,True,False,False,False,False,False,1
22.2,34.1933333333333,423.666666666667,1675.33333333333,0.005670407852327,22.15,34.3225,438.0,1523.5,0.0056745559005638,17,False,True,False,False,False,False,False,1
22.2,34.0966666666667,419.0,1658.66666666667,0.0056542315342893,22.15,34.3175,442.5,1526.5,0.0056737217075827,17,False,True,False,False,False,False,False,1
22.2,34.2675,426.0,1645.5,0.0056828195581857,22.15,34.3725,435.5,1534.5,0.0056828979523294,17,False,True,False,False,False,False,False,1
22.2,34.345,429.5,1652.0,0.0056957896179839,22.15,34.645,434.5,1588.75,0.0057283660320668,17,False,True,False,False,False,False,False,1
22.2,34.29,426.0,1641.0,0.0056865850041996,22.1,34.6,435.5,1594.0,0.0057032929088385,17,False,True,False,False,False,False,False,1
22.2,34.3175,419.0,1637.5,0.0056911872773471,22.1,34.7333333333333,428.333333333333,1585.33333333333,0.0057254732224525,17,False,True,False,False,False,False,False,1
22.2,34.3333333333333,419.0,1628.33333333333,0.0056938371015924,22.1333333333333,34.6633333333333,433.0,1649.0,0.005725554325511,18,False,True,False,False,False,False,False,1
22.2,34.345,419.0,1619.5,0.0056957896179839,22.1,34.53,433.0,1653.0,0.0056916488716521,18,False,True,False,False,False,False,False,1
22.2,34.345,419.0,1600.5,0.0056957896179839,22.15,34.5675,433.0,1690.5,0.0057154340730371,18,False,True,False,False,False,False,False,1
22.2,34.245,419.0,1602.0,0.0056790541573488,22.1666666666667,34.6633333333333,433.0,1739.66666666667,0.0057373015636347,18,False,True,False,False,False,False,False,1
22.2,34.245,419.0,1603.0,0.0056790541573488,22.15,34.545,433.0,1757.75,0.0057116797331195,18,False,True,False,False,False,False,False,1
22.2,34.2175,415.5,1606.75,0.0056744520621206,22.1666666666667,34.4966666666667,433.0,1779.0,0.0057094625146723,18,False,True,False,False,False,False,False,1
22.1666666666667,34.26,279.333333333333,1595.66666666667,0.0056699353075027,22.2,34.45,433.0,1778.0,0.0057133628121412,18,False,True,False,False,False,False,False,0
22.1,34.3266666666667,0.0,1591.33333333333,0.0056578281658369,22.175,34.3725,433.0,1774.5,0.0056916390460924,18,False,True,False,False,False,False,False,0
22.1,34.345,0.0,1594.5,0.0056608774242466,22.2,34.3633333333333,433.0,1776.0,0.0056988578825699,18,False,True,False,False,False,False,False,0
22.1,34.29,0.0,1585.66666666667,0.0056517297378989,22.175,34.475,433.0,1842.75,0.0057087674898044,18,False,True,False,False,False,False,False,0
22.1,34.29,0.0,1576.0,0.0056517297378989,22.175,34.425,433.0,1809.25,0.0057004120346292,18,False,True,False,False,False,False,False,0
22.1,34.345,0.0,1572.0,0.0056608774242466,22.2,34.4,433.0,1750.0,0.0057049945017314,18,False,True,False,False,False,False,False,0
22.1,34.29,0.0,1568.5,0.0056517297378989,22.1666666666667,34.4333333333333,433.0,1740.0,0.0056988843234868,18,False,True,False,False,False,False,False,0
22.1,34.4,0.0,1569.0,0.0056700253772434,22.175,34.35,433.0,1705.25,0.0056878792689321,18,False,True,False,False,False,False,False,0
22.1,34.3266666666667,0.0,1564.66666666667,0.0056578281658369,22.2,34.29,433.0,1682.0,0.0056865850041996,18,False,True,False,False,False,False,False,0
22.05,34.245,0.0,1550.5,0.0056269119667884,22.2,34.345,433.0,1669.5,0.0056957896179839,18,False,True,False,False,False,False,False,0
22.1,34.29,0.0,1549.0,0.0056517297378989,22.2,34.23,433.0,1683.33333333333,0.0056765439152221,18,False,True,False,False,False,False,False,0
22.0333333333333,34.26,0.0,1551.33333333333,0.0056236290377921,22.2,34.2,433.0,1699.75,0.0056715234912027,18,False,True,False,False,False,False,False,0
22.025,34.2225,0.0,1538.25,0.0056145381913726,22.2,34.2175,433.0,1696.0,0.0056744520621206,18,False,True,False,False,False,False,False,0
22.0,34.29,0.0,1536.0,0.0056170635061309,22.2,34.1725,433.0,1682.75,0.005666921506402,18,False,True,False,False,False,False,False,0
22.0,34.245,0.0,1541.0,0.0056096255506664,22.2,34.45,433.0,1684.0,0.0057133628121412,18,False,True,False,False,False,False,False,0
22.0,34.29,0.0,1544.0,0.0056170635061309,22.2,34.26,433.0,1699.66666666667,0.0056815644195538,18,False,True,False,False,False,False,False,0
22.0,34.29,0.0,1533.0,0.0056170635061309,22.2,34.245,433.0,1698.0,0.0056790541573488,18,False,True,False,False,False,False,False,0
21.89,34.29,0.0,1536.0,0.0055791479212247,22.2,34.2675,429.5,1695.0,0.0056828195581857,18,False,True,False,False,False,False,False,0
21.89,34.29,0.0,1538.0,0.0055791479212247,22.2,34.1933333333333,423.666666666667,1675.33333333333,0.005670407852327,18,False,True,False,False,False,False,False,0
21.89,34.29,0.0,1531.0,0.0055791479212247,22.2,34.0966666666667,419.0,1658.66666666667,0.0056542315342893,18,False,True,False,False,False,False,False,0
21.89,34.29,0.0,1530.33333333333,0.0055791479212247,22.2,34.2675,426.0,1645.5,0.0056828195581857,18,False,True,False,False,False,False,False,0
21.89,34.29,0.0,1529.0,0.0055791479212247,22.2,34.345,429.5,1652.0,0.0056957896179839,18,False,True,False,False,False,False,False,0
21.89,34.29,0.0,1523.0,0.0055791479212247,22.2,34.29,426.0,1641.0,0.0056865850041996,18,False,True,False,False,False,False,False,0
21.89,34.29,0.0,1530.66666666667,0.0055791479212247,22.2,34.3175,419.0,1637.5,0.0056911872773471,18,False,True,False,False,False,False,False,0
21.89,34.29,0.0,1525.0,0.0055791479212247,22.2,34.3333333333333,419.0,1628.33333333333,0.0056938371015924,18,False,True,False,False,False,False,False,0
21.89,34.29,0.0,1519.0,0.0055791479212247,22.2,34.345,419.0,1619.5,0.0056957896179839,18,False,True,False,False,False,False,False,0
21.89,34.245,0.0,1508.0,0.0055717606182151,22.2,34.345,419.0,1600.5,0.0056957896179839,18,False,True,False,False,False,False,False,0
21.89,34.2,0.0,1491.5,0.0055643734891169,22.2,34.245,419.0,1602.0,0.0056790541573488,18,False,True,False,False,False,False,False,0
21.84,34.145,0.0,1499.0,0.0055382594471494,22.2,34.245,419.0,1603.0,0.0056790541573488,18,False,True,False,False,False,False,False,0
21.79,34.2,0.0,1499.0,0.0055301928874508,22.2,34.2175,415.5,1606.75,0.0056744520621206,18,False,True,False,False,False,False,False,0
21.79,34.09,0.0,1495.5,0.0055122480850389,22.1666666666667,34.26,279.333333333333,1595.66666666667,0.0056699353075027,18,False,True,False,False,False,False,False,0
21.79,34.1266666666667,0.0,1491.0,0.0055182295718089,22.1,34.3266666666667,0.0,1591.33333333333,0.0056578281658369,18,False,True,False,False,False,False,False,0
21.79,34.09,0.0,1492.0,0.0055122480850389,22.1,34.345,0.0,1594.5,0.0056608774242466,18,False,True,False,False,False,False,False,0
21.76,34.1266666666667,0.0,1487.33333333333,0.0055080339552081,22.1,34.29,0.0,1585.66666666667,0.0056517297378989,18,False,True,False,False,False,False,False,0
21.7,34.145,0.0,1489.5,0.0054906667650772,22.1,34.29,0.0,1576.0,0.0056517297378989,18,False,True,False,False,False,False,False,0
21.7,34.2,0.0,1488.0,0.0054995892068049,22.1,34.345,0.0,1572.0,0.0056608774242466,18,False,True,False,False,False,False,False,0
21.7,34.2,0.0,1475.0,0.0054995892068049,22.1,34.29,0.0,1568.5,0.0056517297378989,18,False,True,False,False,False,False,False,0
21.7,34.2,0.0,1470.5,0.0054995892068049,22.1,34.4,0.0,1569.0,0.0056700253772434,18,False,True,False,False,False,False,False,0
21.7,34.2,0.0,1477.0,0.0054995892068049,22.1,34.3266666666667,0.0,1564.66666666667,0.0056578281658369,18,False,True,False,False,False,False,False,0
21.7,34.29,0.0,1476.0,0.0055141901133333,22.05,34.245,0.0,1550.5,0.0056269119667884,18,False,True,False,False,False,False,False,0
21.7,34.2,0.0,1477.0,0.0054995892068049,22.1,34.29,0.0,1549.0,0.0056517297378989,18,False,True,False,False,False,False,False,0
21.7,34.245,0.0,1484.75,0.0055068895751352,22.0333333333333,34.26,0.0,1551.33333333333,0.0056236290377921,18,False,True,False,False,False,False,False,0
21.7,34.245,0.0,1471.5,0.0055068895751352,22.025,34.2225,0.0,1538.25,0.0056145381913726,18,False,True,False,False,False,False,False,0
21.7,34.29,0.0,1476.0,0.0055141901133333,22.0,34.29,0.0,1536.0,0.0056170635061309,18,False,True,False,False,False,False,False,0
21.7,34.245,0.0,1477.5,0.0055068895751352,22.0,34.245,0.0,1541.0,0.0056096255506664,18,False,True,False,False,False,False,False,0
21.65,34.145,0.0,1475.5,0.0054737572233073,22.0,34.29,0.0,1544.0,0.0056170635061309,18,False,True,False,False,False,False,False,0
21.6,34.1175,0.0,1478.0,0.0054524602935517,22.0,34.29,0.0,1533.0,0.0056170635061309,18,False,True,False,False,False,False,False,0
21.6,34.09,0.0,1487.0,0.0054480269092569,21.89,34.29,0.0,1536.0,0.0055791479212247,18,False,True,False,False,False,False,False,0
21.6,34.09,0.0,1483.5,0.0054480269092569,21.89,34.29,0.0,1538.0,0.0055791479212247,18,False,True,False,False,False,False,False,0
21.6,34.09,0.0,1488.0,0.0054480269092569,21.89,34.29,0.0,1531.0,0.0055791479212247,18,False,True,False,False,False,False,False,0
21.6,34.09,0.0,1490.0,0.0054480269092569,21.89,34.29,0.0,1530.33333333333,0.0055791479212247,18,False,True,False,False,False,False,False,0
21.6,34.09,0.0,1483.0,0.0054480269092569,21.89,34.29,0.0,1529.0,0.0055791479212247,18,False,True,False,False,False,False,False,0
21.6,34.09,0.0,1481.0,0.0054480269092569,21.89,34.29,0.0,1523.0,0.0055791479212247,18,False,True,False,False,False,False,False,0
21.5333333333333,34.1266666666667,0.0,1479.33333333333,0.005431537162049,21.89,34.29,0.0,1530.66666666667,0.0055791479212247,18,False,True,False,False,False,False,False,0
21.5,34.1725,0.0,1472.25,0.0054277104991889,21.89,34.29,0.0,1525.0,0.0055791479212247,19,False,True,False,False,False,False,False,0
21.5,34.09,0.0,1473.0,0.0054144927339714,21.89,34.29,0.0,1519.0,0.0055791479212247,19,False,True,False,False,False,False,False,0
21.5,34.1725,0.0,1475.75,0.0054277104991889,21.89,34.245,0.0,1508.0,0.0055717606182151,19,False,True,False,False,False,False,False,0
21.5,34.09,0.0,1468.0,0.0054144927339714,21.89,34.2,0.0,1491.5,0.0055643734891169,19,False,True,False,False,False,False,False,0
21.5,34.1633333333333,0.0,1469.33333333333,0.0054262418311071,21.84,34.145,0.0,1499.0,0.0055382594471494,19,False,True,False,False,False,False,False,0
21.5,34.145,0.0,1474.0,0.0054233045155703,21.79,34.2,0.0,1499.0,0.0055301928874508,19,False,True,False,False,False,False,False,0
21.5,34.09,0.0,1475.0,0.0054144927339714,21.79,34.09,0.0,1495.5,0.0055122480850389,19,False,True,False,False,False,False,False,0
21.445,34.09,0.0,1474.0,0.0053961268364053,21.79,34.1266666666667,0.0,1491.0,0.0055182295718089,19,False,True,False,False,False,False,False,0
21.5,34.2,0.0,1477.5,0.0054321165446885,21.79,34.09,0.0,1492.0,0.0055122480850389,19,False,True,False,False,False,False,False,0
21.445,34.145,0.0,1480.5,0.0054049084710566,21.76,34.1266666666667,0.0,1487.33333333333,0.0055080339552081,19,False,True,False,False,False,False,False,0
21.39,34.09,0.0,1465.0,0.0053778160384593,21.7,34.145,0.0,1489.5,0.0054906667650772,19,False,True,False,False,False,False,False,0
21.39,34.2,0.0,1469.5,0.0053953194424074,21.7,34.2,0.0,1488.0,0.0054995892068049,19,False,True,False,False,False,False,False,0
21.39,34.09,0.0,1468.0,0.0053778160384593,21.7,34.2,0.0,1475.0,0.0054995892068049,19,False,True,False,False,False,False,False,0
21.39,34.2,0.0,1468.0,0.0053953194424074,21.7,34.2,0.0,1470.5,0.0054995892068049,19,False,True,False,False,False,False,False,0
21.34,34.145,0.0,1466.0,0.0053699418884485,21.7,34.2,0.0,1477.0,0.0054995892068049,19,False,True,False,False,False,False,False,0
21.3566666666667,34.2,0.0,1465.33333333333,0.0053842124029898,21.7,34.29,0.0,1476.0,0.0055141901133333,19,False,True,False,False,False,False,False,0
21.29,34.2,0.0,1468.0,0.0053620589560631,21.7,34.2,0.0,1477.0,0.0054995892068049,19,False,True,False,False,False,False,False,0
21.29,34.2,0.0,1471.0,0.0053620589560631,21.7,34.245,0.0,1484.75,0.0055068895751352,19,False,True,False,False,False,False,False,0
21.29,34.245,0.0,1471.5,0.0053691751993035,21.7,34.245,0.0,1471.5,0.0055068895751352,19,False,True,False,False,False,False,False,0
21.29,34.2,0.0,1466.5,0.0053620589560631,21.7,34.29,0.0,1476.0,0.0055141901133333,19,False,True,False,False,False,False,False,0
21.29,34.2,0.0,1472.0,0.0053620589560631,21.7,34.245,0.0,1477.5,0.0055068895751352,19,False,True,False,False,False,False,False,0
21.29,34.29,0.0,1472.66666666667,0.0053762916039866,21.65,34.145,0.0,1475.5,0.0054737572233073,19,False,True,False,False,False,False,False,0
21.2675,34.295,0.0,1470.75,0.0053696026720475,21.6,34.1175,0.0,1478.0,0.0054524602935517,19,False,True,False,False,False,False,False,0
21.29,34.29,0.0,1469.0,0.0053762916039866,21.6,34.09,0.0,1487.0,0.0054480269092569,19,False,True,False,False,False,False,False,0
21.29,34.345,0.0,1467.5,0.0053849896511837,21.6,34.09,0.0,1483.5,0.0054480269092569,19,False,True,False,False,False,False,False,0
21.2,34.2,0.0,1466.0,0.0053322796538404,21.6,34.09,0.0,1488.0,0.0054480269092569,19,False,True,False,False,False,False,False,0
21.2,34.29,0.0,1467.0,0.005346432584194,21.6,34.09,0.0,1490.0,0.0054480269092569,19,False,True,False,False,False,False,False,0
21.2,34.29,0.0,1468.0,0.005346432584194,21.6,34.09,0.0,1483.0,0.0054480269092569,19,False,True,False,False,False,False,False,0
21.2,34.29,0.0,1468.0,0.005346432584194,21.6,34.09,0.0,1481.0,0.0054480269092569,19,False,True,False,False,False,False,False,0
21.2,34.245,0.0,1464.5,0.0053393560391938,21.5333333333333,34.1266666666667,0.0,1479.33333333333,0.005431537162049,19,False,True,False,False,False,False,False,0
21.2,34.29,0.0,1460.33333333333,0.005346432584194,21.5,34.1725,0.0,1472.25,0.0054277104991889,19,False,True,False,False,False,False,False,0
21.2,34.29,0.0,1458.0,0.005346432584194,21.5,34.09,0.0,1473.0,0.0054144927339714,19,False,True,False,False,False,False,False,0
21.1666666666667,34.29,0.0,1468.66666666667,0.0053354109545836,21.5,34.1725,0.0,1475.75,0.0054277104991889,19,False,True,False,False,False,False,False,0
21.2,34.29,0.0,1475.0,0.005346432584194,21.5,34.09,0.0,1468.0,0.0054144927339714,19,False,True,False,False,False,False,False,0
21.2,34.29,0.0,1474.0,0.005346432584194,21.5,34.1633333333333,0.0,1469.33333333333,0.0054262418311071,19,False,True,False,False,False,False,False,0
21.2,34.29,0.0,1475.0,0.005346432584194,21.5,34.145,0.0,1474.0,0.0054233045155703,19,False,True,False,False,False,False,False,0
21.15,34.29,0.0,1472.5,0.0053299076770653,21.5,34.09,0.0,1475.0,0.0054144927339714,19,False,True,False,False,False,False,False,0
21.1,34.29,0.0,1473.5,0.0053134279458795,21.445,34.09,0.0,1474.0,0.0053961268364053,19,False,True,False,False,False,False,False,0
21.1,34.29,0.0,1483.0,0.0053134279458795,21.5,34.2,0.0,1477.5,0.0054321165446885,19,False,True,False,False,False,False,False,0
21.1333333333333,34.29,0.0,1486.0,0.0053244094190945,21.445,34.145,0.0,1480.5,0.0054049084710566,19,False,True,False,False,False,False,False,0
21.1,34.29,0.0,1485.5,0.0053134279458795,21.39,34.09,0.0,1465.0,0.0053778160384593,19,False,True,False,False,False,False,False,0
21.1,34.29,0.0,1488.0,0.0053134279458795,21.39,34.2,0.0,1469.5,0.0053953194424074,19,False,True,False,False,False,False,False,0
21.1,34.29,0.0,1494.5,0.0053134279458795,21.39,34.09,0.0,1468.0,0.0053778160384593,19,False,True,False,False,False,False,False,0
21.1,34.245,0.0,1487.0,0.0053063954553692,21.39,34.2,0.0,1468.0,0.0053953194424074,19,False,True,False,False,False,False,False,0
21.1,34.29,0.0,1484.0,0.0053134279458795,21.34,34.145,0.0,1466.0,0.0053699418884485,19,False,True,False,False,False,False,False,0
21.1,34.29,0.0,1488.5,0.0053134279458795,21.3566666666667,34.2,0.0,1465.33333333333,0.0053842124029898,19,False,True,False,False,False,False,False,0
21.1333333333333,34.29,0.0,1490.5,0.0053244094190945,21.29,34.2,0.0,1468.0,0.0053620589560631,19,False,True,False,False,False,False,False,0
21.1,34.29,0.0,1493.5,0.0053134279458795,21.29,34.2,0.0,1471.0,0.0053620589560631,19,False,True,False,False,False,False,False,0
21.1,34.29,0.0,1495.0,0.0053134279458795,21.29,34.245,0.0,1471.5,0.0053691751993035,19,False,True,False,False,False,False,False,0
21.1,34.29,0.0,1486.5,0.0053134279458795,21.29,34.2,0.0,1466.5,0.0053620589560631,19,False,True,False,False,False,False,False,0
21.1,34.29,0.0,1486.5,0.0053134279458795,21.29,34.2,0.0,1472.0,0.0053620589560631,19,False,True,False,False,False,False,False,0
21.1,34.29,0.0,1489.0,0.0053134279458795,21.29,34.29,0.0,1472.66666666667,0.0053762916039866,19,False,True,False,False,False,False,False,0
21.1,34.29,0.0,1493.5,0.0053134279458795,21.2675,34.295,0.0,1470.75,0.0053696026720475,19,False,True,False,False,False,False,False,0
21.1,34.29,0.0,1491.0,0.0053134279458795,21.29,34.29,0.0,1469.0,0.0053762916039866,19,False,True,False,False,False,False,False,0
21.1,34.245,0.0,1488.5,0.0053063954553692,21.29,34.345,0.0,1467.5,0.0053849896511837,19,False,True,False,False,False,False,False,0
21.1,34.245,0.0,1504.0,0.0053063954553692,21.2,34.2,0.0,1466.0,0.0053322796538404,19,False,True,False,False,False,False,False,0
21.1,34.2,0.0,1500.5,0.0052993631225324,21.2,34.29,0.0,1467.0,0.005346432584194,19,False,True,False,False,False,False,False,0
21.1,34.245,0.0,1510.5,0.0053063954553692,21.2,34.29,0.0,1468.0,0.005346432584194,19,False,True,False,False,False,False,False,0
21.0,34.2,0.0,1511.0,0.005266626375379,21.2,34.29,0.0,1468.0,0.005346432584194,19,False,True,False,False,False,False,False,0
21.1,34.2,0.0,1520.0,0.0052993631225324,21.2,34.245,0.0,1464.5,0.0053393560391938,19,False,True,False,False,False,False,False,0
21.05,34.145,0.0,1516.0,0.005274404277234,21.2,34.29,0.0,1460.33333333333,0.005346432584194,19,False,True,False,False,False,False,False,0
21.1,34.2,0.0,1515.5,0.0052993631225324,21.2,34.29,0.0,1458.0,0.005346432584194,20,False,True,False,False,False,False,False,0
21.05,34.145,0.0,1515.5,0.005274404277234,21.1666666666667,34.29,0.0,1468.66666666667,0.0053354109545836,20,False,True,False,False,False,False,False,0
21.0,34.145,0.0,1526.0,0.0052580850557056,21.2,34.29,0.0,1475.0,0.005346432584194,20,False,True,False,False,False,False,False,0
21.05,34.145,0.0,1530.5,0.005274404277234,21.2,34.29,0.0,1474.0,0.005346432584194,20,False,True,False,False,False,False,False,0
21.1,34.2,0.0,1520.5,0.0052993631225324,21.2,34.29,0.0,1475.0,0.005346432584194,20,False,True,False,False,False,False,False,0
21.0,34.09,0.0,1518.5,0.0052495439686387,21.15,34.29,0.0,1472.5,0.0053299076770653,20,False,True,False,False,False,False,False,0
21.0,34.09,0.0,1520.0,0.0052495439686387,21.1,34.29,0.0,1473.5,0.0053134279458795,20,False,True,False,False,False,False,False,0
21.0,34.09,0.0,1517.0,0.0052495439686387,21.1,34.29,0.0,1483.0,0.0053134279458795,20,False,True,False,False,False,False,False,0
21.0,34.09,0.0,1518.0,0.0052495439686387,21.1333333333333,34.29,0.0,1486.0,0.0053244094190945,20,False,True,False,False,False,False,False,0
21.0,34.09,0.0,1512.5,0.0052495439686387,21.1,34.29,0.0,1485.5,0.0053134279458795,20,False,True,False,False,False,False,False,0
21.0,34.09,0.0,1514.5,0.0052495439686387,21.1,34.29,0.0,1488.0,0.0053134279458795,20,False,True,False,False,False,False,False,0
21.0,34.09,0.0,1506.0,0.0052495439686387,21.1,34.29,0.0,1494.5,0.0053134279458795,20,False,True,False,False,False,False,False,0
21.0,34.09,0.0,1493.0,0.0052495439686387,21.1,34.245,0.0,1487.0,0.0053063954553692,20,False,True,False,False,False,False,False,0
21.0,34.09,0.0,1492.0,0.0052495439686387,21.1,34.29,0.0,1484.0,0.0053134279458795,20,False,True,False,False,False,False,False,0
21.0,34.09,0.0,1472.0,0.0052495439686387,21.1,34.29,0.0,1488.5,0.0053134279458795,20,False,True,False,False,False,False,False,0
21.0,34.09,0.0,1477.0,0.0052495439686387,21.1333333333333,34.29,0.0,1490.5,0.0053244094190945,20,False,True,False,False,False,False,False,0
21.0,34.09,0.0,1483.0,0.0052495439686387,21.1,34.29,0.0,1493.5,0.0053134279458795,20,False,True,False,False,False,False,False,0
21.0,34.09,0.0,1486.5,0.0052495439686387,21.1,34.29,0.0,1495.0,0.0053134279458795,20,False,True,False,False,False,False,False,0
21.0,34.09,0.0,1474.0,0.0052495439686387,21.1,34.29,0.0,1486.5,0.0053134279458795,20,False,True,False,False,False,False,False,0
20.9175,34.09,0.0,1477.0,0.0052227587796548,21.1,34.29,0.0,1486.5,0.0053134279458795,20,False,True,False,False,False,False,False,0
21.0,34.0,0.0,1481.0,0.0052355681460605,21.1,34.29,0.0,1489.0,0.0053134279458795,20,False,True,False,False,False,False,False,0
20.9266666666667,34.06,0.0,1492.0,0.0052210915662824,21.1,34.29,0.0,1493.5,0.0053134279458795,20,False,True,False,False,False,False,False,0
21.0,34.0,0.0,1507.5,0.0052355681460605,21.1,34.29,0.0,1491.0,0.0053134279458795,20,False,True,False,False,False,False,False,0
21.0,34.0,0.0,1501.33333333333,0.0052355681460605,21.1,34.245,0.0,1488.5,0.0053063954553692,20,False,True,False,False,False,False,False,0
21.0,34.0,0.0,1506.0,0.0052355681460605,21.1,34.245,0.0,1504.0,0.0053063954553692,20,False,True,False,False,False,False,False,0
21.0,34.0,0.0,1507.0,0.0052355681460605,21.1,34.2,0.0,1500.5,0.0052993631225324,20,False,True,False,False,False,False,False,0
20.945,34.0,0.0,1514.5,0.0052177458679099,21.1,34.245,0.0,1510.5,0.0053063954553692,20,False,True,False,False,False,False,False,0
20.945,33.95,0.0,1519.5,0.0052100084401866,21.0,34.2,0.0,1511.0,0.005266626375379,20,False,True,False,False,False,False,False,0
20.9725,33.95,0.0,1523.5,0.005218899548963,21.1,34.2,0.0,1520.0,0.0052993631225324,20,False,True,False,False,False,False,False,0
21.0,33.9,0.0,1527.5,0.0052200401847263,21.05,34.145,0.0,1516.0,0.005274404277234,20,False,True,False,False,False,False,False,0
20.9633333333333,33.9,0.0,1510.0,0.0052081882464182,21.1,34.2,0.0,1515.5,0.0052993631225324,20,False,True,False,False,False,False,False,0
21.0,33.9,0.0,1511.0,0.0052200401847263,21.05,34.145,0.0,1515.5,0.005274404277234,20,False,True,False,False,False,False,False,0
20.945,33.9,0.0,1510.5,0.0052022712033605,21.0,34.145,0.0,1526.0,0.0052580850557056,20,False,True,False,False,False,False,False,0
21.0,33.9,0.0,1503.33333333333,0.0052200401847263,21.05,34.145,0.0,1530.5,0.005274404277234,20,False,True,False,False,False,False,False,0
21.0,33.8633333333333,0.0,1507.33333333333,0.0052143467915357,21.1,34.2,0.0,1520.5,0.0052993631225324,20,False,True,False,False,False,False,False,0
20.945,33.79,0.0,1518.5,0.0051852499542662,21.0,34.09,0.0,1518.5,0.0052495439686387,20,False,True,False,False,False,False,False,0
21.0,33.79,0.0,1532.5,0.0052029603152288,21.0,34.09,0.0,1520.0,0.0052495439686387,20,False,True,False,False,False,False,False,0
21.0,33.9,0.0,1530.5,0.0052200401847263,21.0,34.09,0.0,1517.0,0.0052495439686387,20,False,True,False,False,False,False,False,0
21.0,33.79,0.0,1538.0,0.0052029603152288,21.0,34.09,0.0,1518.0,0.0052495439686387,20,False,True,False,False,False,False,False,0
21.0,33.79,0.0,1538.0,0.0052029603152288,21.0,34.09,0.0,1512.5,0.0052495439686387,20,False,True,False,False,False,False,False,0
21.0,33.79,0.0,1528.33333333333,0.0052029603152288,21.0,34.09,0.0,1514.5,0.0052495439686387,20,False,True,False,False,False,False,False,0
21.0,33.79,0.0,1533.0,0.0052029603152288,21.0,34.09,0.0,1506.0,0.0052495439686387,20,False,True,False,False,False,False,False,0
21.0,33.79,0.0,1528.0,0.0052029603152288,21.0,34.09,0.0,1493.0,0.0052495439686387,20,False,True,False,False,False,False,False,0
21.0,33.79,0.0,1522.0,0.0052029603152288,21.0,34.09,0.0,1492.0,0.0052495439686387,20,False,True,False,False,False,False,False,0
20.945,33.79,0.0,1517.0,0.0051852499542662,21.0,34.09,0.0,1472.0,0.0052495439686387,20,False,True,False,False,False,False,False,0
21.0,33.73,0.0,1511.0,0.0051936444148401,21.0,34.09,0.0,1477.0,0.0052495439686387,20,False,True,False,False,False,False,False,0
21.0,33.7,0.0,1510.33333333333,0.0051889865684224,21.0,34.09,0.0,1483.0,0.0052495439686387,20,False,True,False,False,False,False,False,0
21.0,33.7,0.0,1508.5,0.0051889865684224,21.0,34.09,0.0,1486.5,0.0052495439686387,20,False,True,False,False,False,False,False,0
21.0,33.7,0.0,1510.0,0.0051889865684224,21.0,34.09,0.0,1474.0,0.0052495439686387,20,False,True,False,False,False,False,False,0
21.0,33.7,0.0,1513.66666666667,0.0051889865684224,20.9175,34.09,0.0,1477.0,0.0052227587796548,20,False,True,False,False,False,False,False,0
21.0,33.7,0.0,1516.0,0.0051889865684224,21.0,34.0,0.0,1481.0,0.0052355681460605,20,False,True,False,False,False,False,False,0
21.0,33.7,0.0,1512.0,0.0051889865684224,20.9266666666667,34.06,0.0,1492.0,0.0052210915662824,20,False,True,False,False,False,False,False,0
21.0,33.645,0.0,1512.0,0.0051804473630042,21.0,34.0,0.0,1507.5,0.0052355681460605,20,False,True,False,False,False,False,False,0
21.0,33.6633333333333,0.0,1501.33333333333,0.0051832937389742,21.0,34.0,0.0,1501.33333333333,0.0052355681460605,20,False,True,False,False,False,False,False,0
21.0,33.7,0.0,1500.0,0.0051889865684224,21.0,34.0,0.0,1506.0,0.0052355681460605,20,False,True,False,False,False,False,False,0
21.0,33.7,0.0,1501.33333333333,0.0051889865684224,21.0,34.0,0.0,1507.0,0.0052355681460605,20,False,True,False,False,False,False,False,0
21.0,33.7,0.0,1496.0,0.0051889865684224,20.945,34.0,0.0,1514.5,0.0052177458679099,20,False,True,False,False,False,False,False,0
21.0,33.59,0.0,1498.0,0.0051719083901061,20.945,33.95,0.0,1519.5,0.0052100084401866,20,False,True,False,False,False,False,False,0
21.0,33.59,0.0,1503.5,0.0051719083901061,20.9725,33.95,0.0,1523.5,0.005218899548963,20,False,True,False,False,False,False,False,0
21.0,33.59,0.0,1505.0,0.0051719083901061,21.0,33.9,0.0,1527.5,0.0052200401847263,21,False,True,False,False,False,False,False,0
21.0,33.59,0.0,1507.0,0.0051719083901061,20.9633333333333,33.9,0.0,1510.0,0.0052081882464182,21,False,True,False,False,False,False,False,0
20.945,33.59,0.0,1506.0,0.0051543045954325,21.0,33.9,0.0,1511.0,0.0052200401847263,21,False,True,False,False,False,False,False,0
21.0,33.59,0.0,1510.0,0.0051719083901061,20.945,33.9,0.0,1510.5,0.0052022712033605,21,False,True,False,False,False,False,False,0
21.0,33.59,0.0,1515.0,0.0051719083901061,21.0,33.9,0.0,1503.33333333333,0.0052200401847263,21,False,True,False,False,False,False,False,0
21.0,33.545,0.0,1520.0,0.0051649221306771,21.0,33.8633333333333,0.0,1507.33333333333,0.0052143467915357,21,False,True,False,False,False,False,False,0
20.9633333333333,33.5,0.0,1517.66666666667,0.0051462262510594,20.945,33.79,0.0,1518.5,0.0051852499542662,21,False,True,False,False,False,False,False,0
21.0,33.5,0.0,1518.5,0.0051579360268906,21.0,33.79,0.0,1532.5,0.0052029603152288,21,False,True,False,False,False,False,False,0
20.9633333333333,33.5,0.0,1525.0,0.0051462262510594,21.0,33.9,0.0,1530.5,0.0052200401847263,21,False,True,False,False,False,False,False,0
21.0,33.45,0.0,1528.0,0.0051501738718873,21.0,33.79,0.0,1538.0,0.0052029603152288,21,False,True,False,False,False,False,False,0
20.945,33.4,0.0,1533.0,0.00512490933289,21.0,33.79,0.0,1538.0,0.0052029603152288,21,False,True,False,False,False,False,False,0
20.89,33.4,0.0,1542.0,0.0051074594343457,21.0,33.79,0.0,1528.33333333333,0.0052029603152288,21,False,True,False,False,False,False,False,0
21.0,33.4,0.0,1543.5,0.0051424119090215,21.0,33.79,0.0,1533.0,0.0052029603152288,21,False,True,False,False,False,False,False,0
20.945,33.4,0.0,1557.5,0.00512490933289,21.0,33.79,0.0,1528.0,0.0052029603152288,21,False,True,False,False,False,False,False,0
20.89,33.245,0.0,1565.5,0.0050835634354124,21.0,33.79,0.0,1522.0,0.0052029603152288,21,False,True,False,False,False,False,False,0
20.89,33.29,0.0,1564.0,0.0050905007958803,20.945,33.79,0.0,1517.0,0.0051852499542662,21,False,True,False,False,False,False,False,0
20.89,33.29,0.0,1542.5,0.0050905007958803,21.0,33.73,0.0,1511.0,0.0051936444148401,21,False,True,False,False,False,False,False,0
20.89,33.245,0.0,1537.0,0.0050835634354124,21.0,33.7,0.0,1510.33333333333,0.0051889865684224,21,False,True,False,False,False,False,False,0
20.89,33.29,0.0,1537.5,0.0050905007958803,21.0,33.7,0.0,1508.5,0.0051889865684224,21,False,True,False,False,False,False,False,0
20.89,33.2,0.0,1546.0,0.0050766262284358,21.0,33.7,0.0,1510.0,0.0051889865684224,21,False,True,False,False,False,False,False,0
20.89,33.2,0.0,1545.0,0.0050766262284358,21.0,33.7,0.0,1513.66666666667,0.0051889865684224,21,False,True,False,False,False,False,False,0
20.89,33.2,0.0,1567.33333333333,0.0050766262284358,21.0,33.7,0.0,1516.0,0.0051889865684224,21,False,True,False,False,False,False,False,0
20.89,33.2,0.0,1684.33333333333,0.0050766262284358,21.0,33.7,0.0,1512.0,0.0051889865684224,21,False,True,False,False,False,False,False,0
20.89,33.2,0.0,1744.0,0.0050766262284358,21.0,33.645,0.0,1512.0,0.0051804473630042,21,False,True,False,False,False,False,False,0
20.89,33.2,0.0,1735.5,0.0050766262284358,21.0,33.6633333333333,0.0,1501.33333333333,0.0051832937389742,21,False,True,False,False,False,False,False,0
20.945,33.145,0.0,1741.5,0.0050854621268986,21.0,33.7,0.0,1500.0,0.0051889865684224,21,False,True,False,False,False,False,False,0
20.89,33.145,0.0,1739.5,0.0050681476283462,21.0,33.7,0.0,1501.33333333333,0.0051889865684224,21,False,True,False,False,False,False,False,0
20.89,33.09,0.0,1741.5,0.0050596692575291,21.0,33.7,0.0,1496.0,0.0051889865684224,21,False,True,False,False,False,False,False,0
20.89,33.09,0.0,1737.0,0.0050596692575291,21.0,33.59,0.0,1498.0,0.0051719083901061,21,False,True,False,False,False,False,False,0
20.89,33.09,0.0,1757.0,0.0050596692575291,21.0,33.59,0.0,1503.5,0.0051719083901061,21,False,True,False,False,False,False,False,0
20.89,33.09,0.0,1759.5,0.0050596692575291,21.0,33.59,0.0,1505.0,0.0051719083901061,21,False,True,False,False,False,False,False,0
20.89,33.045,0.0,1759.0,0.0050527325792054,21.0,33.59,0.0,1507.0,0.0051719083901061,21,False,True,False,False,False,False,False,0
20.89,33.0,0.0,1769.5,0.0050457960543503,20.945,33.59,0.0,1506.0,0.0051543045954325,21,False,True,False,False,False,False,False,0
20.89,33.0,0.0,1752.0,0.0050457960543503,21.0,33.59,0.0,1510.0,0.0051719083901061,21,False,True,False,False,False,False,False,0
20.89,33.0,0.0,1709.0,0.0050457960543503,21.0,33.59,0.0,1515.0,0.0051719083901061,21,False,True,False,False,False,False,False,0
20.89,32.9,0.0,1688.0,0.0050303821041019,21.0,33.545,0.0,1520.0,0.0051649221306771,21,False,True,False,False,False,False,False,0
20.89,32.9,0.0,1666.5,0.0050303821041019,20.9633333333333,33.5,0.0,1517.66666666667,0.0051462262510594,21,False,True,False,False,False,False,False,0
20.89,32.9,0.0,1649.0,0.0050303821041019,21.0,33.5,0.0,1518.5,0.0051579360268906,21,False,True,False,False,False,False,False,0
20.89,32.9,0.0,1594.5,0.0050303821041019,20.9633333333333,33.5,0.0,1525.0,0.0051462262510594,21,False,True,False,False,False,False,False,0
20.89,32.9,0.0,1588.5,0.0050303821041019,21.0,33.45,0.0,1528.0,0.0051501738718873,21,False,True,False,False,False,False,False,0
20.89,32.9,0.0,1581.5,0.0050303821041019,20.945,33.4,0.0,1533.0,0.00512490933289,21,False,True,False,False,False,False,False,0
20.89,32.8725,0.0,1551.0,0.0050261434006358,20.89,33.4,0.0,1542.0,0.0051074594343457,21,False,True,False,False,False,False,False,0
20.89,32.79,0.0,1541.0,0.0050134276340722,21.0,33.4,0.0,1543.5,0.0051424119090215,21,False,True,False,False,False,False,False,0
20.89,32.79,0.0,1539.5,0.0050134276340722,20.945,33.4,0.0,1557.5,0.00512490933289,21,False,True,False,False,False,False,False,0
20.89,32.79,0.0,1536.0,0.0050134276340722,20.89,33.245,0.0,1565.5,0.0050835634354124,21,False,True,False,False,False,False,False,0
20.89,32.745,0.0,1529.0,0.0050064919787761,20.89,33.29,0.0,1564.0,0.0050905007958803,21,False,True,False,False,False,False,False,0
20.89,32.7,0.0,1528.0,0.0049995564769146,20.89,33.29,0.0,1542.5,0.0050905007958803,21,False,True,False,False,False,False,False,0
20.89,32.7,0.0,1525.5,0.0049995564769146,20.89,33.245,0.0,1537.0,0.0050835634354124,21,False,True,False,False,False,False,False,0
20.89,32.7,0.0,1524.5,0.0049995564769146,20.89,33.29,0.0,1537.5,0.0050905007958803,21,False,True,False,False,False,False,False,0
20.89,32.7,0.0,1523.0,0.0049995564769146,20.89,33.2,0.0,1546.0,0.0050766262284358,21,False,True,False,False,False,False,False,0
20.89,32.59,0.0,1516.0,0.0049826036738288,20.89,33.2,0.0,1545.0,0.0050766262284358,21,False,True,False,False,False,False,False,0
20.89,32.59,0.0,1518.33333333333,0.0049826036738288,20.89,33.2,0.0,1567.33333333333,0.0050766262284358,21,False,True,False,False,False,False,False,0
20.89,32.59,0.0,1521.5,0.0049826036738288,20.89,33.2,0.0,1684.33333333333,0.0050766262284358,21,False,True,False,False,False,False,False,0
20.89,32.59,0.0,1522.0,0.0049826036738288,20.89,33.2,0.0,1744.0,0.0050766262284358,21,False,True,False,False,False,False,False,0
20.89,32.59,0.0,1511.0,0.0049826036738288,20.89,33.2,0.0,1735.5,0.0050766262284358,21,False,True,False,False,False,False,False,0
20.79,32.4,0.0,1507.0,0.0049226920428934,20.945,33.145,0.0,1741.5,0.0050854621268986,21,False,True,False,False,False,False,False,0
20.84,32.45,0.0,1506.0,0.0049456678334164,20.89,33.145,0.0,1739.5,0.0050681476283462,21,False,True,False,False,False,False,False,0
20.8233333333333,32.3633333333333,0.0,1513.0,0.0049272572455825,20.89,33.09,0.0,1741.5,0.0050596692575291,21,False,True,False,False,False,False,False,0
20.79,32.2,0.0,1512.0,0.0048920660595527,20.89,33.09,0.0,1737.0,0.0050596692575291,21,False,True,False,False,False,False,False,0
20.79,32.245,0.0,1512.5,0.0048989566449157,20.89,33.09,0.0,1757.0,0.0050596692575291,21,False,True,False,False,False,False,False,0
20.84,32.345,0.0,1514.0,0.0049295380739904,20.89,33.09,0.0,1759.5,0.0050596692575291,22,False,True,False,False,False,False,False,0
20.79,32.29,0.0,1511.0,0.0049058473817584,20.89,33.045,0.0,1759.0,0.0050527325792054,22,False,True,False,False,False,False,False,0
20.84,32.29,0.0,1507.5,0.004921089483612,20.89,33.0,0.0,1769.5,0.0050457960543503,22,False,True,False,False,False,False,False,0
20.89,32.29,0.0,1524.0,0.0049363734154382,20.89,33.0,0.0,1752.0,0.0050457960543503,22,False,True,False,False,False,False,False,0
20.79,32.2,0.0,1545.0,0.0048920660595527,20.89,33.0,0.0,1709.0,0.0050457960543503,22,False,True,False,False,False,False,False,0
20.84,32.245,0.0,1533.5,0.0049141771699435,20.89,32.9,0.0,1688.0,0.0050303821041019,22,False,True,False,False,False,False,False,0
20.89,32.2,0.0,1554.0,0.0049225056673102,20.89,32.9,0.0,1666.5,0.0050303821041019,22,False,True,False,False,False,False,False,0
20.79,32.09,0.0,1599.0,0.0048752230441223,20.89,32.9,0.0,1649.0,0.0050303821041019,22,False,True,False,False,False,False,False,0
20.79,32.09,0.0,1628.5,0.0048752230441223,20.89,32.9,0.0,1594.5,0.0050303821041019,22,False,True,False,False,False,False,False,0
20.8233333333333,32.1266666666667,0.0,1619.33333333333,0.0048909418570997,20.89,32.9,0.0,1588.5,0.0050303821041019,22,False,True,False,False,False,False,False,0
20.89,32.145,0.0,1586.5,0.0049140312343579,20.89,32.9,0.0,1581.5,0.0050303821041019,22,False,True,False,False,False,False,False,0
20.89,32.09,0.0,1586.0,0.0049055570305091,20.89,32.8725,0.0,1551.0,0.0050261434006358,22,False,True,False,False,False,False,False,0
20.89,32.09,0.0,1585.0,0.0049055570305091,20.89,32.79,0.0,1541.0,0.0050134276340722,22,False,True,False,False,False,False,False,0
20.89,32.09,0.0,1570.0,0.0049055570305091,20.89,32.79,0.0,1539.5,0.0050134276340722,22,False,True,False,False,False,False,False,0
20.89,32.06,0.0,1534.66666666667,0.0049009348340615,20.89,32.79,0.0,1536.0,0.0050134276340722,22,False,True,False,False,False,False,False,0
20.89,32.0,0.0,1514.0,0.0048916906456411,20.89,32.745,0.0,1529.0,0.0050064919787761,22,False,True,False,False,False,False,False,0
20.89,32.0,0.0,1483.0,0.0048916906456411,20.89,32.7,0.0,1528.0,0.0049995564769146,22,False,True,False,False,False,False,False,0
20.84,31.89,0.0,1455.0,0.0048596520393623,20.89,32.7,0.0,1525.5,0.0049995564769146,22,False,True,False,False,False,False,False,0
20.89,31.89,0.0,1430.0,0.0048747436749237,20.89,32.7,0.0,1524.5,0.0049995564769146,22,False,True,False,False,False,False,False,0
20.89,31.89,0.0,1412.0,0.0048747436749237,20.89,32.7,0.0,1523.0,0.0049995564769146,22,False,True,False,False,False,False,False,0
20.89,31.89,0.0,1405.0,0.0048747436749237,20.89,32.59,0.0,1516.0,0.0049826036738288,22,False,True,False,False,False,False,False,0
20.8566666666667,31.8566666666667,0.0,1408.33333333333,0.004859553412469,20.89,32.59,0.0,1518.33333333333,0.0049826036738288,22,False,True,False,False,False,False,False,0
20.8566666666667,31.8566666666667,0.0,1419.66666666667,0.004859553412469,20.89,32.59,0.0,1521.5,0.0049826036738288,22,False,True,False,False,False,False,False,0
20.89,31.89,0.0,1455.0,0.0048747436749237,20.89,32.59,0.0,1522.0,0.0049826036738288,22,False,True,False,False,False,False,False,0
20.84,31.795,0.0,1597.5,0.0048450624158593,20.89,32.59,0.0,1511.0,0.0049826036738288,22,False,True,False,False,False,False,False,0
20.79,31.745,0.0,1494.0,0.0048224030932343,20.79,32.4,0.0,1507.0,0.0049226920428934,22,False,True,False,False,False,False,False,0
20.79,31.7,0.0,1303.5,0.0048155141906422,20.84,32.45,0.0,1506.0,0.0049456678334164,22,False,True,False,False,False,False,False,0
20.79,31.7,0.0,1295.0,0.0048155141906422,20.8233333333333,32.3633333333333,0.0,1513.0,0.0049272572455825,22,False,True,False,False,False,False,False,0
20.84,31.745,0.0,1295.0,0.0048373839394214,20.79,32.2,0.0,1512.0,0.0048920660595527,22,False,True,False,False,False,False,False,0
20.8566666666667,31.63,0.0,1575.66666666667,0.0048247084974808,20.79,32.245,0.0,1512.5,0.0048989566449157,22,False,True,False,False,False,False,False,0
20.79,31.6,0.0,1661.0,0.0048002060603259,20.84,32.345,0.0,1514.0,0.0049295380739904,22,False,True,False,False,False,False,False,0
20.89,31.65,0.0,1466.0,0.0048377716463262,20.79,32.29,0.0,1511.0,0.0049058473817584,22,False,True,False,False,False,False,False,0
20.84,31.6,0.0,1454.5,0.0048151174214954,20.84,32.29,0.0,1507.5,0.004921089483612,22,False,True,False,False,False,False,False,0
20.84,31.55,0.0,1451.5,0.004807439678652,20.89,32.29,0.0,1524.0,0.0049363734154382,22,False,True,False,False,False,False,False,0
20.79,31.5,0.0,1445.0,0.0047848986777037,20.79,32.2,0.0,1545.0,0.0048920660595527,22,False,True,False,False,False,False,False,0
20.79,31.395,0.0,1434.5,0.0047688267305963,20.84,32.245,0.0,1533.5,0.0049141771699435,22,False,True,False,False,False,False,False,0
20.79,31.445,0.0,1482.5,0.0047764799359463,20.89,32.2,0.0,1554.0,0.0049225056673102,22,False,True,False,False,False,False,False,0
20.79,31.445,0.0,1525.0,0.0047764799359463,20.79,32.09,0.0,1599.0,0.0048752230441223,22,False,True,False,False,False,False,False,0
20.8233333333333,31.4266666666667,0.0,1469.66666666667,0.0047835547652923,20.79,32.09,0.0,1628.5,0.0048752230441223,22,False,True,False,False,False,False,False,0
20.8233333333333,31.4266666666667,0.0,1474.66666666667,0.0047835547652923,20.8233333333333,32.1266666666667,0.0,1619.33333333333,0.0048909418570997,22,False,True,False,False,False,False,False,0
20.84,31.445,0.0,1539.5,0.0047913170308867,20.89,32.145,0.0,1586.5,0.0049140312343579,22,False,True,False,False,False,False,False,0
20.79,31.29,0.0,1542.0,0.0047527556076978,20.89,32.09,0.0,1586.0,0.0049055570305091,22,False,True,False,False,False,False,False,0
20.84,31.395,0.0,1597.0,0.0047836398710818,20.89,32.09,0.0,1585.0,0.0049055570305091,22,False,True,False,False,False,False,False,0
20.79,31.29,0.0,1662.66666666667,0.0047527556076978,20.89,32.09,0.0,1570.0,0.0049055570305091,22,False,True,False,False,False,False,False,0
20.79,31.29,0.0,1645.5,0.0047527556076978,20.89,32.06,0.0,1534.66666666667,0.0049009348340615,22,False,True,False,False,False,False,False,0
20.79,31.2,0.0,1627.0,0.0047389810154541,20.89,32.0,0.0,1514.0,0.0048916906456411,22,False,True,False,False,False,False,False,0
20.79,31.2,0.0,1582.0,0.0047389810154541,20.89,32.0,0.0,1483.0,0.0048916906456411,22,False,True,False,False,False,False,False,0
20.79,31.29,0.0,1558.5,0.0047527556076978,20.84,31.89,0.0,1455.0,0.0048596520393623,22,False,True,False,False,False,False,False,0
20.79,31.0,0.0,1542.5,0.0047083729780873,20.89,31.89,0.0,1430.0,0.0048747436749237,22,False,True,False,False,False,False,False,0
20.79,31.1,0.0,1526.0,0.0047236766230606,20.89,31.89,0.0,1412.0,0.0048747436749237,22,False,True,False,False,False,False,False,0
20.79,31.2,0.0,1513.0,0.0047389810154541,20.89,31.89,0.0,1405.0,0.0048747436749237,22,False,True,False,False,False,False,False,0
20.79,31.1,0.0,1502.0,0.0047236766230606,20.8566666666667,31.8566666666667,0.0,1408.33333333333,0.004859553412469,22,False,True,False,False,False,False,False,0
20.79,31.1,0.0,1501.5,0.0047236766230606,20.8566666666667,31.8566666666667,0.0,1419.66666666667,0.004859553412469,22,False,True,False,False,False,False,False,0
20.79,31.0,0.0,1727.0,0.0047083729780873,20.89,31.89,0.0,1455.0,0.0048747436749237,22,False,True,False,False,False,False,False,0
20.79,31.0,0.0,1721.0,0.0047083729780873,20.84,31.795,0.0,1597.5,0.0048450624158593,22,False,True,False,False,False,False,False,0
20.79,30.89,0.0,1655.0,0.0046915398318218,20.79,31.745,0.0,1494.0,0.0048224030932343,22,False,True,False,False,False,False,False,0
20.79,30.9266666666667,0.0,2072.0,0.0046971507801023,20.79,31.7,0.0,1303.5,0.0048155141906422,22,False,True,False,False,False,False,False,0
20.79,30.89,0.0,1690.66666666667,0.0046915398318218,20.79,31.7,0.0,1295.0,0.0048155141906422,22,False,True,False,False,False,False,False,0
20.79,30.89,0.0,1412.0,0.0046915398318218,20.84,31.745,0.0,1295.0,0.0048373839394214,22,False,True,False,False,False,False,False,0
20.8233333333333,30.89,0.0,1254.66666666667,0.0047012495740171,20.8566666666667,31.63,0.0,1575.66666666667,0.0048247084974808,22,False,True,False,False,False,False,False,0
20.79,30.79,0.0,1247.5,0.0046762377562529,20.79,31.6,0.0,1661.0,0.0048002060603259,22,False,True,False,False,False,False,False,0
20.79,30.79,0.0,1231.0,0.0046762377562529,20.89,31.65,0.0,1466.0,0.0048377716463262,23,False,True,False,False,False,False,False,0
20.79,30.89,0.0,1231.0,0.0046915398318218,20.84,31.6,0.0,1454.5,0.0048151174214954,23,False,True,False,False,False,False,False,0
20.84,30.84,0.0,1159.5,0.0046984360250421,20.84,31.55,0.0,1451.5,0.004807439678652,23,False,True,False,False,False,False,False,0
20.84,30.745,0.0,1157.0,0.0046838539048172,20.79,31.5,0.0,1445.0,0.0047848986777037,23,False,True,False,False,False,False,False,0
20.8566666666667,30.7933333333333,0.0,1135.33333333333,0.0046961232996655,20.79,31.395,0.0,1434.5,0.0047688267305963,23,False,True,False,False,False,False,False,0
20.79,30.7,0.0,1128.0,0.0046624665271417,20.79,31.445,0.0,1482.5,0.0047764799359463,23,False,True,False,False,False,False,False,0
20.84,30.745,0.0,1119.5,0.0046838539048172,20.79,31.445,0.0,1525.0,0.0047764799359463,23,False,True,False,False,False,False,False,0
20.89,30.79,0.0,1116.0,0.0047053243487683,20.8233333333333,31.4266666666667,0.0,1469.66666666667,0.0047835547652923,23,False,True,False,False,False,False,False,0
20.89,30.79,0.0,1113.0,0.0047053243487683,20.8233333333333,31.4266666666667,0.0,1474.66666666667,0.0047835547652923,23,False,True,False,False,False,False,False,0
20.89,30.7,0.0,1133.0,0.0046914668201923,20.84,31.445,0.0,1539.5,0.0047913170308867,23,False,True,False,False,False,False,False,0
20.84,30.695,0.0,1149.0,0.0046761793772626,20.79,31.29,0.0,1542.0,0.0047527556076978,23,False,True,False,False,False,False,False,0
20.84,30.6,0.0,1146.5,0.0046615982927498,20.84,31.395,0.0,1597.0,0.0047836398710818,23,False,True,False,False,False,False,False,0
20.89,30.6333333333333,0.0,1145.66666666667,0.004681202379305,20.79,31.29,0.0,1662.66666666667,0.0047527556076978,23,False,True,False,False,False,False,False,0
20.84,30.55,0.0,1136.5,0.0046539243102778,20.79,31.29,0.0,1645.5,0.0047527556076978,23,False,True,False,False,False,False,False,0
20.89,30.6,0.0,1132.0,0.0046760702849496,20.79,31.2,0.0,1627.0,0.0047389810154541,23,False,True,False,False,False,False,False,0
20.89,30.6,0.0,1135.5,0.0046760702849496,20.79,31.2,0.0,1582.0,0.0047389810154541,23,False,True,False,False,False,False,False,0
20.84,30.495,0.0,1164.5,0.0046454831466361,20.79,31.29,0.0,1558.5,0.0047527556076978,23,False,True,False,False,False,False,False,0
20.8566666666667,30.4966666666667,0.0,1180.0,0.0046505420135775,20.79,31.0,0.0,1542.5,0.0047083729780873,23,False,True,False,False,False,False,False,0
20.84,30.5,0.0,1173.0,0.0046462505157519,20.79,31.1,0.0,1526.0,0.0047236766230606,23,False,True,False,False,False,False,False,0
20.89,30.5,0.0,1184.5,0.0046606745062113,20.79,31.2,0.0,1513.0,0.0047389810154541,23,False,True,False,False,False,False,False,0
20.89,30.445,0.0,1189.5,0.0046522071503452,20.79,31.1,0.0,1502.0,0.0047236766230606,23,False,True,False,False,False,False,False,0
20.89,30.39,0.0,1190.0,0.0046437400232955,20.79,31.1,0.0,1501.5,0.0047236766230606,23,False,True,False,False,False,False,False,0
20.89,30.39,0.0,1198.0,0.0046437400232955,20.79,31.0,0.0,1727.0,0.0047083729780873,23,False,True,False,False,False,False,False,0
20.89,30.39,0.0,1191.0,0.0046437400232955,20.79,31.0,0.0,1721.0,0.0047083729780873,23,False,True,False,False,False,False,False,0
20.89,30.29,0.0,1196.0,0.0046283458330353,20.79,30.89,0.0,1655.0,0.0046915398318218,23,False,True,False,False,False,False,False,0
20.89,30.29,0.0,1195.0,0.0046283458330353,20.79,30.9266666666667,0.0,2072.0,0.0046971507801023,23,False,True,False,False,False,False,False,0
20.89,30.29,0.0,1193.0,0.0046283458330353,20.79,30.89,0.0,1690.66666666667,0.0046915398318218,23,False,True,False,False,False,False,False,0
20.89,30.245,0.0,1193.5,0.0046214186941748,20.79,30.89,0.0,1412.0,0.0046915398318218,23,False,True,False,False,False,False,False,0
20.89,30.2,0.0,1186.0,0.0046144917084664,20.8233333333333,30.89,0.0,1254.66666666667,0.0047012495740171,23,False,True,False,False,False,False,False,0
20.84,30.195,0.0,1198.5,0.0045994444387118,20.79,30.79,0.0,1247.5,0.0046762377562529,23,False,True,False,False,False,False,False,0
20.89,30.2,0.0,1202.0,0.0046144917084664,20.79,30.79,0.0,1231.0,0.0046762377562529,23,False,True,False,False,False,False,False,0
20.89,30.1,0.0,1199.33333333333,0.0045990989551889,20.79,30.89,0.0,1231.0,0.0046915398318218,23,False,True,False,False,False,False,False,0
20.89,30.1,0.0,1197.0,0.0045990989551889,20.84,30.84,0.0,1159.5,0.0046984360250421,23,False,True,False,False,False,False,False,0
20.89,30.1,0.0,1198.0,0.0045990989551889,20.84,30.745,0.0,1157.0,0.0046838539048172,23,False,True,False,False,False,False,False,0
20.89,30.0,0.0,1202.0,0.0045837069581372,20.8566666666667,30.7933333333333,0.0,1135.33333333333,0.0046961232996655,23,False,True,False,False,False,False,False,0
20.89,30.0,0.0,1212.5,0.0045837069581372,20.79,30.7,0.0,1128.0,0.0046624665271417,23,False,True,False,False,False,False,False,0
20.89,30.0,0.0,1221.5,0.0045837069581372,20.84,30.745,0.0,1119.5,0.0046838539048172,23,False,True,False,False,False,False,False,0
20.89,30.0,0.0,1219.0,0.0045837069581372,20.89,30.79,0.0,1116.0,0.0047053243487683,23,False,True,False,False,False,False,False,0
20.89,30.0,0.0,1217.33333333333,0.0045837069581372,20.89,30.79,0.0,1113.0,0.0047053243487683,23,False,True,False,False,False,False,False,0
20.89,30.0,0.0,1217.66666666667,0.0045837069581372,20.89,30.7,0.0,1133.0,0.0046914668201923,23,False,True,False,False,False,False,False,0
20.89,30.0,0.0,1221.0,0.0045837069581372,20.84,30.695,0.0,1149.0,0.0046761793772626,23,False,True,False,False,False,False,False,0
20.89,30.0,0.0,1220.5,0.0045837069581372,20.84,30.6,0.0,1146.5,0.0046615982927498,23,False,True,False,False,False,False,False,0
20.89,29.89,0.0,1235.0,0.0045667766347547,20.89,30.6333333333333,0.0,1145.66666666667,0.004681202379305,23,False,True,False,False,False,False,False,0
20.89,29.89,0.0,1252.5,0.0045667766347547,20.84,30.55,0.0,1136.5,0.0046539243102778,23,False,True,False,False,False,False,False,0
20.89,29.89,0.0,1250.0,0.0045667766347547,20.89,30.6,0.0,1132.0,0.0046760702849496,23,False,True,False,False,False,False,False,0
20.89,29.79,0.0,1216.0,0.0045513862255959,20.89,30.6,0.0,1135.5,0.0046760702849496,23,False,True,False,False,False,False,False,0
20.89,29.79,0.0,1231.5,0.0045513862255959,20.84,30.495,0.0,1164.5,0.0046454831466361,23,False,True,False,False,False,False,False,0
20.89,29.7,0.0,1252.5,0.00453753550378,20.8566666666667,30.4966666666667,0.0,1180.0,0.0046505420135775,23,False,True,False,False,False,False,False,0
20.89,29.6,0.0,1270.5,0.0045221465310744,20.84,30.5,0.0,1173.0,0.0046462505157519,23,False,True,False,False,False,False,False,0
20.89,29.65,0.0,1269.5,0.0045298409229303,20.89,30.5,0.0,1184.5,0.0046606745062113,23,False,True,False,False,False,False,False,0
20.89,29.7,0.0,1267.0,0.00453753550378,20.89,30.445,0.0,1189.5,0.0046522071503452,23,False,True,False,False,False,False,False,0
20.89,29.7,0.0,1255.5,0.00453753550378,20.89,30.39,0.0,1190.0,0.0046437400232955,23,False,True,False,False,False,False,False,0
20.89,29.7,0.0,1245.5,0.00453753550378,20.89,30.39,0.0,1198.0,0.0046437400232955,23,False,True,False,False,False,False,False,0
20.89,29.6,0.0,1221.5,0.0045221465310744,20.89,30.39,0.0,1191.0,0.0046437400232955,23,False,True,False,False,False,False,False,0
20.89,29.6,0.0,1201.0,0.0045221465310744,20.89,30.29,0.0,1196.0,0.0046283458330353,23,False,True,False,False,False,False,False,0
20.89,29.55,0.0,1196.0,0.0045144523282053,20.89,30.29,0.0,1195.0,0.0046283458330353,23,False,True,False,False,False,False,False,0
20.89,29.525,0.0,1194.0,0.0045106052976387,20.89,30.29,0.0,1193.0,0.0046283458330353,23,False,True,False,False,False,False,False,0
20.89,29.5,0.0,1203.0,0.0045067583143161,20.89,30.245,0.0,1193.5,0.0046214186941748,23,False,True,False,False,False,False,False,0
20.89,29.5,0.0,1202.5,0.0045067583143161,20.89,30.2,0.0,1186.0,0.0046144917084664,23,False,True,False,False,False,False,False,0
20.89,29.445,0.0,1201.5,0.0044982951173013,20.84,30.195,0.0,1198.5,0.0045994444387118,0,False,False,True,False,False,False,False,0
20.89,29.5,0.0,1201.5,0.0045067583143161,20.89,30.2,0.0,1202.0,0.0046144917084664,0,False,False,True,False,False,False,False,0
20.89,29.5,0.0,1205.0,0.0045067583143161,20.89,30.1,0.0,1199.33333333333,0.0045990989551889,0,False,False,True,False,False,False,False,0
20.89,29.4633333333333,0.0,1212.66666666667,0.0045011161575671,20.89,30.1,0.0,1197.0,0.0045990989551889,0,False,False,True,False,False,False,False,0
20.89,29.5,0.0,1213.5,0.0045067583143161,20.89,30.1,0.0,1198.0,0.0045990989551889,0,False,False,True,False,False,False,False,0
20.89,29.4266666666667,0.0,1213.66666666667,0.0044954741024409,20.89,30.0,0.0,1202.0,0.0045837069581372,0,False,False,True,False,False,False,False,0
20.89,29.29,0.0,1215.0,0.0044744455194842,20.89,30.0,0.0,1212.5,0.0045837069581372,0,False,False,True,False,False,False,False,0
20.89,29.39,0.0,1233.0,0.0044898321489345,20.89,30.0,0.0,1221.5,0.0045837069581372,0,False,False,True,False,False,False,False,0
20.89,29.39,0.0,1234.5,0.0044898321489345,20.89,30.0,0.0,1219.0,0.0045837069581372,0,False,False,True,False,False,False,False,0
20.89,29.29,0.0,1239.0,0.0044744455194842,20.89,30.0,0.0,1217.33333333333,0.0045837069581372,0,False,False,True,False,False,False,False,0
20.89,29.29,0.0,1246.5,0.0044744455194842,20.89,30.0,0.0,1217.66666666667,0.0045837069581372,0,False,False,True,False,False,False,False,0
20.89,29.29,0.0,1238.5,0.0044744455194842,20.89,30.0,0.0,1221.0,0.0045837069581372,0,False,False,True,False,False,False,False,0
20.89,29.2,0.0,1244.0,0.0044605981991677,20.89,30.0,0.0,1220.5,0.0045837069581372,0,False,False,True,False,False,False,False,0
20.84,29.2,0.0,1255.5,0.0044467978045291,20.89,29.89,0.0,1235.0,0.0045667766347547,0,False,False,True,False,False,False,False,0
20.89,29.2,0.0,1327.0,0.0044605981991677,20.89,29.89,0.0,1252.5,0.0045667766347547,0,False,False,True,False,False,False,False,0
20.89,29.2,0.0,1355.0,0.0044605981991677,20.89,29.89,0.0,1250.0,0.0045667766347547,0,False,False,True,False,False,False,False,0
20.89,29.1,0.0,1367.5,0.0044452130056415,20.89,29.79,0.0,1216.0,0.0045513862255959,0,False,False,True,False,False,False,False,0
20.89,29.15,0.0,1302.5,0.0044529055079425,20.89,29.79,0.0,1231.5,0.0045513862255959,0,False,False,True,False,False,False,False,0
20.89,29.0,0.0,1255.0,0.004429828567784,20.89,29.7,0.0,1252.5,0.00453753550378,0,False,False,True,False,False,False,False,0
20.89,29.1,0.0,1239.0,0.0044452130056415,20.89,29.6,0.0,1270.5,0.0045221465310744,0,False,False,True,False,False,False,False,0
20.89,29.0,0.0,1052.66666666667,0.004429828567784,20.89,29.65,0.0,1269.5,0.0045298409229303,0,False,False,True,False,False,False,False,0
20.89,29.0,0.0,1030.5,0.004429828567784,20.89,29.7,0.0,1267.0,0.00453753550378,0,False,False,True,False,False,False,False,0
20.89,29.0,0.0,1043.0,0.004429828567784,20.89,29.7,0.0,1255.5,0.00453753550378,0,False,False,True,False,False,False,False,0
20.89,29.0,0.0,1045.0,0.004429828567784,20.89,29.7,0.0,1245.5,0.00453753550378,0,False,False,True,False,False,False,False,0
20.89,29.0,0.0,1058.5,0.004429828567784,20.89,29.6,0.0,1221.5,0.0045221465310744,0,False,False,True,False,False,False,False,0
20.89,28.89,0.0,1050.0,0.0044129065588719,20.89,29.6,0.0,1201.0,0.0045221465310744,0,False,False,True,False,False,False,False,0
20.89,28.89,0.0,1058.5,0.0044129065588719,20.89,29.55,0.0,1196.0,0.0045144523282053,0,False,False,True,False,False,False,False,0
20.89,28.89,0.0,1072.0,0.0044129065588719,20.89,29.525,0.0,1194.0,0.0045106052976387,0,False,False,True,False,False,False,False,0
20.89,28.89,0.0,1086.0,0.0044129065588719,20.89,29.5,0.0,1203.0,0.0045067583143161,0,False,False,True,False,False,False,False,0
20.89,28.89,0.0,1118.5,0.0044129065588719,20.89,29.5,0.0,1202.5,0.0045067583143161,0,False,False,True,False,False,False,False,0
20.89,28.89,0.0,1141.5,0.0044129065588719,20.89,29.445,0.0,1201.5,0.0044982951173013,0,False,False,True,False,False,False,False,0
20.89,28.89,0.0,1145.33333333333,0.0044129065588719,20.89,29.5,0.0,1201.5,0.0045067583143161,0,False,False,True,False,False,False,False,0
20.89,28.89,0.0,1141.0,0.0044129065588719,20.89,29.5,0.0,1205.0,0.0045067583143161,0,False,False,True,False,False,False,False,0
20.89,28.84,0.0,1154.0,0.0044052150388643,20.89,29.4633333333333,0.0,1212.66666666667,0.0045011161575671,0,False,False,True,False,False,False,False,0
20.84,28.84,0.0,1159.5,0.0043915871922481,20.89,29.5,0.0,1213.5,0.0045067583143161,0,False,False,True,False,False,False,False,0
20.89,28.89,0.0,1164.5,0.0044129065588719,20.89,29.4266666666667,0.0,1213.66666666667,0.0044954741024409,0,False,False,True,False,False,False,False,0
20.8233333333333,28.8233333333333,0.0,1158.0,0.0043844996997652,20.89,29.29,0.0,1215.0,0.0044744455194842,0,False,False,True,False,False,False,False,0
20.84,28.745,0.0,1185.5,0.0043770193479775,20.89,29.39,0.0,1233.0,0.0044898321489345,0,False,False,True,False,False,False,False,0
20.8233333333333,28.73,0.0,1206.33333333333,0.0043702024230849,20.89,29.39,0.0,1234.5,0.0044898321489345,0,False,False,True,False,False,False,False,0
20.89,28.7,0.0,1656.5,0.0043836797876679,20.89,29.29,0.0,1239.0,0.0044744455194842,0,False,False,True,False,False,False,False,0
20.89,28.7,0.0,1489.66666666667,0.0043836797876679,20.89,29.29,0.0,1246.5,0.0044744455194842,0,False,False,True,False,False,False,False,0
20.89,28.7,0.0,1879.5,0.0043836797876679,20.89,29.29,0.0,1238.5,0.0044744455194842,0,False,False,True,False,False,False,False,0
20.89,28.65,0.0,1774.0,0.0043759889853711,20.89,29.2,0.0,1244.0,0.0044605981991677,0,False,False,True,False,False,False,False,0
20.89,28.6,0.0,1684.0,0.004368298371929,20.84,29.2,0.0,1255.5,0.0044467978045291,0,False,False,True,False,False,False,False,0
20.8566666666667,28.4633333333333,0.0,1631.66666666667,0.0043383093236317,20.89,29.2,0.0,1327.0,0.0044605981991677,0,False,False,True,False,False,False,False,0
20.79,28.5,0.0,1542.0,0.0043260246052883,20.89,29.2,0.0,1355.0,0.0044605981991677,0,False,False,True,False,False,False,False,0
20.89,28.55,0.0,1512.5,0.0043606079473345,20.89,29.1,0.0,1367.5,0.0044452130056415,0,False,False,True,False,False,False,False,0
20.8566666666667,28.5666666666667,0.0,1431.66666666667,0.0043541693820436,20.89,29.15,0.0,1302.5,0.0044529055079425,0,False,False,True,False,False,False,False,0
20.89,28.5,0.0,1399.0,0.0043529177115806,20.89,29.0,0.0,1255.0,0.004429828567784,0,False,False,True,False,False,False,False,0
20.89,28.445,0.0,1366.0,0.0043444586703541,20.89,29.1,0.0,1239.0,0.0044452130056415,0,False,False,True,False,False,False,False,0
20.89,28.445,0.0,1328.5,0.0043444586703541,20.89,29.0,0.0,1052.66666666667,0.004429828567784,0,False,False,True,False,False,False,False,0
20.89,28.39,0.0,1306.0,0.004335999857607,20.89,29.0,0.0,1030.5,0.004429828567784,0,False,False,True,False,False,False,False,0
20.89,28.39,0.0,1308.0,0.004335999857607,20.89,29.0,0.0,1043.0,0.004429828567784,0,False,False,True,False,False,False,False,0
20.89,28.39,0.0,1321.0,0.004335999857607,20.89,29.0,0.0,1045.0,0.004429828567784,0,False,False,True,False,False,False,False,0
20.89,28.295,0.0,1344.5,0.0043213897191712,20.89,29.0,0.0,1058.5,0.004429828567784,0,False,False,True,False,False,False,False,0
20.89,28.29,0.0,1359.0,0.0043206207833976,20.89,28.89,0.0,1050.0,0.0044129065588719,0,False,False,True,False,False,False,False,0
20.89,28.29,0.0,1359.0,0.0043206207833976,20.89,28.89,0.0,1058.5,0.0044129065588719,0,False,False,True,False,False,False,False,0
20.89,28.29,0.0,1357.0,0.0043206207833976,20.89,28.89,0.0,1072.0,0.0044129065588719,0,False,False,True,False,False,False,False,0
20.89,28.29,0.0,1350.0,0.0043206207833976,20.89,28.89,0.0,1086.0,0.0044129065588719,0,False,False,True,False,False,False,False,0
20.8566666666667,28.1666666666667,0.0,1337.5,0.0042927800703301,20.89,28.89,0.0,1118.5,0.0044129065588719,0,False,False,True,False,False,False,False,0
20.89,28.2,0.0,1340.33333333333,0.0043067802623221,20.89,28.89,0.0,1141.5,0.0044129065588719,1,False,False,True,False,False,False,False,0
20.89,28.245,0.0,1342.0,0.0043137004463966,20.89,28.89,0.0,1145.33333333333,0.0044129065588719,1,False,False,True,False,False,False,False,0
20.89,28.2,0.0,1356.0,0.0043067802623221,20.89,28.89,0.0,1141.0,0.0044129065588719,1,False,False,True,False,False,False,False,0
20.89,28.1,0.0,1357.0,0.0042914026229793,20.89,28.84,0.0,1154.0,0.0044052150388643,1,False,False,True,False,False,False,False,0
20.8233333333333,28.1333333333333,0.0,1394.33333333333,0.0042788173966307,20.84,28.84,0.0,1159.5,0.0043915871922481,1,False,False,True,False,False,False,False,0
20.89,28.2,0.0,1427.0,0.0043067802623221,20.89,28.89,0.0,1164.5,0.0044129065588719,1,False,False,True,False,False,False,False,0
20.89,28.2,0.0,1427.0,0.0043067802623221,20.8233333333333,28.8233333333333,0.0,1158.0,0.0043844996997652,1,False,False,True,False,False,False,False,0
20.89,28.15,0.0,1420.0,0.0042990913482582,20.84,28.745,0.0,1185.5,0.0043770193479775,1,False,False,True,False,False,False,False,0
20.79,28.0,0.0,1419.0,0.0042496109079385,20.8233333333333,28.73,0.0,1206.33333333333,0.0043702024230849,1,False,False,True,False,False,False,False,0
20.89,28.1,0.0,1422.0,0.0042914026229793,20.89,28.7,0.0,1656.5,0.0043836797876679,1,False,False,True,False,False,False,False,0
20.84,27.995,0.0,1366.5,0.0042620338378869,20.89,28.7,0.0,1489.66666666667,0.0043836797876679,1,False,False,True,False,False,False,False,0
20.89,28.1,0.0,1322.0,0.0042914026229793,20.89,28.7,0.0,1879.5,0.0043836797876679,1,False,False,True,False,False,False,False,0
20.89,27.995,0.0,1307.5,0.0042752569143581,20.89,28.65,0.0,1774.0,0.0043759889853711,1,False,False,True,False,False,False,False,0
20.8233333333333,27.89,0.0,1311.5,0.0042415562972138,20.89,28.6,0.0,1684.0,0.004368298371929,1,False,False,True,False,False,False,False,0
20.79,27.89,0.0,1341.33333333333,0.0042328023966685,20.8566666666667,28.4633333333333,0.0,1631.66666666667,0.0043383093236317,1,False,False,True,False,False,False,False,0
20.79,27.89,0.0,1327.66666666667,0.0042328023966685,20.79,28.5,0.0,1542.0,0.0043260246052883,1,False,False,True,False,False,False,False,0
20.79,27.89,0.0,1323.5,0.0042328023966685,20.89,28.55,0.0,1512.5,0.0043606079473345,1,False,False,True,False,False,False,False,0
20.79,27.89,0.0,1297.5,0.0042328023966685,20.8566666666667,28.5666666666667,0.0,1431.66666666667,0.0043541693820436,1,False,False,True,False,False,False,False,0
20.79,27.89,0.0,1291.25,0.0042328023966685,20.89,28.5,0.0,1399.0,0.0043529177115806,1,False,False,True,False,False,False,False,0
20.89,28.0,0.0,1299.0,0.0042760257387489,20.89,28.445,0.0,1366.0,0.0043444586703541,1,False,False,True,False,False,False,False,0
20.79,27.89,0.0,1302.0,0.0042328023966685,20.89,28.445,0.0,1328.5,0.0043444586703541,1,False,False,True,False,False,False,False,0
20.79,27.89,0.0,1317.0,0.0042328023966685,20.89,28.39,0.0,1306.0,0.004335999857607,1,False,False,True,False,False,False,False,0
20.79,27.79,0.0,1321.0,0.0042175227148283,20.89,28.39,0.0,1308.0,0.004335999857607,1,False,False,True,False,False,False,False,0
20.84,27.84,0.0,1321.5,0.0042382754295083,20.89,28.39,0.0,1321.0,0.004335999857607,1,False,False,True,False,False,False,False,0
20.79,27.79,0.0,1321.0,0.0042175227148283,20.89,28.295,0.0,1344.5,0.0043213897191712,1,False,False,True,False,False,False,False,0
20.79,27.79,0.0,1317.5,0.0042175227148283,20.89,28.29,0.0,1359.0,0.0043206207833976,1,False,False,True,False,False,False,False,0
20.79,27.6666666666667,0.0,1318.66666666667,0.0041986788007579,20.89,28.29,0.0,1359.0,0.0043206207833976,1,False,False,True,False,False,False,False,0
20.89,27.7,0.0,1329.0,0.0042298996161754,20.89,28.29,0.0,1357.0,0.0043206207833976,1,False,False,True,False,False,False,False,0
20.8566666666667,27.76,0.0,1330.66666666667,0.004230379938303,20.89,28.29,0.0,1350.0,0.0043206207833976,1,False,False,True,False,False,False,False,0
20.89,27.7,0.0,1329.0,0.0042298996161754,20.8566666666667,28.1666666666667,0.0,1337.5,0.0042927800703301,1,False,False,True,False,False,False,False,0
20.84,27.7225,0.0,1330.5,0.0042202662243341,20.89,28.2,0.0,1340.33333333333,0.0043067802623221,1,False,False,True,False,False,False,False,0
20.89,27.79,0.0,1342.0,0.0042437367395082,20.89,28.245,0.0,1342.0,0.0043137004463966,1,False,False,True,False,False,False,False,0
20.89,27.6,0.0,1342.0,0.0042145257518382,20.89,28.2,0.0,1356.0,0.0043067802623221,1,False,False,True,False,False,False,False,0
20.79,27.445,0.0,1333.5,0.0041648135356325,20.89,28.1,0.0,1357.0,0.0042914026229793,1,False,False,True,False,False,False,False,0
20.79,27.6,0.0,1336.0,0.0041884933734446,20.8233333333333,28.1333333333333,0.0,1394.33333333333,0.0042788173966307,1,False,False,True,False,False,False,False,0
20.79,27.6,0.0,1335.66666666667,0.0041884933734446,20.89,28.2,0.0,1427.0,0.0043067802623221,1,False,False,True,False,False,False,False,0
20.79,27.6,0.0,1322.0,0.0041884933734446,20.89,28.2,0.0,1427.0,0.0043067802623221,1,False,False,True,False,False,False,False,0
20.79,27.65,0.0,1348.5,0.0041961324128659,20.89,28.15,0.0,1420.0,0.0042990913482582,1,False,False,True,False,False,False,False,0
20.79,27.55,0.0,1358.5,0.0041808545204,20.79,28.0,0.0,1419.0,0.0042496109079385,1,False,False,True,False,False,False,False,0
20.79,27.6,0.0,1386.5,0.0041884933734446,20.89,28.1,0.0,1422.0,0.0042914026229793,1,False,False,True,False,False,False,False,0
20.79,27.5,0.0,1404.0,0.0041732158537254,20.84,27.995,0.0,1366.5,0.0042620338378869,1,False,False,True,False,False,False,False,0
20.79,27.5,0.0,1431.5,0.0041732158537254,20.89,28.1,0.0,1322.0,0.0042914026229793,1,False,False,True,False,False,False,False,0
20.79,27.445,0.0,1483.0,0.0041648135356325,20.89,27.995,0.0,1307.5,0.0042752569143581,1,False,False,True,False,False,False,False,0
20.79,27.445,0.0,1472.0,0.0041648135356325,20.8233333333333,27.89,0.0,1311.5,0.0042415562972138,1,False,False,True,False,False,False,False,0
20.79,27.39,0.0,1484.0,0.0041564114430299,20.79,27.89,0.0,1341.33333333333,0.0042328023966685,1,False,False,True,False,False,False,False,0
20.79,27.5,0.0,1496.33333333333,0.0041732158537254,20.79,27.89,0.0,1327.66666666667,0.0042328023966685,1,False,False,True,False,False,False,False,0
20.79,27.5,0.0,1497.0,0.0041732158537254,20.79,27.89,0.0,1323.5,0.0042328023966685,1,False,False,True,False,False,False,False,0
20.79,27.39,0.0,1515.5,0.0041564114430299,20.79,27.89,0.0,1297.5,0.0042328023966685,1,False,False,True,False,False,False,False,0
20.79,27.5,0.0,1748.0,0.0041732158537254,20.79,27.89,0.0,1291.25,0.0042328023966685,1,False,False,True,False,False,False,False,0
20.79,27.39,0.0,2065.75,0.0041564114430299,20.89,28.0,0.0,1299.0,0.0042760257387489,1,False,False,True,False,False,False,False,0
20.79,27.39,0.0,1739.0,0.0041564114430299,20.79,27.89,0.0,1302.0,0.0042328023966685,1,False,False,True,False,False,False,False,0
20.79,27.245,0.0,2076.5,0.0041342615524186,20.79,27.89,0.0,1317.0,0.0042328023966685,1,False,False,True,False,False,False,False,0
20.79,27.26,0.0,1978.66666666667,0.004136552847742,20.79,27.79,0.0,1321.0,0.0042175227148283,1,False,False,True,False,False,False,False,0
20.79,27.1,0.0,1588.0,0.0041121132288289,20.84,27.84,0.0,1321.5,0.0042382754295083,1,False,False,True,False,False,False,False,0
20.79,27.195,0.0,1544.5,0.0041266240224531,20.79,27.79,0.0,1321.0,0.0042175227148283,1,False,False,True,False,False,False,False,0
20.79,27.1,0.0,1538.5,0.0041121132288289,20.79,27.79,0.0,1317.5,0.0042175227148283,1,False,False,True,False,False,False,False,0
20.73,27.1,0.0,1398.33333333333,0.0040968474395672,20.79,27.6666666666667,0.0,1318.66666666667,0.0041986788007579,1,False,False,True,False,False,False,False,0
20.7,27.1,0.0,1415.0,0.0040892333111771,20.89,27.7,0.0,1329.0,0.0042298996161754,1,False,False,True,False,False,False,False,0
20.7,27.15,0.0,1409.0,0.0040968277156215,20.8566666666667,27.76,0.0,1330.66666666667,0.004230379938303,1,False,False,True,False,False,False,False,0
20.7,27.15,0.0,1603.5,0.0040968277156215,20.89,27.7,0.0,1329.0,0.0042298996161754,1,False,False,True,False,False,False,False,0
20.7,27.2,0.0,1537.0,0.004104422304307,20.84,27.7225,0.0,1330.5,0.0042202662243341,1,False,False,True,False,False,False,False,0
20.7,27.1666666666667,0.0,1288.66666666667,0.0040993592247118,20.89,27.79,0.0,1342.0,0.0042437367395082,2,False,False,True,False,False,False,False,0
20.7,27.2,0.0,1283.0,0.004104422304307,20.89,27.6,0.0,1342.0,0.0042145257518382,2,False,False,True,False,False,False,False,0
20.7,27.2,0.0,1282.0,0.004104422304307,20.79,27.445,0.0,1333.5,0.0041648135356325,2,False,False,True,False,False,False,False,0
20.745,27.2,0.0,1282.5,0.0041158909042652,20.79,27.6,0.0,1336.0,0.0041884933734446,2,False,False,True,False,False,False,False,0
20.79,27.0666666666667,0.0,1285.0,0.0041070218816938,20.79,27.6,0.0,1335.66666666667,0.0041884933734446,2,False,False,True,False,False,False,False,0
20.7,27.0,0.0,1282.0,0.0040740450549847,20.79,27.6,0.0,1322.0,0.0041884933734446,2,False,False,True,False,False,False,False,0
20.745,27.05,0.0,1236.5,0.0040930436137699,20.79,27.65,0.0,1348.5,0.0041961324128659,2,False,False,True,False,False,False,False,0
20.7,27.0666666666667,0.0,1241.33333333333,0.0040841704772337,20.79,27.55,0.0,1358.5,0.0041808545204,2,False,False,True,False,False,False,False,0
20.7,27.1,0.0,1241.0,0.0040892333111771,20.79,27.6,0.0,1386.5,0.0041884933734446,2,False,False,True,False,False,False,False,0
20.7,26.945,0.0,1219.5,0.0040656918281791,20.79,27.5,0.0,1404.0,0.0041732158537254,2,False,False,True,False,False,False,False,0
20.7,27.0,0.0,1214.0,0.0040740450549847,20.79,27.5,0.0,1431.5,0.0041732158537254,2,False,False,True,False,False,False,False,0
20.7,26.945,0.0,1216.5,0.0040656918281791,20.79,27.445,0.0,1483.0,0.0041648135356325,2,False,False,True,False,False,False,False,0
20.7,27.1,0.0,1211.0,0.0040892333111771,20.79,27.445,0.0,1472.0,0.0041648135356325,2,False,False,True,False,False,False,False,0
20.7,27.1,0.0,1207.5,0.0040892333111771,20.79,27.39,0.0,1484.0,0.0041564114430299,2,False,False,True,False,False,False,False,0
20.7,27.0,0.0,1209.0,0.0040740450549847,20.79,27.5,0.0,1496.33333333333,0.0041732158537254,2,False,False,True,False,False,False,False,0
20.7,26.995,0.0,1206.5,0.0040732856615188,20.79,27.5,0.0,1497.0,0.0041732158537254,2,False,False,True,False,False,False,False,0
20.7,27.1,0.0,1210.0,0.0040892333111771,20.79,27.39,0.0,1515.5,0.0041564114430299,2,False,False,True,False,False,False,False,0
20.7,27.0,0.0,1215.0,0.0040740450549847,20.79,27.5,0.0,1748.0,0.0041732158537254,2,False,False,True,False,False,False,False,0
20.745,27.0,0.0,1222.5,0.0040854282208045,20.79,27.39,0.0,2065.75,0.0041564114430299,2,False,False,True,False,False,False,False,0
20.745,26.89,0.0,1221.0,0.0040686750083694,20.79,27.39,0.0,1739.0,0.0041564114430299,2,False,False,True,False,False,False,False,0
20.73,26.8233333333333,0.0,1213.66666666667,0.0040547496523542,20.79,27.245,0.0,2076.5,0.0041342615524186,2,False,False,True,False,False,False,False,0
20.7,26.84,0.0,1212.0,0.004049745377773,20.79,27.26,0.0,1978.66666666667,0.004136552847742,2,False,False,True,False,False,False,False,0
20.7,26.89,0.0,1220.5,0.0040573388242719,20.79,27.1,0.0,1588.0,0.0041121132288289,2,False,False,True,False,False,False,False,0
20.6666666666667,26.7933333333333,0.0,1220.33333333333,0.0040343096404757,20.79,27.195,0.0,1544.5,0.0041266240224531,2,False,False,True,False,False,False,False,0
20.7,26.89,0.0,1224.0,0.0040573388242719,20.79,27.1,0.0,1538.5,0.0041121132288289,2,False,False,True,False,False,False,False,0
20.6,26.84,0.0,1234.0,0.0040247008234401,20.73,27.1,0.0,1398.33333333333,0.0040968474395672,2,False,False,True,False,False,False,False,0
20.7,26.89,0.0,1231.5,0.0040573388242719,20.7,27.1,0.0,1415.0,0.0040892333111771,2,False,False,True,False,False,False,False,0
20.6,26.84,0.0,1233.5,0.0040247008234401,20.7,27.15,0.0,1409.0,0.0040968277156215,2,False,False,True,False,False,False,False,0
20.6,26.84,0.0,1238.0,0.0040247008234401,20.7,27.15,0.0,1603.5,0.0040968277156215,2,False,False,True,False,False,False,False,0
20.6,26.89,0.0,1233.0,0.0040322470078677,20.7,27.2,0.0,1537.0,0.004104422304307,2,False,False,True,False,False,False,False,0
20.7,27.0,0.0,1234.0,0.0040740450549847,20.7,27.1666666666667,0.0,1288.66666666667,0.0040993592247118,2,False,False,True,False,False,False,False,0
20.7,26.945,0.0,1239.0,0.0040656918281791,20.7,27.2,0.0,1283.0,0.004104422304307,2,False,False,True,False,False,False,False,0
20.7,26.89,0.0,1246.0,0.0040573388242719,20.7,27.2,0.0,1282.0,0.004104422304307,2,False,False,True,False,False,False,False,0
20.6666666666667,26.89,0.0,1253.66666666667,0.0040489596240432,20.745,27.2,0.0,1282.5,0.0041158909042652,2,False,False,True,False,False,False,False,0
20.65,26.79,0.0,1257.5,0.004029636369203,20.79,27.0666666666667,0.0,1285.0,0.0041070218816938,2,False,False,True,False,False,False,False,0
20.7,26.89,0.0,1257.0,0.0040573388242719,20.7,27.0,0.0,1282.0,0.0040740450549847,2,False,False,True,False,False,False,False,0
20.7,26.89,0.0,1254.5,0.0040573388242719,20.745,27.05,0.0,1236.5,0.0040930436137699,2,False,False,True,False,False,False,False,0
20.7,26.89,0.0,1262.0,0.0040573388242719,20.7,27.0666666666667,0.0,1241.33333333333,0.0040841704772337,2,False,False,True,False,False,False,False,0
20.7,26.89,0.0,1276.0,0.0040573388242719,20.7,27.1,0.0,1241.0,0.0040892333111771,2,False,False,True,False,False,False,False,0
20.7,26.89,0.0,1276.0,0.0040573388242719,20.7,26.945,0.0,1219.5,0.0040656918281791,2,False,False,True,False,False,False,False,0
20.7,26.79,0.0,1272.5,0.0040421521154737,20.7,27.0,0.0,1214.0,0.0040740450549847,2,False,False,True,False,False,False,False,0
20.7,26.8233333333333,0.0,1272.0,0.0040472142698737,20.7,26.945,0.0,1216.5,0.0040656918281791,2,False,False,True,False,False,False,False,0
20.7,26.79,0.0,1277.0,0.0040421521154737,20.7,27.1,0.0,1211.0,0.0040892333111771,2,False,False,True,False,False,False,False,0
20.7,26.79,0.0,1274.0,0.0040421521154737,20.7,27.1,0.0,1207.5,0.0040892333111771,2,False,False,True,False,False,False,False,0
20.79,26.745,0.0,1272.5,0.0040578946364152,20.7,27.0,0.0,1209.0,0.0040740450549847,2,False,False,True,False,False,False,False,0
20.79,26.79,0.0,1271.0,0.0040647668960185,20.7,26.995,0.0,1206.5,0.0040732856615188,2,False,False,True,False,False,False,False,0
20.745,26.7,0.0,1264.5,0.0040397397531351,20.7,27.1,0.0,1210.0,0.0040892333111771,2,False,False,True,False,False,False,False,0
20.79,26.745,0.0,1262.0,0.0040578946364152,20.7,27.0,0.0,1215.0,0.0040740450549847,2,False,False,True,False,False,False,False,0
20.79,26.7,0.0,1255.33333333333,0.0040510225276825,20.745,27.0,0.0,1222.5,0.0040854282208045,2,False,False,True,False,False,False,False,0
20.79,26.7,0.0,1262.0,0.0040510225276825,20.745,26.89,0.0,1221.0,0.0040686750083694,2,False,False,True,False,False,False,False,0
20.79,26.7,0.0,1261.5,0.0040510225276825,20.73,26.8233333333333,0.0,1213.66666666667,0.0040547496523542,2,False,False,True,False,False,False,False,0
20.79,26.6,0.0,1253.33333333333,0.0040357517150729,20.7,26.84,0.0,1212.0,0.004049745377773,2,False,False,True,False,False,False,False,0
20.79,26.6,0.0,1268.0,0.0040357517150729,20.7,26.89,0.0,1220.5,0.0040573388242719,2,False,False,True,False,False,False,False,0
20.79,26.6,0.0,1264.5,0.0040357517150729,20.6666666666667,26.7933333333333,0.0,1220.33333333333,0.0040343096404757,2,False,False,True,False,False,False,False,0
20.79,26.6,0.0,1264.0,0.0040357517150729,20.7,26.89,0.0,1224.0,0.0040573388242719,2,False,False,True,False,False,False,False,0
20.79,26.6,0.0,1264.33333333333,0.0040357517150729,20.6,26.84,0.0,1234.0,0.0040247008234401,2,False,False,True,False,False,False,False,0
20.79,26.6,0.0,1264.5,0.0040357517150729,20.7,26.89,0.0,1231.5,0.0040573388242719,2,False,False,True,False,False,False,False,0
20.79,26.625,0.0,1260.75,0.004039569348383,20.6,26.84,0.0,1233.5,0.0040247008234401,2,False,False,True,False,False,False,False,0
20.79,26.65,0.0,1257.0,0.0040433870282541,20.6,26.84,0.0,1238.0,0.0040247008234401,2,False,False,True,False,False,False,False,0
20.79,26.6,0.0,1261.0,0.0040357517150729,20.6,26.89,0.0,1233.0,0.0040322470078677,3,False,False,True,False,False,False,False,0
20.79,26.6,0.0,1259.0,0.0040357517150729,20.7,27.0,0.0,1234.0,0.0040740450549847,3,False,False,True,False,False,False,False,0
20.79,26.6,0.0,1253.0,0.0040357517150729,20.7,26.945,0.0,1239.0,0.0040656918281791,3,False,False,True,False,False,False,False,0
20.79,26.6,0.0,1247.0,0.0040357517150729,20.7,26.89,0.0,1246.0,0.0040573388242719,3,False,False,True,False,False,False,False,0
20.79,26.5666666666667,0.0,1239.66666666667,0.0040306616097528,20.6666666666667,26.89,0.0,1253.66666666667,0.0040489596240432,3,False,False,True,False,False,False,False,0
20.79,26.5,0.0,1236.0,0.004020481647425,20.65,26.79,0.0,1257.5,0.004029636369203,3,False,False,True,False,False,False,False,0
20.79,26.55,0.0,1236.0,0.0040281165881321,20.7,26.89,0.0,1257.0,0.0040573388242719,3,False,False,True,False,False,False,False,0
20.79,26.5,0.0,1244.66666666667,0.004020481647425,20.7,26.89,0.0,1254.5,0.0040573388242719,3,False,False,True,False,False,False,False,0
20.79,26.5,0.0,1259.0,0.004020481647425,20.7,26.89,0.0,1262.0,0.0040573388242719,3,False,False,True,False,False,False,False,0
20.79,26.5,0.0,1251.5,0.004020481647425,20.7,26.89,0.0,1276.0,0.0040573388242719,3,False,False,True,False,False,False,False,0
20.79,26.5,0.0,1252.0,0.004020481647425,20.7,26.89,0.0,1276.0,0.0040573388242719,3,False,False,True,False,False,False,False,0
20.79,26.5,0.0,1255.0,0.004020481647425,20.7,26.79,0.0,1272.5,0.0040421521154737,3,False,False,True,False,False,False,False,0
20.79,26.5,0.0,1261.0,0.004020481647425,20.7,26.8233333333333,0.0,1272.0,0.0040472142698737,3,False,False,True,False,False,False,False,0
20.79,26.5,0.0,1256.5,0.004020481647425,20.7,26.79,0.0,1277.0,0.0040421521154737,3,False,False,True,False,False,False,False,0
20.79,26.5,0.0,1257.5,0.004020481647425,20.7,26.79,0.0,1274.0,0.0040421521154737,3,False,False,True,False,False,False,False,0
20.79,26.5,0.0,1261.0,0.004020481647425,20.79,26.745,0.0,1272.5,0.0040578946364152,3,False,False,True,False,False,False,False,0
20.79,26.445,0.0,1264.0,0.0040120834277388,20.79,26.79,0.0,1271.0,0.0040647668960185,3,False,False,True,False,False,False,False,0
20.79,26.5,0.0,1263.0,0.004020481647425,20.745,26.7,0.0,1264.5,0.0040397397531351,3,False,False,True,False,False,False,False,0
20.79,26.39,0.0,1270.0,0.0040036854333781,20.79,26.745,0.0,1262.0,0.0040578946364152,3,False,False,True,False,False,False,False,0
20.79,26.39,0.0,1287.5,0.0040036854333781,20.79,26.7,0.0,1255.33333333333,0.0040510225276825,3,False,False,True,False,False,False,False,0
20.79,26.39,0.0,1316.0,0.0040036854333781,20.79,26.7,0.0,1262.0,0.0040510225276825,3,False,False,True,False,False,False,False,0
20.79,26.39,0.0,1363.0,0.0040036854333781,20.79,26.7,0.0,1261.5,0.0040510225276825,3,False,False,True,False,False,False,False,0
20.79,26.39,0.0,1365.0,0.0040036854333781,20.79,26.6,0.0,1253.33333333333,0.0040357517150729,3,False,False,True,False,False,False,False,0
20.79,26.445,0.0,1366.5,0.0040120834277388,20.79,26.6,0.0,1268.0,0.0040357517150729,3,False,False,True,False,False,False,False,0
20.79,26.39,0.0,1359.33333333333,0.0040036854333781,20.79,26.6,0.0,1264.5,0.0040357517150729,3,False,False,True,False,False,False,False,0
20.79,26.39,0.0,1356.0,0.0040036854333781,20.79,26.6,0.0,1264.0,0.0040357517150729,3,False,False,True,False,False,False,False,0
20.79,26.39,0.0,1365.5,0.0040036854333781,20.79,26.6,0.0,1264.33333333333,0.0040357517150729,3,False,False,True,False,False,False,False,0
20.79,26.39,0.0,1369.0,0.0040036854333781,20.79,26.6,0.0,1264.5,0.0040357517150729,3,False,False,True,False,False,False,False,0
20.8566666666667,26.4633333333333,0.0,1371.33333333333,0.0040314985883355,20.79,26.625,0.0,1260.75,0.004039569348383,3,False,False,True,False,False,False,False,0
20.79,26.39,0.0,1378.0,0.0040036854333781,20.79,26.65,0.0,1257.0,0.0040433870282541,3,False,False,True,False,False,False,False,0
20.79,26.3233333333333,0.0,1346.0,0.0039935063483502,20.79,26.6,0.0,1261.0,0.0040357517150729,3,False,False,True,False,False,False,False,0
20.79,26.3566666666667,0.0,1339.33333333333,0.0039985958494847,20.79,26.6,0.0,1259.0,0.0040357517150729,3,False,False,True,False,False,False,False,0
20.79,26.29,0.0,1343.0,0.0039884169299724,20.79,26.6,0.0,1253.0,0.0040357517150729,3,False,False,True,False,False,False,False,0
20.79,26.29,0.0,1354.0,0.0039884169299724,20.79,26.6,0.0,1247.0,0.0040357517150729,3,False,False,True,False,False,False,False,0
20.79,26.39,0.0,1354.0,0.0040036854333781,20.79,26.5666666666667,0.0,1239.66666666667,0.0040306616097528,3,False,False,True,False,False,False,False,0
20.79,26.3566666666667,0.0,1367.0,0.0039985958494847,20.79,26.5,0.0,1236.0,0.004020481647425,3,False,False,True,False,False,False,False,0
20.79,26.3566666666667,0.0,1373.75,0.0039985958494847,20.79,26.55,0.0,1236.0,0.0040281165881321,3,False,False,True,False,False,False,False,0
20.79,26.39,0.0,1366.5,0.0040036854333781,20.79,26.5,0.0,1244.66666666667,0.004020481647425,3,False,False,True,False,False,False,False,0
20.79,26.29,0.0,1374.5,0.0039884169299724,20.79,26.5,0.0,1259.0,0.004020481647425,3,False,False,True,False,False,False,False,0
20.79,26.29,0.0,1383.75,0.0039884169299724,20.79,26.5,0.0,1251.5,0.004020481647425,3,False,False,True,False,False,False,False,0
20.79,26.29,0.0,1388.0,0.0039884169299724,20.79,26.5,0.0,1252.0,0.004020481647425,3,False,False,True,False,False,False,False,0
20.79,26.29,0.0,1391.33333333333,0.0039884169299724,20.79,26.5,0.0,1255.0,0.004020481647425,3,False,False,True,False,False,False,False,0
20.79,26.29,0.0,1391.0,0.0039884169299724,20.79,26.5,0.0,1261.0,0.004020481647425,3,False,False,True,False,False,False,False,0
20.79,26.245,0.0,1385.0,0.0039815463464318,20.79,26.5,0.0,1256.5,0.004020481647425,3,False,False,True,False,False,False,False,0
20.79,26.29,0.0,1365.0,0.0039884169299724,20.79,26.5,0.0,1257.5,0.004020481647425,3,False,False,True,False,False,False,False,0
20.79,26.26,0.0,1349.0,0.0039838365241878,20.79,26.5,0.0,1261.0,0.004020481647425,3,False,False,True,False,False,False,False,0
20.79,26.245,0.0,1347.5,0.0039815463464318,20.79,26.445,0.0,1264.0,0.0040120834277388,3,False,False,True,False,False,False,False,0
20.79,26.2,0.0,1354.0,0.0039746759137067,20.79,26.5,0.0,1263.0,0.004020481647425,3,False,False,True,False,False,False,False,0
20.79,26.2,0.0,1366.0,0.0039746759137067,20.79,26.39,0.0,1270.0,0.0040036854333781,3,False,False,True,False,False,False,False,0
20.79,26.2,0.0,1366.0,0.0039746759137067,20.79,26.39,0.0,1287.5,0.0040036854333781,3,False,False,True,False,False,False,False,0
20.79,26.2,0.0,1354.5,0.0039746759137067,20.79,26.39,0.0,1316.0,0.0040036854333781,3,False,False,True,False,False,False,False,0
20.79,26.2,0.0,1350.5,0.0039746759137067,20.79,26.39,0.0,1363.0,0.0040036854333781,3,False,False,True,False,False,False,False,0
20.79,26.2,0.0,1362.0,0.0039746759137067,20.79,26.39,0.0,1365.0,0.0040036854333781,3,False,False,True,False,False,False,False,0
20.79,26.2,0.0,1369.0,0.0039746759137067,20.79,26.445,0.0,1366.5,0.0040120834277388,3,False,False,True,False,False,False,False,0
20.79,26.2,0.0,1391.0,0.0039746759137067,20.79,26.39,0.0,1359.33333333333,0.0040036854333781,3,False,False,True,False,False,False,False,0
20.79,26.1,0.0,1406.0,0.0039594088253607,20.79,26.39,0.0,1356.0,0.0040036854333781,3,False,False,True,False,False,False,False,0
20.79,26.2,0.0,1409.25,0.0039746759137067,20.79,26.39,0.0,1365.5,0.0040036854333781,3,False,False,True,False,False,False,False,0
20.79,26.1,0.0,1415.0,0.0039594088253607,20.79,26.39,0.0,1369.0,0.0040036854333781,3,False,False,True,False,False,False,False,0
20.79,26.2,0.0,1432.33333333333,0.0039746759137067,20.8566666666667,26.4633333333333,0.0,1371.33333333333,0.0040314985883355,3,False,False,True,False,False,False,False,0
20.79,26.2,0.0,1432.5,0.0039746759137067,20.79,26.39,0.0,1378.0,0.0040036854333781,3,False,False,True,False,False,False,False,0
20.79,26.2,0.0,1428.0,0.0039746759137067,20.79,26.3233333333333,0.0,1346.0,0.0039935063483502,4,False,False,True,False,False,False,False,0
20.79,26.1,0.0,1434.0,0.0039594088253607,20.79,26.3566666666667,0.0,1339.33333333333,0.0039985958494847,4,False,False,True,False,False,False,False,0
20.79,26.1,0.0,1434.0,0.0039594088253607,20.79,26.29,0.0,1343.0,0.0039884169299724,4,False,False,True,False,False,False,False,0
20.79,26.1,0.0,1431.5,0.0039594088253607,20.79,26.29,0.0,1354.0,0.0039884169299724,4,False,False,True,False,False,False,False,0
20.79,26.1,0.0,1421.0,0.0039594088253607,20.79,26.39,0.0,1354.0,0.0040036854333781,4,False,False,True,False,False,False,False,0
20.79,26.1,0.0,1418.75,0.0039594088253607,20.79,26.3566666666667,0.0,1367.0,0.0039985958494847,4,False,False,True,False,False,False,False,0
20.79,26.1,0.0,1415.0,0.0039594088253607,20.79,26.3566666666667,0.0,1373.75,0.0039985958494847,4,False,False,True,False,False,False,False,0
20.79,26.1,0.0,1409.5,0.0039594088253607,20.79,26.39,0.0,1366.5,0.0040036854333781,4,False,False,True,False,False,False,False,0
20.79,26.1,0.0,1399.5,0.0039594088253607,20.79,26.29,0.0,1374.5,0.0039884169299724,4,False,False,True,False,False,False,False,0
20.79,26.1,0.0,1403.5,0.0039594088253607,20.79,26.29,0.0,1383.75,0.0039884169299724,4,False,False,True,False,False,False,False,0
20.79,26.1333333333333,0.0,1408.33333333333,0.0039644977720634,20.79,26.29,0.0,1388.0,0.0039884169299724,4,False,False,True,False,False,False,False,0
20.79,26.1,0.0,1414.0,0.0039594088253607,20.79,26.29,0.0,1391.33333333333,0.0039884169299724,4,False,False,True,False,False,False,False,0
20.79,26.1,0.0,1413.0,0.0039594088253607,20.79,26.29,0.0,1391.0,0.0039884169299724,4,False,False,True,False,False,False,False,0
20.79,26.1,0.0,1411.0,0.0039594088253607,20.79,26.245,0.0,1385.0,0.0039815463464318,4,False,False,True,False,False,False,False,0
20.79,26.1,0.0,1401.0,0.0039594088253607,20.79,26.29,0.0,1365.0,0.0039884169299724,4,False,False,True,False,False,False,False,0
20.79,26.1,0.0,1394.0,0.0039594088253607,20.79,26.26,0.0,1349.0,0.0039838365241878,4,False,False,True,False,False,False,False,0
20.79,26.1,0.0,1399.5,0.0039594088253607,20.79,26.245,0.0,1347.5,0.0039815463464318,4,False,False,True,False,False,False,False,0
20.79,26.0,0.0,1416.0,0.0039441424817039,20.79,26.2,0.0,1354.0,0.0039746759137067,4,False,False,True,False,False,False,False,0
20.89,26.1,0.0,1426.0,0.0039840083357741,20.79,26.2,0.0,1366.0,0.0039746759137067,4,False,False,True,False,False,False,False,0
20.8233333333333,26.1333333333333,0.0,1424.0,0.0039726932690905,20.79,26.2,0.0,1366.0,0.0039746759137067,4,False,False,True,False,False,False,False,0
20.79,26.1,0.0,1441.0,0.0039594088253607,20.79,26.2,0.0,1354.5,0.0039746759137067,4,False,False,True,False,False,False,False,0
20.79,26.1,0.0,1449.0,0.0039594088253607,20.79,26.2,0.0,1350.5,0.0039746759137067,4,False,False,True,False,False,False,False,0
20.8233333333333,26.0666666666667,0.0,1456.5,0.0039624942854476,20.79,26.2,0.0,1362.0,0.0039746759137067,4,False,False,True,False,False,False,False,0
20.79,26.05,0.0,1463.0,0.0039517755604496,20.79,26.2,0.0,1369.0,0.0039746759137067,4,False,False,True,False,False,False,False,0
20.79,26.0,0.0,1467.5,0.0039441424817039,20.79,26.2,0.0,1391.0,0.0039746759137067,4,False,False,True,False,False,False,False,0
20.79,26.05,0.0,1468.5,0.0039517755604496,20.79,26.1,0.0,1406.0,0.0039594088253607,4,False,False,True,False,False,False,False,0
20.79,26.075,0.0,1464.75,0.003955592169634,20.79,26.2,0.0,1409.25,0.0039746759137067,4,False,False,True,False,False,False,False,0
20.79,26.1,0.0,1452.0,0.0039594088253607,20.79,26.1,0.0,1415.0,0.0039594088253607,4,False,False,True,False,False,False,False,0
20.79,26.0,0.0,1453.0,0.0039441424817039,20.79,26.2,0.0,1432.33333333333,0.0039746759137067,4,False,False,True,False,False,False,False,0
20.79,26.0,0.0,1463.0,0.0039441424817039,20.79,26.2,0.0,1432.5,0.0039746759137067,4,False,False,True,False,False,False,False,0
20.79,26.0,0.0,1466.0,0.0039441424817039,20.79,26.2,0.0,1428.0,0.0039746759137067,4,False,False,True,False,False,False,False,0
20.79,26.1,0.0,1465.0,0.0039594088253607,20.79,26.1,0.0,1434.0,0.0039594088253607,4,False,False,True,False,False,False,False,0
20.79,26.025,0.0,1481.25,0.0039479589978065,20.79,26.1,0.0,1434.0,0.0039594088253607,4,False,False,True,False,False,False,False,0
20.79,26.0,0.0,1482.75,0.0039441424817039,20.79,26.1,0.0,1431.5,0.0039594088253607,4,False,False,True,False,False,False,False,0
20.79,26.0,0.0,1482.5,0.0039441424817039,20.79,26.1,0.0,1421.0,0.0039594088253607,4,False,False,True,False,False,False,False,0
20.79,26.0,0.0,1482.5,0.0039441424817039,20.79,26.1,0.0,1418.75,0.0039594088253607,4,False,False,True,False,False,False,False,0
20.8566666666667,26.1,0.0,1501.0,0.0039757935647084,20.79,26.1,0.0,1415.0,0.0039594088253607,4,False,False,True,False,False,False,False,0
20.79,26.05,0.0,1500.5,0.0039517755604496,20.79,26.1,0.0,1409.5,0.0039594088253607,4,False,False,True,False,False,False,False,0
20.79,26.1,0.0,1514.0,0.0039594088253607,20.79,26.1,0.0,1399.5,0.0039594088253607,4,False,False,True,False,False,False,False,0
20.79,26.0333333333333,0.0,1511.66666666667,0.003949231180183,20.79,26.1,0.0,1403.5,0.0039594088253607,4,False,False,True,False,False,False,False,0
20.79,26.0333333333333,0.0,1505.0,0.003949231180183,20.79,26.1333333333333,0.0,1408.33333333333,0.0039644977720634,4,False,False,True,False,False,False,False,0
20.84,26.1,0.0,1503.0,0.003971691783924,20.79,26.1,0.0,1414.0,0.0039594088253607,4,False,False,True,False,False,False,False,0
20.79,26.0,0.0,1511.0,0.0039441424817039,20.79,26.1,0.0,1413.0,0.0039594088253607,4,False,False,True,False,False,False,False,0
20.79,26.1,0.0,1510.0,0.0039594088253607,20.79,26.1,0.0,1411.0,0.0039594088253607,4,False,False,True,False,False,False,False,0
20.79,26.1,0.0,1484.0,0.0039594088253607,20.79,26.1,0.0,1401.0,0.0039594088253607,4,False,False,True,False,False,False,False,0
20.79,26.1,0.0,1456.5,0.0039594088253607,20.79,26.1,0.0,1394.0,0.0039594088253607,4,False,False,True,False,False,False,False,0
20.79,26.1,0.0,1504.5,0.0039594088253607,20.79,26.1,0.0,1399.5,0.0039594088253607,4,False,False,True,False,False,False,False,0
20.79,26.1,0.0,1521.5,0.0039594088253607,20.79,26.0,0.0,1416.0,0.0039441424817039,4,False,False,True,False,False,False,False,0
20.79,26.1,0.0,1513.0,0.0039594088253607,20.89,26.1,0.0,1426.0,0.0039840083357741,4,False,False,True,False,False,False,False,0
20.79,26.1,0.0,1510.0,0.0039594088253607,20.8233333333333,26.1333333333333,0.0,1424.0,0.0039726932690905,4,False,False,True,False,False,False,False,0
20.79,26.1,0.0,1513.75,0.0039594088253607,20.79,26.1,0.0,1441.0,0.0039594088253607,4,False,False,True,False,False,False,False,0
20.79,26.1,0.0,1517.5,0.0039594088253607,20.79,26.1,0.0,1449.0,0.0039594088253607,4,False,False,True,False,False,False,False,0
20.79,26.175,0.0,1519.0,0.0039708590718026,20.8233333333333,26.0666666666667,0.0,1456.5,0.0039624942854476,4,False,False,True,False,False,False,False,0
20.79,26.1,0.0,1539.5,0.0039594088253607,20.79,26.05,0.0,1463.0,0.0039517755604496,4,False,False,True,False,False,False,False,0
20.79,26.1,0.0,1547.0,0.0039594088253607,20.79,26.0,0.0,1467.5,0.0039441424817039,4,False,False,True,False,False,False,False,0
20.79,26.2,0.0,1565.0,0.0039746759137067,20.79,26.05,0.0,1468.5,0.0039517755604496,4,False,False,True,False,False,False,False,0
20.79,26.2,0.0,1570.0,0.0039746759137067,20.79,26.075,0.0,1464.75,0.003955592169634,4,False,False,True,False,False,False,False,0
20.79,26.2,0.0,1562.0,0.0039746759137067,20.79,26.1,0.0,1452.0,0.0039594088253607,4,False,False,True,False,False,False,False,0
20.79,26.2,0.0,1573.5,0.0039746759137067,20.79,26.0,0.0,1453.0,0.0039441424817039,4,False,False,True,False,False,False,False,0
20.745,26.2,0.0,1555.0,0.0039636071234726,20.79,26.0,0.0,1463.0,0.0039441424817039,4,False,False,True,False,False,False,False,0
20.745,26.2,0.0,1510.0,0.0039636071234726,20.79,26.0,0.0,1466.0,0.0039441424817039,4,False,False,True,False,False,False,False,0
20.76,26.26,0.0,1495.66666666667,0.0039764371839183,20.79,26.1,0.0,1465.0,0.0039594088253607,5,False,False,True,False,False,False,False,0
20.7,26.2,0.0,1493.5,0.0039525655287612,20.79,26.025,0.0,1481.25,0.0039479589978065,5,False,False,True,False,False,False,False,0
20.7,26.2,0.0,1493.0,0.0039525655287612,20.79,26.0,0.0,1482.75,0.0039441424817039,5,False,False,True,False,False,False,False,0
20.745,26.2,0.0,1481.0,0.0039636071234726,20.79,26.0,0.0,1482.5,0.0039441424817039,5,False,False,True,False,False,False,False,0
20.7675,26.2675,0.0,1472.5,0.0039794293712678,20.79,26.0,0.0,1482.5,0.0039441424817039,5,False,False,True,False,False,False,False,0
20.79,26.2,0.0,1492.0,0.0039746759137067,20.8566666666667,26.1,0.0,1501.0,0.0039757935647084,5,False,False,True,False,False,False,False,0
20.73,26.29,0.0,1494.0,0.0039736132646203,20.79,26.05,0.0,1500.5,0.0039517755604496,5,False,False,True,False,False,False,False,0
20.7,26.2,0.0,1506.0,0.0039525655287612,20.79,26.1,0.0,1514.0,0.0039594088253607,5,False,False,True,False,False,False,False,0
20.745,26.2,0.0,1527.0,0.0039636071234726,20.79,26.0333333333333,0.0,1511.66666666667,0.003949231180183,5,False,False,True,False,False,False,False,0
20.79,26.2,0.0,1541.0,0.0039746759137067,20.79,26.0333333333333,0.0,1505.0,0.003949231180183,5,False,False,True,False,False,False,False,0
20.7,26.29,0.0,1535.5,0.0039662296219795,20.84,26.1,0.0,1503.0,0.003971691783924,5,False,False,True,False,False,False,False,0
20.745,26.29,0.0,1528.0,0.0039773096302301,20.79,26.0,0.0,1511.0,0.0039441424817039,5,False,False,True,False,False,False,False,0
20.79,26.2,0.0,1520.5,0.0039746759137067,20.79,26.1,0.0,1510.0,0.0039594088253607,5,False,False,True,False,False,False,False,0
20.79,26.2,0.0,1503.0,0.0039746759137067,20.79,26.1,0.0,1484.0,0.0039594088253607,5,False,False,True,False,False,False,False,0
20.79,26.2,0.0,1496.0,0.0039746759137067,20.79,26.1,0.0,1456.5,0.0039594088253607,5,False,False,True,False,False,False,False,0
20.79,26.2,0.0,1498.0,0.0039746759137067,20.79,26.1,0.0,1504.5,0.0039594088253607,5,False,False,True,False,False,False,False,0
20.79,26.2,0.0,1484.5,0.0039746759137067,20.79,26.1,0.0,1521.5,0.0039594088253607,5,False,False,True,False,False,False,False,0
20.79,26.29,0.0,1476.0,0.0039884169299724,20.79,26.1,0.0,1513.0,0.0039594088253607,5,False,False,True,False,False,False,False,0
20.79,26.29,0.0,1477.0,0.0039884169299724,20.79,26.1,0.0,1510.0,0.0039594088253607,5,False,False,True,False,False,False,False,0
20.745,26.29,0.0,1487.0,0.0039773096302301,20.79,26.1,0.0,1513.75,0.0039594088253607,5,False,False,True,False,False,False,False,0
20.73,26.26,0.0,1494.0,0.0039690499675586,20.79,26.1,0.0,1517.5,0.0039594088253607,5,False,False,True,False,False,False,False,0
20.79,26.245,0.0,1506.5,0.0039815463464318,20.79,26.175,0.0,1519.0,0.0039708590718026,5,False,False,True,False,False,False,False,0
20.745,26.29,0.0,1510.5,0.0039773096302301,20.79,26.1,0.0,1539.5,0.0039594088253607,5,False,False,True,False,False,False,False,0
20.745,26.245,0.0,1523.5,0.0039704583018643,20.79,26.1,0.0,1547.0,0.0039594088253607,5,False,False,True,False,False,False,False,0
20.79,26.245,0.0,1514.0,0.0039815463464318,20.79,26.2,0.0,1565.0,0.0039746759137067,5,False,False,True,False,False,False,False,0
20.79,26.29,0.0,1527.5,0.0039884169299724,20.79,26.2,0.0,1570.0,0.0039746759137067,5,False,False,True,False,False,False,False,0
20.79,26.29,0.0,1532.0,0.0039884169299724,20.79,26.2,0.0,1562.0,0.0039746759137067,5,False,False,True,False,False,False,False,0
20.79,26.29,0.0,1532.5,0.0039884169299724,20.79,26.2,0.0,1573.5,0.0039746759137067,5,False,False,True,False,False,False,False,0
20.76,26.29,0.0,1538.66666666667,0.003981009028227,20.745,26.2,0.0,1555.0,0.0039636071234726,5,False,False,True,False,False,False,False,0
20.79,26.29,0.0,1542.0,0.0039884169299724,20.745,26.2,0.0,1510.0,0.0039636071234726,5,False,False,True,False,False,False,False,0
20.79,26.2,0.0,1551.5,0.0039746759137067,20.76,26.26,0.0,1495.66666666667,0.0039764371839183,5,False,False,True,False,False,False,False,0
20.79,26.2,0.0,1555.5,0.0039746759137067,20.7,26.2,0.0,1493.5,0.0039525655287612,5,False,False,True,False,False,False,False,0
20.79,26.2,0.0,1555.0,0.0039746759137067,20.7,26.2,0.0,1493.0,0.0039525655287612,5,False,False,True,False,False,False,False,0
20.79,26.29,0.0,1550.5,0.0039884169299724,20.745,26.2,0.0,1481.0,0.0039636071234726,5,False,False,True,False,False,False,False,0
20.79,26.29,0.0,1546.0,0.0039884169299724,20.7675,26.2675,0.0,1472.5,0.0039794293712678,5,False,False,True,False,False,False,False,0
20.79,26.29,0.0,1531.0,0.0039884169299724,20.79,26.2,0.0,1492.0,0.0039746759137067,5,False,False,True,False,False,False,False,0
20.79,26.29,0.0,1518.0,0.0039884169299724,20.73,26.29,0.0,1494.0,0.0039736132646203,5,False,False,True,False,False,False,False,0
20.79,26.29,0.0,1508.5,0.0039884169299724,20.7,26.2,0.0,1506.0,0.0039525655287612,5,False,False,True,False,False,False,False,0
20.79,26.29,0.0,1513.5,0.0039884169299724,20.745,26.2,0.0,1527.0,0.0039636071234726,5,False,False,True,False,False,False,False,0
20.79,26.29,0.0,1516.0,0.0039884169299724,20.79,26.2,0.0,1541.0,0.0039746759137067,5,False,False,True,False,False,False,False,0
20.79,26.29,0.0,1521.0,0.0039884169299724,20.7,26.29,0.0,1535.5,0.0039662296219795,5,False,False,True,False,False,False,False,0
20.79,26.29,0.0,1536.5,0.0039884169299724,20.745,26.29,0.0,1528.0,0.0039773096302301,5,False,False,True,False,False,False,False,0
20.79,26.39,0.0,1534.0,0.0040036854333781,20.79,26.2,0.0,1520.5,0.0039746759137067,5,False,False,True,False,False,False,False,0
20.79,26.39,0.0,1533.5,0.0040036854333781,20.79,26.2,0.0,1503.0,0.0039746759137067,5,False,False,True,False,False,False,False,0
20.745,26.39,0.0,1582.0,0.0039925353413453,20.79,26.2,0.0,1496.0,0.0039746759137067,5,False,False,True,False,False,False,False,0
20.76,26.39,0.0,1571.33333333333,0.0039962489915771,20.79,26.2,0.0,1498.0,0.0039746759137067,5,False,False,True,False,False,False,False,0
20.79,26.39,0.0,1571.0,0.0040036854333781,20.79,26.2,0.0,1484.5,0.0039746759137067,5,False,False,True,False,False,False,False,0
20.79,26.39,0.0,1568.0,0.0040036854333781,20.79,26.29,0.0,1476.0,0.0039884169299724,5,False,False,True,False,False,False,False,0
20.79,26.39,0.0,1563.66666666667,0.0040036854333781,20.79,26.29,0.0,1477.0,0.0039884169299724,5,False,False,True,False,False,False,False,0
20.79,26.39,0.0,1556.5,0.0040036854333781,20.745,26.29,0.0,1487.0,0.0039773096302301,5,False,False,True,False,False,False,False,0
20.79,26.39,0.0,1572.0,0.0040036854333781,20.73,26.26,0.0,1494.0,0.0039690499675586,5,False,False,True,False,False,False,False,0
20.79,26.39,0.0,1597.0,0.0040036854333781,20.79,26.245,0.0,1506.5,0.0039815463464318,5,False,False,True,False,False,False,False,0
20.79,26.39,0.0,1597.0,0.0040036854333781,20.745,26.29,0.0,1510.5,0.0039773096302301,5,False,False,True,False,False,False,False,0
20.79,26.39,0.0,1601.5,0.0040036854333781,20.745,26.245,0.0,1523.5,0.0039704583018643,5,False,False,True,False,False,False,False,0
20.79,26.39,0.0,1577.0,0.0040036854333781,20.79,26.245,0.0,1514.0,0.0039815463464318,5,False,False,True,False,False,False,False,0
20.79,26.39,0.0,1567.0,0.0040036854333781,20.79,26.29,0.0,1527.5,0.0039884169299724,5,False,False,True,False,False,False,False,0
20.79,26.39,0.0,1531.0,0.0040036854333781,20.79,26.29,0.0,1532.0,0.0039884169299724,5,False,False,True,False,False,False,False,0
20.79,26.445,0.0,1495.0,0.0040120834277388,20.79,26.29,0.0,1532.5,0.0039884169299724,5,False,False,True,False,False,False,False,0
20.79,26.4266666666667,0.0,1487.0,0.0040092840712496,20.76,26.29,0.0,1538.66666666667,0.003981009028227,5,False,False,True,False,False,False,False,0
20.79,26.39,0.0,1486.0,0.0040036854333781,20.79,26.29,0.0,1542.0,0.0039884169299724,6,False,False,True,False,False,False,False,0
20.79,26.445,0.0,1489.0,0.0040120834277388,20.79,26.2,0.0,1551.5,0.0039746759137067,6,False,False,True,False,False,False,False,0
20.79,26.5,0.0,1492.0,0.004020481647425,20.79,26.2,0.0,1555.5,0.0039746759137067,6,False,False,True,False,False,False,False,0
20.79,26.5,0.0,1516.0,0.004020481647425,20.79,26.2,0.0,1555.0,0.0039746759137067,6,False,False,True,False,False,False,False,0
20.79,26.5,0.0,1533.0,0.004020481647425,20.79,26.29,0.0,1550.5,0.0039884169299724,6,False,False,True,False,False,False,False,0
20.79,26.5,0.0,1552.66666666667,0.004020481647425,20.79,26.29,0.0,1546.0,0.0039884169299724,6,False,False,True,False,False,False,False,0
20.745,26.5,0.0,1561.5,0.0040092844790724,20.79,26.29,0.0,1531.0,0.0039884169299724,6,False,False,True,False,False,False,False,0
20.79,26.5,0.0,1569.5,0.004020481647425,20.79,26.29,0.0,1518.0,0.0039884169299724,6,False,False,True,False,False,False,False,0
20.79,26.5,0.0,1563.5,0.004020481647425,20.79,26.29,0.0,1508.5,0.0039884169299724,6,False,False,True,False,False,False,False,0
20.79,26.5,0.0,1555.5,0.004020481647425,20.79,26.29,0.0,1513.5,0.0039884169299724,6,False,False,True,False,False,False,False,0
20.79,26.5,0.0,1561.0,0.004020481647425,20.79,26.29,0.0,1516.0,0.0039884169299724,6,False,False,True,False,False,False,False,0
20.79,26.5,0.0,1566.0,0.004020481647425,20.79,26.29,0.0,1521.0,0.0039884169299724,6,False,False,True,False,False,False,False,0
20.79,26.5,0.0,1564.0,0.004020481647425,20.79,26.29,0.0,1536.5,0.0039884169299724,6,False,False,True,False,False,False,False,0
20.79,26.5,0.0,1563.0,0.004020481647425,20.79,26.39,0.0,1534.0,0.0040036854333781,6,False,False,True,False,False,False,False,0
20.7,26.5,0.0,1543.0,0.0039981148262085,20.79,26.39,0.0,1533.5,0.0040036854333781,6,False,False,True,False,False,False,False,0
20.7,26.5,0.0,1538.0,0.0039981148262085,20.745,26.39,0.0,1582.0,0.0039925353413453,6,False,False,True,False,False,False,False,0
20.79,26.5,0.0,1533.5,0.004020481647425,20.76,26.39,0.0,1571.33333333333,0.0039962489915771,6,False,False,True,False,False,False,False,0
20.79,26.6,0.0,1535.0,0.0040357517150729,20.79,26.39,0.0,1571.0,0.0040036854333781,6,False,False,True,False,False,False,False,0
20.76,26.6,0.0,1543.5,0.0040282553301281,20.79,26.39,0.0,1568.0,0.0040036854333781,6,False,False,True,False,False,False,False,0
20.79,26.6,0.0,1556.5,0.0040357517150729,20.79,26.39,0.0,1563.66666666667,0.0040036854333781,6,False,False,True,False,False,False,False,0
20.745,26.6,0.0,1554.0,0.0040245117457014,20.79,26.39,0.0,1556.5,0.0040036854333781,6,False,False,True,False,False,False,False,0
20.7,26.6,0.0,1559.5,0.0040132993985177,20.79,26.39,0.0,1572.0,0.0040036854333781,6,False,False,True,False,False,False,False,0
20.7,26.6,0.0,1549.0,0.0040132993985177,20.79,26.39,0.0,1597.0,0.0040036854333781,6,False,False,True,False,False,False,False,0
20.7,26.6333333333333,0.0,1538.0,0.0040183610863224,20.79,26.39,0.0,1597.0,0.0040036854333781,6,False,False,True,False,False,False,False,0
20.7,26.6,0.0,1533.0,0.0040132993985177,20.79,26.39,0.0,1601.5,0.0040036854333781,6,False,False,True,False,False,False,False,0
20.7,26.65,0.0,1536.0,0.00402089196092,20.79,26.39,0.0,1577.0,0.0040036854333781,6,False,False,True,False,False,False,False,0
20.7,26.7,0.0,1529.33333333333,0.0040284847074963,20.79,26.39,0.0,1567.0,0.0040036854333781,6,False,False,True,False,False,False,False,0
20.76,26.7,0.0,1504.66666666667,0.0040434975940843,20.79,26.39,0.0,1531.0,0.0040036854333781,6,False,False,True,False,False,False,False,0
20.79,26.6,0.0,1498.5,0.0040357517150729,20.79,26.445,0.0,1495.0,0.0040120834277388,6,False,False,True,False,False,False,False,0
20.79,26.6,0.0,1489.0,0.0040357517150729,20.79,26.4266666666667,0.0,1487.0,0.0040092840712496,6,False,False,True,False,False,False,False,0
20.79,26.6,0.0,1484.0,0.0040357517150729,20.79,26.39,0.0,1486.0,0.0040036854333781,6,False,False,True,False,False,False,False,0
20.79,26.65,0.0,1481.0,0.0040433870282541,20.79,26.445,0.0,1489.0,0.0040120834277388,6,False,False,True,False,False,False,False,0
20.79,26.6,0.0,1484.5,0.0040357517150729,20.79,26.5,0.0,1492.0,0.004020481647425,6,False,False,True,False,False,False,False,0
20.79,26.6,0.0,1486.0,0.0040357517150729,20.79,26.5,0.0,1516.0,0.004020481647425,6,False,False,True,False,False,False,False,0
20.79,26.6,0.0,1480.33333333333,0.0040357517150729,20.79,26.5,0.0,1533.0,0.004020481647425,6,False,False,True,False,False,False,False,0
20.79,26.6,0.0,1475.0,0.0040357517150729,20.79,26.5,0.0,1552.66666666667,0.004020481647425,6,False,False,True,False,False,False,False,0
20.79,26.6333333333333,0.0,1466.66666666667,0.0040408419031666,20.745,26.5,0.0,1561.5,0.0040092844790724,6,False,False,True,False,False,False,False,0
20.79,26.65,0.0,1475.5,0.0040433870282541,20.79,26.5,0.0,1569.5,0.004020481647425,6,False,False,True,False,False,False,False,0
20.79,26.65,0.0,1477.0,0.0040433870282541,20.79,26.5,0.0,1563.5,0.004020481647425,6,False,False,True,False,False,False,False,0
20.79,26.6,0.0,1477.0,0.0040357517150729,20.79,26.5,0.0,1555.5,0.004020481647425,6,False,False,True,False,False,False,False,0
20.79,26.7,0.0,1473.0,0.0040510225276825,20.79,26.5,0.0,1561.0,0.004020481647425,6,False,False,True,False,False,False,False,0
20.79,26.7,0.0,1473.0,0.0040510225276825,20.79,26.5,0.0,1566.0,0.004020481647425,6,False,False,True,False,False,False,False,0
20.79,26.7,0.0,1473.0,0.0040510225276825,20.79,26.5,0.0,1564.0,0.004020481647425,6,False,False,True,False,False,False,False,0
20.79,26.7,0.0,1480.0,0.0040510225276825,20.79,26.5,0.0,1563.0,0.004020481647425,6,False,False,True,False,False,False,False,0
20.79,26.7,0.0,1480.0,0.0040510225276825,20.7,26.5,0.0,1543.0,0.0039981148262085,6,False,False,True,False,False,False,False,0
20.79,26.7,0.0,1473.5,0.0040510225276825,20.7,26.5,0.0,1538.0,0.0039981148262085,6,False,False,True,False,False,False,False,0
20.79,26.7,0.0,1479.5,0.0040510225276825,20.79,26.5,0.0,1533.5,0.004020481647425,6,False,False,True,False,False,False,False,0
20.79,26.7,0.0,1483.0,0.0040510225276825,20.79,26.6,0.0,1535.0,0.0040357517150729,6,False,False,True,False,False,False,False,0
20.79,26.745,0.0,1499.0,0.0040578946364152,20.76,26.6,0.0,1543.5,0.0040282553301281,6,False,False,True,False,False,False,False,0
20.79,26.79,0.0,1501.0,0.0040647668960185,20.79,26.6,0.0,1556.5,0.0040357517150729,6,False,False,True,False,False,False,False,0
20.79,26.79,0.0,1502.66666666667,0.0040647668960185,20.745,26.6,0.0,1554.0,0.0040245117457014,6,False,False,True,False,False,False,False,0
20.79,26.79,0.0,1507.0,0.0040647668960185,20.7,26.6,0.0,1559.5,0.0040132993985177,6,False,False,True,False,False,False,False,0
20.745,26.84,0.0,1513.0,0.0040610602081969,20.7,26.6,0.0,1549.0,0.0040132993985177,6,False,False,True,False,False,False,False,0
20.79,26.89,0.0,1508.0,0.0040800391242057,20.7,26.6333333333333,0.0,1538.0,0.0040183610863224,6,False,False,True,False,False,False,False,0
20.7,26.89,0.0,1501.0,0.0040573388242719,20.7,26.6,0.0,1533.0,0.0040132993985177,6,False,False,True,False,False,False,False,0
20.76,26.89,0.0,1497.66666666667,0.0040724599405228,20.7,26.65,0.0,1536.0,0.00402089196092,6,False,False,True,False,False,False,False,0
20.745,26.89,0.0,1494.0,0.0040686750083694,20.7,26.7,0.0,1529.33333333333,0.0040284847074963,6,False,False,True,False,False,False,False,0
20.79,26.89,0.0,1504.0,0.0040800391242057,20.76,26.7,0.0,1504.66666666667,0.0040434975940843,6,False,False,True,False,False,False,False,0
20.79,26.89,0.0,1505.5,0.0040800391242057,20.79,26.6,0.0,1498.5,0.0040357517150729,6,False,False,True,False,False,False,False,0
20.79,26.89,0.0,1497.66666666667,0.0040800391242057,20.79,26.6,0.0,1489.0,0.0040357517150729,6,False,False,True,False,False,False,False,0
20.79,26.89,0.0,1506.0,0.0040800391242057,20.79,26.6,0.0,1484.0,0.0040357517150729,7,False,False,True,False,False,False,False,0
20.79,26.89,0.0,1505.0,0.0040800391242057,20.79,26.65,0.0,1481.0,0.0040433870282541,7,False,False,True,False,False,False,False,0
20.79,26.89,0.0,1510.0,0.0040800391242057,20.79,26.6,0.0,1484.5,0.0040357517150729,7,False,False,True,False,False,False,False,0
20.79,26.89,0.0,1516.33333333333,0.0040800391242057,20.79,26.6,0.0,1486.0,0.0040357517150729,7,False,False,True,False,False,False,False,0
20.79,26.89,0.0,1515.0,0.0040800391242057,20.79,26.6,0.0,1480.33333333333,0.0040357517150729,7,False,False,True,False,False,False,False,0
20.79,26.89,0.0,1519.66666666667,0.0040800391242057,20.79,26.6,0.0,1475.0,0.0040357517150729,7,False,False,True,False,False,False,False,0
20.745,26.89,0.0,1520.0,0.0040686750083694,20.79,26.6333333333333,0.0,1466.66666666667,0.0040408419031666,7,False,False,True,False,False,False,False,0
20.745,26.89,0.0,1525.0,0.0040686750083694,20.79,26.65,0.0,1475.5,0.0040433870282541,7,False,False,True,False,False,False,False,0
20.7,26.89,0.0,1509.5,0.0040573388242719,20.79,26.65,0.0,1477.0,0.0040433870282541,7,False,False,True,False,False,False,False,0
20.745,26.89,0.0,1496.0,0.0040686750083694,20.79,26.6,0.0,1477.0,0.0040357517150729,7,False,False,True,False,False,False,False,0
20.73,27.0,0.0,1495.33333333333,0.0040816307185638,20.79,26.7,0.0,1473.0,0.0040510225276825,7,False,False,True,False,False,False,False,0
20.7675,27.0,0.0,1496.75,0.0040911303184379,20.79,26.7,0.0,1473.0,0.0040510225276825,7,False,False,True,False,False,False,False,0
20.7,27.0,0.0,1489.0,0.0040740450549847,20.79,26.7,0.0,1473.0,0.0040510225276825,7,False,False,True,False,False,False,False,0
20.79,27.0,0.0,1486.66666666667,0.0040968394358271,20.79,26.7,0.0,1480.0,0.0040510225276825,7,False,False,True,False,False,False,False,0
20.76,27.0,0.0,1494.33333333333,0.0040892288396223,20.79,26.7,0.0,1480.0,0.0040510225276825,7,False,False,True,False,False,False,False,0
20.79,27.0,0.0,1496.0,0.0040968394358271,20.79,26.7,0.0,1473.5,0.0040510225276825,7,False,False,True,False,False,False,False,0
20.79,27.0,0.0,1491.0,0.0040968394358271,20.79,26.7,0.0,1479.5,0.0040510225276825,7,False,False,True,False,False,False,False,0
20.79,27.0,0.0,1520.0,0.0040968394358271,20.79,26.7,0.0,1483.0,0.0040510225276825,7,False,False,True,False,False,False,False,0
20.79,27.0,0.0,1519.0,0.0040968394358271,20.79,26.745,0.0,1499.0,0.0040578946364152,7,False,False,True,False,False,False,False,0
20.745,27.0,0.0,1512.0,0.0040854282208045,20.79,26.79,0.0,1501.0,0.0040647668960185,7,False,False,True,False,False,False,False,0
20.76,27.0,0.0,1498.0,0.0040892288396223,20.79,26.79,0.0,1502.66666666667,0.0040647668960185,7,False,False,True,False,False,False,False,0
20.79,27.0,0.0,1483.0,0.0040968394358271,20.79,26.79,0.0,1507.0,0.0040647668960185,7,False,False,True,False,False,False,False,0
20.79,27.05,0.0,1486.0,0.0041044762391771,20.745,26.84,0.0,1513.0,0.0040610602081969,7,False,False,True,False,False,False,False,0
20.745,27.1,0.0,1471.0,0.0041006591919973,20.79,26.89,0.0,1508.0,0.0040800391242057,7,False,False,True,False,False,False,False,0
20.745,27.1,0.0,1456.0,0.0041006591919973,20.7,26.89,0.0,1501.0,0.0040573388242719,7,False,False,True,False,False,False,False,0
20.745,27.05,0.0,1446.0,0.0040930436137699,20.76,26.89,0.0,1497.66666666667,0.0040724599405228,7,False,False,True,False,False,False,False,0
20.79,27.1,0.0,1443.0,0.0041121132288289,20.745,26.89,0.0,1494.0,0.0040686750083694,7,False,False,True,False,False,False,False,0
20.7,27.1,0.0,1447.66666666667,0.0040892333111771,20.79,26.89,0.0,1504.0,0.0040800391242057,7,False,False,True,False,False,False,False,0
20.79,27.1,0.0,1451.0,0.0041121132288289,20.79,26.89,0.0,1505.5,0.0040800391242057,7,False,False,True,False,False,False,False,0
20.79,27.1,0.0,1452.0,0.0041121132288289,20.79,26.89,0.0,1497.66666666667,0.0040800391242057,7,False,False,True,False,False,False,False,0
20.76,27.1,0.0,1446.75,0.0041044740728723,20.79,26.89,0.0,1506.0,0.0040800391242057,7,False,False,True,False,False,False,False,0
20.79,27.1,0.0,1455.5,0.0041121132288289,20.79,26.89,0.0,1505.0,0.0040800391242057,7,False,False,True,False,False,False,False,0
20.745,27.1,0.0,1456.0,0.0041006591919973,20.79,26.89,0.0,1510.0,0.0040800391242057,7,False,False,True,False,False,False,False,0
20.7,27.1,0.0,1464.66666666667,0.0040892333111771,20.79,26.89,0.0,1516.33333333333,0.0040800391242057,7,False,False,True,False,False,False,False,0
20.79,27.1,0.0,1434.0,0.0041121132288289,20.79,26.89,0.0,1515.0,0.0040800391242057,7,False,False,True,False,False,False,False,0
20.79,27.1,0.0,1418.0,0.0041121132288289,20.79,26.89,0.0,1519.66666666667,0.0040800391242057,7,False,False,True,False,False,False,False,0
20.745,27.1,0.0,1417.0,0.0041006591919973,20.745,26.89,0.0,1520.0,0.0040686750083694,7,False,False,True,False,False,False,False,0
20.7,27.1,0.0,1422.0,0.0040892333111771,20.745,26.89,0.0,1525.0,0.0040686750083694,7,False,False,True,False,False,False,False,0
20.745,27.1,0.0,1420.0,0.0041006591919973,20.7,26.89,0.0,1509.5,0.0040573388242719,7,False,False,True,False,False,False,False,0
20.76,27.1333333333333,0.0,1426.33333333333,0.0041095559822771,20.745,26.89,0.0,1496.0,0.0040686750083694,7,False,False,True,False,False,False,False,0
20.7,27.2,0.0,1427.0,0.004104422304307,20.73,27.0,0.0,1495.33333333333,0.0040816307185638,7,False,False,True,False,False,False,False,0
20.7,27.15,0.0,1430.0,0.0040968277156215,20.7675,27.0,0.0,1496.75,0.0040911303184379,7,False,False,True,False,False,False,False,0
20.7,27.1,0.0,1414.5,0.0040892333111771,20.7,27.0,0.0,1489.0,0.0040740450549847,7,False,False,True,False,False,False,False,0
20.745,27.15,0.0,1414.0,0.0041082749554935,20.79,27.0,0.0,1486.66666666667,0.0040968394358271,7,False,False,True,False,False,False,False,0
20.7,27.2,0.0,1413.5,0.004104422304307,20.76,27.0,0.0,1494.33333333333,0.0040892288396223,7,False,False,True,False,False,False,False,0
20.7,27.2,0.0,1411.0,0.004104422304307,20.79,27.0,0.0,1496.0,0.0040968394358271,7,False,False,True,False,False,False,False,0
20.73,27.2,0.0,1412.33333333333,0.004112064900264,20.79,27.0,0.0,1491.0,0.0040968394358271,7,False,False,True,False,False,False,False,0
20.745,27.2,0.0,1412.5,0.0041158909042652,20.79,27.0,0.0,1520.0,0.0040968394358271,7,False,False,True,False,False,False,False,0
20.745,27.2,0.0,1410.5,0.0041158909042652,20.79,27.0,0.0,1519.0,0.0040968394358271,7,False,False,True,False,False,False,False,0
20.7,27.2,0.0,1412.0,0.004104422304307,20.745,27.0,0.0,1512.0,0.0040854282208045,7,False,False,True,False,False,False,False,0
20.7,27.15,0.0,1405.0,0.0040968277156215,20.76,27.0,0.0,1498.0,0.0040892288396223,7,False,False,True,False,False,False,False,0
20.7,27.2,0.0,1407.0,0.004104422304307,20.79,27.0,0.0,1483.0,0.0040968394358271,7,False,False,True,False,False,False,False,0
20.7,27.2,0.0,1420.33333333333,0.004104422304307,20.79,27.05,0.0,1486.0,0.0041044762391771,7,False,False,True,False,False,False,False,0
20.7,27.2,0.0,1437.0,0.004104422304307,20.745,27.1,0.0,1471.0,0.0041006591919973,7,False,False,True,False,False,False,False,0
20.745,27.2,0.0,1439.66666666667,0.0041158909042652,20.745,27.1,0.0,1456.0,0.0041006591919973,7,False,False,True,False,False,False,False,0
20.79,27.2,0.0,1443.0,0.0041273877670651,20.745,27.05,0.0,1446.0,0.0040930436137699,7,False,False,True,False,False,False,False,0
20.7,27.2,0.0,1437.0,0.004104422304307,20.79,27.1,0.0,1443.0,0.0041121132288289,7,False,False,True,False,False,False,False,0
20.7,27.2,0.0,1421.5,0.004104422304307,20.7,27.1,0.0,1447.66666666667,0.0040892333111771,7,False,False,True,False,False,False,False,0
20.7,27.2,0.0,1404.0,0.004104422304307,20.79,27.1,0.0,1451.0,0.0041121132288289,7,False,False,True,False,False,False,False,0
20.7,27.2,0.0,1404.5,0.004104422304307,20.79,27.1,0.0,1452.0,0.0041121132288289,7,False,False,True,False,False,False,False,0
20.7,27.1666666666667,0.0,1408.66666666667,0.0040993592247118,20.76,27.1,0.0,1446.75,0.0041044740728723,7,False,False,True,False,False,False,False,0
20.7,27.2,0.0,1400.0,0.004104422304307,20.79,27.1,0.0,1455.5,0.0041121132288289,8,False,False,True,False,False,False,False,0
20.7,27.2,0.0,1401.0,0.004104422304307,20.745,27.1,0.0,1456.0,0.0041006591919973,8,False,False,True,False,False,False,False,0
20.7,27.15,0.0,1404.0,0.0040968277156215,20.7,27.1,0.0,1464.66666666667,0.0040892333111771,8,False,False,True,False,False,False,False,0
20.7,27.2,0.0,1406.5,0.004104422304307,20.79,27.1,0.0,1434.0,0.0041121132288289,8,False,False,True,False,False,False,False,0
20.7,27.2,0.0,1406.0,0.004104422304307,20.79,27.1,0.0,1418.0,0.0041121132288289,8,False,False,True,False,False,False,False,0
20.7,27.15,0.0,1413.5,0.0040968277156215,20.745,27.1,0.0,1417.0,0.0041006591919973,8,False,False,True,False,False,False,False,0
20.7,27.15,0.0,1428.0,0.0040968277156215,20.7,27.1,0.0,1422.0,0.0040892333111771,8,False,False,True,False,False,False,False,0
20.7,27.2,0.0,1443.0,0.004104422304307,20.745,27.1,0.0,1420.0,0.0041006591919973,8,False,False,True,False,False,False,False,0
20.7,27.2,0.0,1451.5,0.004104422304307,20.76,27.1333333333333,0.0,1426.33333333333,0.0041095559822771,8,False,False,True,False,False,False,False,0
20.7,27.2,0.0,1434.5,0.004104422304307,20.7,27.2,0.0,1427.0,0.004104422304307,8,False,False,True,False,False,False,False,0
20.7,27.2,0.0,1429.5,0.004104422304307,20.7,27.15,0.0,1430.0,0.0040968277156215,8,False,False,True,False,False,False,False,0
20.7,27.2,0.0,1423.0,0.004104422304307,20.7,27.1,0.0,1414.5,0.0040892333111771,8,False,False,True,False,False,False,False,0
20.7,27.2,0.0,1432.33333333333,0.004104422304307,20.745,27.15,0.0,1414.0,0.0041082749554935,8,False,False,True,False,False,False,False,0
20.7,27.2,9.33333333333333,1427.66666666667,0.004104422304307,20.7,27.2,0.0,1413.5,0.004104422304307,8,False,False,True,False,False,False,False,0
20.7,27.2,14.0,1430.0,0.004104422304307,20.7,27.2,0.0,1411.0,0.004104422304307,8,False,False,True,False,False,False,False,0
20.7,27.2,14.0,1430.0,0.004104422304307,20.73,27.2,0.0,1412.33333333333,0.004112064900264,8,False,False,True,False,False,False,False,0
20.7,27.1333333333333,14.0,1433.0,0.0040942962270025,20.745,27.2,0.0,1412.5,0.0041158909042652,8,False,False,True,False,False,False,False,0
20.745,27.1,14.0,1432.25,0.0041006591919973,20.745,27.2,0.0,1410.5,0.0041158909042652,8,False,False,True,False,False,False,False,0
20.7,27.1,14.0,1434.0,0.0040892333111771,20.7,27.2,0.0,1412.0,0.004104422304307,8,False,False,True,False,False,False,False,0
20.79,27.1,14.0,1426.75,0.0041121132288289,20.7,27.15,0.0,1405.0,0.0040968277156215,8,False,False,True,False,False,False,False,0
20.79,27.1,14.0,1415.5,0.0041121132288289,20.7,27.2,0.0,1407.0,0.004104422304307,8,False,False,True,False,False,False,False,0
20.79,27.1,14.0,1405.0,0.0041121132288289,20.7,27.2,0.0,1420.33333333333,0.004104422304307,8,False,False,True,False,False,False,False,0
20.79,27.1,14.0,1404.0,0.0041121132288289,20.7,27.2,0.0,1437.0,0.004104422304307,8,False,False,True,False,False,False,False,0
20.79,27.1,14.0,1421.0,0.0041121132288289,20.745,27.2,0.0,1439.66666666667,0.0041158909042652,8,False,False,True,False,False,False,False,0
20.79,27.1,14.0,1437.75,0.0041121132288289,20.79,27.2,0.0,1443.0,0.0041273877670651,8,False,False,True,False,False,False,False,0
20.79,27.0,14.0,1482.0,0.0040968394358271,20.7,27.2,0.0,1437.0,0.004104422304307,8,False,False,True,False,False,False,False,0
20.79,27.025,14.0,1477.25,0.0041006578142148,20.7,27.2,0.0,1421.5,0.004104422304307,8,False,False,True,False,False,False,False,0
20.79,27.0,14.0,1477.66666666667,0.0040968394358271,20.7,27.2,0.0,1404.0,0.004104422304307,8,False,False,True,False,False,False,False,0
20.79,27.0,14.0,1475.25,0.0040968394358271,20.7,27.2,0.0,1404.5,0.004104422304307,8,False,False,True,False,False,False,False,0
20.79,27.0,14.0,1471.25,0.0040968394358271,20.7,27.1666666666667,0.0,1408.66666666667,0.0040993592247118,8,False,False,True,False,False,False,False,0
20.8233333333333,27.0333333333333,14.0,1468.0,0.0041104120841671,20.7,27.2,0.0,1400.0,0.004104422304307,8,False,False,True,False,False,False,False,0
20.84,27.025,14.0,1472.5,0.0041133818377219,20.7,27.2,0.0,1401.0,0.004104422304307,8,False,False,True,False,False,False,False,0
20.815,26.9725,14.0,1461.25,0.0040989844247537,20.7,27.15,0.0,1404.0,0.0040968277156215,8,False,False,True,False,False,False,False,0
20.84,27.0,14.0,1438.0,0.004109551533434,20.7,27.2,0.0,1406.5,0.004104422304307,8,False,False,True,False,False,False,False,0
20.8233333333333,27.0333333333333,14.0,1444.0,0.0041104120841671,20.7,27.2,0.0,1406.0,0.004104422304307,8,False,False,True,False,False,False,False,0
20.89,27.05,14.0,1433.25,0.0041299829891559,20.7,27.15,0.0,1413.5,0.0040968277156215,8,False,False,True,False,False,False,False,0
20.8566666666667,27.0666666666667,14.0,1430.0,0.0041240214946458,20.7,27.15,0.0,1428.0,0.0040968277156215,8,False,False,True,False,False,False,False,0
20.84,27.0225,14.0,1427.5,0.0041129988051842,20.7,27.2,0.0,1443.0,0.004104422304307,8,False,False,True,False,False,False,False,0
20.84,27.0,14.0,1416.25,0.004109551533434,20.7,27.2,0.0,1451.5,0.004104422304307,8,False,False,True,False,False,False,False,0
20.89,27.0333333333333,14.0,1422.0,0.0041274214436083,20.7,27.2,0.0,1434.5,0.004104422304307,8,False,False,True,False,False,False,False,0
20.89,27.0,14.0,1427.0,0.0041222984153894,20.7,27.2,0.0,1429.5,0.004104422304307,8,False,False,True,False,False,False,False,0
20.89,27.0,14.0,1402.0,0.0041222984153894,20.7,27.2,0.0,1423.0,0.004104422304307,8,False,False,True,False,False,False,False,0
20.865,26.9725,14.0,1404.0,0.0041117007679151,20.7,27.2,0.0,1432.33333333333,0.004104422304307,8,False,False,True,False,False,False,False,0
20.89,26.945,14.0,1406.5,0.0041138456021081,20.7,27.2,9.33333333333333,1427.66666666667,0.004104422304307,8,False,False,True,False,False,False,False,0
20.89,27.0,14.0,1410.0,0.0041222984153894,20.7,27.2,14.0,1430.0,0.004104422304307,8,False,False,True,False,False,False,False,0
20.8233333333333,26.9266666666667,14.0,1414.0,0.0040940866889002,20.7,27.2,14.0,1430.0,0.004104422304307,8,False,False,True,False,False,False,False,0
20.79,26.89,14.0,1412.5,0.0040800391242057,20.7,27.1333333333333,14.0,1433.0,0.0040942962270025,8,False,False,True,False,False,False,False,0
20.815,26.9175,14.0,1418.5,0.0040905711604111,20.745,27.1,14.0,1432.25,0.0041006591919973,8,False,False,True,False,False,False,False,0
20.84,26.945,10.5,1428.0,0.0041011250289613,20.7,27.1,14.0,1434.0,0.0040892333111771,8,False,False,True,False,False,False,False,0
20.79,26.89,7.0,1472.4,0.0040800391242057,20.79,27.1,14.0,1426.75,0.0041121132288289,8,False,False,True,False,False,False,False,0
20.8233333333333,26.9266666666667,9.33333333333333,1482.33333333333,0.0040940866889002,20.79,27.1,14.0,1415.5,0.0041121132288289,8,False,False,True,False,False,False,False,0
20.89,27.0,4.66666666666667,1492.0,0.0041222984153894,20.79,27.1,14.0,1405.0,0.0041121132288289,8,False,False,True,False,False,False,False,0
20.865,26.945,7.0,1469.0,0.0041074809714758,20.79,27.1,14.0,1404.0,0.0041121132288289,8,False,False,True,False,False,False,False,0
20.84,26.895,7.0,1463.5,0.0040934647671715,20.79,27.1,14.0,1421.0,0.0041121132288289,8,False,False,True,False,False,False,False,0
20.815,26.815,7.0,1471.75,0.0040748924983746,20.79,27.1,14.0,1437.75,0.0041121132288289,8,False,False,True,False,False,False,False,0
20.865,26.865,7.0,1500.25,0.0040952055234278,20.79,27.0,14.0,1482.0,0.0040968394358271,8,False,False,True,False,False,False,False,0
20.8233333333333,26.8933333333333,9.33333333333333,1514.0,0.0040889851774705,20.79,27.025,14.0,1477.25,0.0041006578142148,8,False,False,True,False,False,False,False,0
20.815,26.8925,13.5,1499.25,0.0040867470240924,20.79,27.0,14.0,1477.66666666667,0.0040968394358271,8,False,False,True,False,False,False,False,0
20.8566666666667,26.89,20.6666666666667,1485.66666666667,0.0040969263204422,20.79,27.0,14.0,1475.25,0.0040968394358271,8,False,False,True,False,False,False,False,0
20.865,26.865,17.0,1476.25,0.0040952055234278,20.79,27.0,14.0,1471.25,0.0040968394358271,9,False,False,True,False,False,False,False,0
20.865,26.865,12.0,1462.5,0.0040952055234278,20.8233333333333,27.0333333333333,14.0,1468.0,0.0041104120841671,9,False,False,True,False,False,False,False,0
20.84,26.84,7.0,1452.5,0.0040850386956983,20.84,27.025,14.0,1472.5,0.0041133818377219,9,False,False,True,False,False,False,False,0
20.815,26.815,7.0,1448.0,0.0040748924983746,20.815,26.9725,14.0,1461.25,0.0040989844247537,9,False,False,True,False,False,False,False,0
20.8233333333333,26.8233333333333,13.3333333333333,1448.66666666667,0.0040782722740705,20.84,27.0,14.0,1438.0,0.004109551533434,9,False,False,True,False,False,False,False,0
20.815,26.815,11.5,1443.25,0.0040748924983746,20.8233333333333,27.0333333333333,14.0,1444.0,0.0041104120841671,9,False,False,True,False,False,False,False,0
20.79,26.79,10.0,1450.5,0.0040647668960185,20.89,27.05,14.0,1433.25,0.0041299829891559,9,False,False,True,False,False,False,False,0
20.84,26.84,12.0,1446.5,0.0040850386956983,20.8566666666667,27.0666666666667,14.0,1430.0,0.0041240214946458,9,False,False,True,False,False,False,False,0
20.79,26.79,14.0,1444.66666666667,0.0040647668960185,20.84,27.0225,14.0,1427.5,0.0041129988051842,9,False,False,True,False,False,False,False,0
20.79,26.7675,10.0,1455.0,0.0040613307473577,20.84,27.0,14.0,1416.25,0.004109551533434,9,False,False,True,False,False,False,False,0
20.79,26.745,50.75,1463.75,0.0040578946364152,20.89,27.0333333333333,14.0,1422.0,0.0041274214436083,9,False,False,True,False,False,False,False,0
20.79,27.1225,296.0,1467.0,0.004115549934955,20.89,27.0,14.0,1427.0,0.0041222984153894,9,False,False,True,False,False,False,False,1
20.79,27.03,419.0,1488.0,0.0041014214954812,20.89,27.0,14.0,1402.0,0.0041222984153894,9,False,False,True,False,False,False,False,1
20.79,27.2966666666667,429.0,1486.0,0.0041421538624647,20.865,26.9725,14.0,1404.0,0.0041117007679151,9,False,False,True,False,False,False,False,1
20.815,27.4175,430.75,1511.75,0.0041670636982676,20.89,26.945,14.0,1406.5,0.0041138456021081,9,False,False,True,False,False,False,False,1
20.815,27.7175,429.75,1505.25,0.0042129681932869,20.89,27.0,14.0,1410.0,0.0041222984153894,9,False,False,True,False,False,False,False,1
20.865,27.745,423.5,1514.5,0.0042302619316022,20.8233333333333,26.9266666666667,14.0,1414.0,0.0040940866889002,9,False,False,True,False,False,False,False,1
20.89,27.745,423.5,1521.5,0.0042368181014067,20.79,26.89,14.0,1412.5,0.0040800391242057,9,False,False,True,False,False,False,False,1
20.89,28.0225,418.75,1632.0,0.0042794854718673,20.815,26.9175,14.0,1418.5,0.0040905711604111,9,False,False,True,False,False,False,False,1
21.0,28.1,409.0,1864.0,0.0043207320029367,20.84,26.945,10.5,1428.0,0.0041011250289613,9,False,False,True,False,False,False,False,1
